ISO-10303-21;
HEADER;
/* Generated by software containing ST-Developer
 * from STEP Tools, Inc. (www.steptools.com) 
 */

FILE_DESCRIPTION(
/* description */ (''),
/* implementation_level */ '2;1');

FILE_NAME(
/* name */ 'Banc_Optique_V2 v3.step',
/* time_stamp */ '2026-05-23T22:09:46+02:00',
/* author */ (''),
/* organization */ (''),
/* preprocessor_version */ 'ST-DEVELOPER v20.1',
/* originating_system */ 'Autodesk Translation Framework v15.8.0.0',
/* authorisation */ '');

FILE_SCHEMA (('AUTOMOTIVE_DESIGN { 1 0 10303 214 3 1 1 }'));
ENDSEC;

DATA;
#10=MECHANICAL_DESIGN_GEOMETRIC_PRESENTATION_REPRESENTATION('',(#76,#77,
#78,#79,#80,#81,#82,#83,#84,#85,#86),#9376);
#11=CONTEXT_DEPENDENT_OVER_RIDING_STYLED_ITEM('',(#9466),#9412,#86,(#24));
#12=MAPPED_ITEM('',#13,#5881);
#13=REPRESENTATION_MAP(#5881,#9411);
#14=ITEM_DEFINED_TRANSFORMATION($,$,#5464,#5871);
#15=ITEM_DEFINED_TRANSFORMATION($,$,#5548,#5872);
#16=ITEM_DEFINED_TRANSFORMATION($,$,#5593,#5873);
#17=ITEM_DEFINED_TRANSFORMATION($,$,#5609,#5874);
#18=ITEM_DEFINED_TRANSFORMATION($,$,#5756,#5875);
#19=ITEM_DEFINED_TRANSFORMATION($,$,#5821,#5876);
#20=ITEM_DEFINED_TRANSFORMATION($,$,#5854,#5877);
#21=ITEM_DEFINED_TRANSFORMATION($,$,#5864,#5878);
#22=ITEM_DEFINED_TRANSFORMATION($,$,#5866,#5879);
#23=ITEM_DEFINED_TRANSFORMATION($,$,#5866,#5880);
#24=(
REPRESENTATION_RELATIONSHIP($,$,#9412,#9411)
REPRESENTATION_RELATIONSHIP_WITH_TRANSFORMATION(#14)
SHAPE_REPRESENTATION_RELATIONSHIP()
);
#25=(
REPRESENTATION_RELATIONSHIP($,$,#9413,#9411)
REPRESENTATION_RELATIONSHIP_WITH_TRANSFORMATION(#15)
SHAPE_REPRESENTATION_RELATIONSHIP()
);
#26=(
REPRESENTATION_RELATIONSHIP($,$,#9414,#9411)
REPRESENTATION_RELATIONSHIP_WITH_TRANSFORMATION(#16)
SHAPE_REPRESENTATION_RELATIONSHIP()
);
#27=(
REPRESENTATION_RELATIONSHIP($,$,#9415,#9411)
REPRESENTATION_RELATIONSHIP_WITH_TRANSFORMATION(#17)
SHAPE_REPRESENTATION_RELATIONSHIP()
);
#28=(
REPRESENTATION_RELATIONSHIP($,$,#9416,#9411)
REPRESENTATION_RELATIONSHIP_WITH_TRANSFORMATION(#18)
SHAPE_REPRESENTATION_RELATIONSHIP()
);
#29=(
REPRESENTATION_RELATIONSHIP($,$,#9417,#9411)
REPRESENTATION_RELATIONSHIP_WITH_TRANSFORMATION(#19)
SHAPE_REPRESENTATION_RELATIONSHIP()
);
#30=(
REPRESENTATION_RELATIONSHIP($,$,#9418,#9411)
REPRESENTATION_RELATIONSHIP_WITH_TRANSFORMATION(#20)
SHAPE_REPRESENTATION_RELATIONSHIP()
);
#31=(
REPRESENTATION_RELATIONSHIP($,$,#9419,#9411)
REPRESENTATION_RELATIONSHIP_WITH_TRANSFORMATION(#21)
SHAPE_REPRESENTATION_RELATIONSHIP()
);
#32=(
REPRESENTATION_RELATIONSHIP($,$,#9420,#9411)
REPRESENTATION_RELATIONSHIP_WITH_TRANSFORMATION(#22)
SHAPE_REPRESENTATION_RELATIONSHIP()
);
#33=(
REPRESENTATION_RELATIONSHIP($,$,#9420,#9411)
REPRESENTATION_RELATIONSHIP_WITH_TRANSFORMATION(#23)
SHAPE_REPRESENTATION_RELATIONSHIP()
);
#34=CONTEXT_DEPENDENT_SHAPE_REPRESENTATION(#24,#9401);
#35=CONTEXT_DEPENDENT_SHAPE_REPRESENTATION(#25,#9402);
#36=CONTEXT_DEPENDENT_SHAPE_REPRESENTATION(#26,#9403);
#37=CONTEXT_DEPENDENT_SHAPE_REPRESENTATION(#27,#9404);
#38=CONTEXT_DEPENDENT_SHAPE_REPRESENTATION(#28,#9405);
#39=CONTEXT_DEPENDENT_SHAPE_REPRESENTATION(#29,#9406);
#40=CONTEXT_DEPENDENT_SHAPE_REPRESENTATION(#30,#9407);
#41=CONTEXT_DEPENDENT_SHAPE_REPRESENTATION(#31,#9408);
#42=CONTEXT_DEPENDENT_SHAPE_REPRESENTATION(#32,#9409);
#43=CONTEXT_DEPENDENT_SHAPE_REPRESENTATION(#33,#9410);
#44=NEXT_ASSEMBLY_USAGE_OCCURRENCE('support2laser v1:1',
'support2laser v1:1','support2laser v1:1',#9422,#9423,
'support2laser v1:1');
#45=NEXT_ASSEMBLY_USAGE_OCCURRENCE('Laser v1:1','Laser v1:1',
'Laser v1:1',#9422,#9424,'Laser v1:1');
#46=NEXT_ASSEMBLY_USAGE_OCCURRENCE('Moiroirs:1','Moiroirs:1',
'Moiroirs:1',#9422,#9425,'Moiroirs:1');
#47=NEXT_ASSEMBLY_USAGE_OCCURRENCE('Rail1 v2:1','Rail1 v2:1',
'Rail1 v2:1',#9422,#9426,'Rail1 v2:1');
#48=NEXT_ASSEMBLY_USAGE_OCCURRENCE('Support1:1','Support1:1',
'Support1:1',#9422,#9427,'Support1:1');
#49=NEXT_ASSEMBLY_USAGE_OCCURRENCE('Support3:1','Support3:1',
'Support3:1',#9422,#9428,'Support3:1');
#50=NEXT_ASSEMBLY_USAGE_OCCURRENCE('visprecise:1','visprecise:1',
'visprecise:1',#9422,#9429,'visprecise:1');
#51=NEXT_ASSEMBLY_USAGE_OCCURRENCE('Bille:1','Bille:1','Bille:1',#9422,
#9430,'Bille:1');
#52=NEXT_ASSEMBLY_USAGE_OCCURRENCE('ressort1:1','ressort1:1',
'ressort1:1',#9422,#9431,'ressort1:1');
#53=NEXT_ASSEMBLY_USAGE_OCCURRENCE('ressort1:2','ressort1:2',
'ressort1:2',#9422,#9431,'ressort1:2');
#54=B_SPLINE_CURVE_WITH_KNOTS('',3,(#9300,#9301,#9302,#9303,#9304,#9305,
#9306,#9307,#9308,#9309,#9310,#9311,#9312,#9313,#9314,#9315,#9316,#9317,
#9318,#9319,#9320,#9321,#9322,#9323,#9324,#9325,#9326,#9327,#9328,#9329,
#9330,#9331,#9332,#9333,#9334,#9335,#9336,#9337,#9338,#9339,#9340),
 .UNSPECIFIED.,.F.,.F.,(4,1,1,1,1,1,1,1,1,1,1,1,1,1,1,1,1,1,1,1,1,1,1,1,
1,1,1,1,1,1,1,1,1,1,1,1,1,1,4),(0.,0.496040945303652,0.992081890607303,
1.48812283591095,1.98416378121461,2.48020472651826,2.97624567182191,3.47228661712556,
3.96832756242921,4.46436850773286,4.96040945303652,5.45645039834017,5.95249134364382,
6.44853228894747,6.94457323425112,7.44061417955477,7.93665512485842,8.43269607016208,
8.92873701546573,9.42477796076938,9.92081890607303,10.4168598513767,10.9129007966803,
11.408941741984,11.9049826872876,12.4010236325913,12.8970645778949,13.3931055231986,
13.8891464685022,14.3851874138059,14.8812283591095,15.3772693044132,15.8733102497168,
16.3693511950205,16.8653921403242,17.3614330856278,17.8574740309315,18.3535149762351,
18.8495559215388),.UNSPECIFIED.);
#55=B_SPLINE_SURFACE_WITH_KNOTS('',3,3,((#8887,#8888,#8889,#8890,#8891,
#8892,#8893,#8894,#8895,#8896,#8897,#8898,#8899,#8900,#8901,#8902,#8903,
#8904,#8905,#8906,#8907,#8908,#8909,#8910,#8911,#8912,#8913,#8914,#8915,
#8916,#8917,#8918,#8919,#8920,#8921,#8922,#8923,#8924,#8925,#8926,#8927),
(#8928,#8929,#8930,#8931,#8932,#8933,#8934,#8935,#8936,#8937,#8938,#8939,
#8940,#8941,#8942,#8943,#8944,#8945,#8946,#8947,#8948,#8949,#8950,#8951,
#8952,#8953,#8954,#8955,#8956,#8957,#8958,#8959,#8960,#8961,#8962,#8963,
#8964,#8965,#8966,#8967,#8968),(#8969,#8970,#8971,#8972,#8973,#8974,#8975,
#8976,#8977,#8978,#8979,#8980,#8981,#8982,#8983,#8984,#8985,#8986,#8987,
#8988,#8989,#8990,#8991,#8992,#8993,#8994,#8995,#8996,#8997,#8998,#8999,
#9000,#9001,#9002,#9003,#9004,#9005,#9006,#9007,#9008,#9009),(#9010,#9011,
#9012,#9013,#9014,#9015,#9016,#9017,#9018,#9019,#9020,#9021,#9022,#9023,
#9024,#9025,#9026,#9027,#9028,#9029,#9030,#9031,#9032,#9033,#9034,#9035,
#9036,#9037,#9038,#9039,#9040,#9041,#9042,#9043,#9044,#9045,#9046,#9047,
#9048,#9049,#9050),(#9051,#9052,#9053,#9054,#9055,#9056,#9057,#9058,#9059,
#9060,#9061,#9062,#9063,#9064,#9065,#9066,#9067,#9068,#9069,#9070,#9071,
#9072,#9073,#9074,#9075,#9076,#9077,#9078,#9079,#9080,#9081,#9082,#9083,
#9084,#9085,#9086,#9087,#9088,#9089,#9090,#9091),(#9092,#9093,#9094,#9095,
#9096,#9097,#9098,#9099,#9100,#9101,#9102,#9103,#9104,#9105,#9106,#9107,
#9108,#9109,#9110,#9111,#9112,#9113,#9114,#9115,#9116,#9117,#9118,#9119,
#9120,#9121,#9122,#9123,#9124,#9125,#9126,#9127,#9128,#9129,#9130,#9131,
#9132),(#9133,#9134,#9135,#9136,#9137,#9138,#9139,#9140,#9141,#9142,#9143,
#9144,#9145,#9146,#9147,#9148,#9149,#9150,#9151,#9152,#9153,#9154,#9155,
#9156,#9157,#9158,#9159,#9160,#9161,#9162,#9163,#9164,#9165,#9166,#9167,
#9168,#9169,#9170,#9171,#9172,#9173),(#9174,#9175,#9176,#9177,#9178,#9179,
#9180,#9181,#9182,#9183,#9184,#9185,#9186,#9187,#9188,#9189,#9190,#9191,
#9192,#9193,#9194,#9195,#9196,#9197,#9198,#9199,#9200,#9201,#9202,#9203,
#9204,#9205,#9206,#9207,#9208,#9209,#9210,#9211,#9212,#9213,#9214),(#9215,
#9216,#9217,#9218,#9219,#9220,#9221,#9222,#9223,#9224,#9225,#9226,#9227,
#9228,#9229,#9230,#9231,#9232,#9233,#9234,#9235,#9236,#9237,#9238,#9239,
#9240,#9241,#9242,#9243,#9244,#9245,#9246,#9247,#9248,#9249,#9250,#9251,
#9252,#9253,#9254,#9255),(#9256,#9257,#9258,#9259,#9260,#9261,#9262,#9263,
#9264,#9265,#9266,#9267,#9268,#9269,#9270,#9271,#9272,#9273,#9274,#9275,
#9276,#9277,#9278,#9279,#9280,#9281,#9282,#9283,#9284,#9285,#9286,#9287,
#9288,#9289,#9290,#9291,#9292,#9293,#9294,#9295,#9296)),.UNSPECIFIED.,.T.,
 .F.,.F.,(4,1,1,1,1,1,1,4),(4,1,1,1,1,1,1,1,1,1,1,1,1,1,1,1,1,1,1,1,1,1,
1,1,1,1,1,1,1,1,1,1,1,1,1,1,1,1,4),(-3.14159265358979,-2.24399475256414,
-1.34639685153848,-0.448798950512828,0.448798950512828,1.34639685153848,
2.24399475256414,3.14159265358979),(0.,0.496040945303652,0.992081890607303,
1.48812283591095,1.98416378121461,2.48020472651826,2.97624567182191,3.47228661712556,
3.96832756242921,4.46436850773286,4.96040945303652,5.45645039834017,5.95249134364382,
6.44853228894747,6.94457323425112,7.44061417955477,7.93665512485842,8.43269607016208,
8.92873701546573,9.42477796076938,9.92081890607303,10.4168598513767,10.9129007966803,
11.408941741984,11.9049826872876,12.4010236325913,12.8970645778949,13.3931055231986,
13.8891464685022,14.3851874138059,14.8812283591095,15.3772693044132,15.8733102497168,
16.3693511950205,16.8653921403242,17.3614330856278,17.8574740309315,18.3535149762351,
18.8495559215388),.UNSPECIFIED.);
#56=(
BOUNDED_SURFACE()
B_SPLINE_SURFACE(2,2,((#8838,#8839,#8840,#8841,#8842,#8843,#8844,#8845,
#8846),(#8847,#8848,#8849,#8850,#8851,#8852,#8853,#8854,#8855),(#8856,#8857,
#8858,#8859,#8860,#8861,#8862,#8863,#8864),(#8865,#8866,#8867,#8868,#8869,
#8870,#8871,#8872,#8873),(#8874,#8875,#8876,#8877,#8878,#8879,#8880,#8881,
#8882)),.UNSPECIFIED.,.F.,.T.,.F.)
B_SPLINE_SURFACE_WITH_KNOTS((3,2,3),(3,2,2,2,3),(-1.55797529120733,0.,1.55797529120733),
(-3.14159265358979,-1.5707963267949,0.,1.5707963267949,3.14159265358979),
 .UNSPECIFIED.)
GEOMETRIC_REPRESENTATION_ITEM()
RATIONAL_B_SPLINE_SURFACE(((1.,0.707106781186548,1.,0.707106781186548,1.,
0.707106781186548,1.,0.707106781186548,1.),(0.711625141608669,0.503194963294327,
0.711625141608669,0.503194963294327,0.711625141608669,0.503194963294327,
0.711625141608669,0.503194963294327,0.711625141608669),(1.,0.707106781186548,
1.,0.707106781186548,1.,0.707106781186548,1.,0.707106781186548,1.),(0.711625141608669,
0.503194963294327,0.711625141608669,0.503194963294327,0.711625141608669,
0.503194963294327,0.711625141608669,0.503194963294327,0.711625141608669),
(1.,0.707106781186548,1.,0.707106781186548,1.,0.707106781186548,1.,0.707106781186548,
1.)))
REPRESENTATION_ITEM('')
SURFACE()
);
#57=CONICAL_SURFACE('',#5553,3.,0.785398163397448);
#58=SHAPE_REPRESENTATION_RELATIONSHIP('SRR','None',#9412,#67);
#59=SHAPE_REPRESENTATION_RELATIONSHIP('SRR','None',#9413,#68);
#60=SHAPE_REPRESENTATION_RELATIONSHIP('SRR','None',#9414,#69);
#61=SHAPE_REPRESENTATION_RELATIONSHIP('SRR','None',#9415,#70);
#62=SHAPE_REPRESENTATION_RELATIONSHIP('SRR','None',#9416,#71);
#63=SHAPE_REPRESENTATION_RELATIONSHIP('SRR','None',#9417,#72);
#64=SHAPE_REPRESENTATION_RELATIONSHIP('SRR','None',#9418,#73);
#65=SHAPE_REPRESENTATION_RELATIONSHIP('SRR','None',#9419,#74);
#66=SHAPE_REPRESENTATION_RELATIONSHIP('SRR','None',#9420,#75);
#67=ADVANCED_BREP_SHAPE_REPRESENTATION('',(#87),#9367);
#68=ADVANCED_BREP_SHAPE_REPRESENTATION('',(#88),#9368);
#69=ADVANCED_BREP_SHAPE_REPRESENTATION('',(#89,#90),#9369);
#70=ADVANCED_BREP_SHAPE_REPRESENTATION('',(#91),#9370);
#71=ADVANCED_BREP_SHAPE_REPRESENTATION('',(#92),#9371);
#72=ADVANCED_BREP_SHAPE_REPRESENTATION('',(#93),#9372);
#73=ADVANCED_BREP_SHAPE_REPRESENTATION('',(#94),#9373);
#74=ADVANCED_BREP_SHAPE_REPRESENTATION('',(#95),#9374);
#75=ADVANCED_BREP_SHAPE_REPRESENTATION('',(#96),#9375);
#76=STYLED_ITEM('',(#9466),#87);
#77=STYLED_ITEM('',(#9467),#88);
#78=STYLED_ITEM('',(#9468),#89);
#79=STYLED_ITEM('',(#9468),#90);
#80=STYLED_ITEM('',(#9465),#91);
#81=STYLED_ITEM('',(#9469),#92);
#82=STYLED_ITEM('',(#9470),#93);
#83=STYLED_ITEM('',(#9465),#94);
#84=STYLED_ITEM('',(#9465),#95);
#85=STYLED_ITEM('',(#9465),#96);
#86=STYLED_ITEM('',(#9471),#12);
#87=MANIFOLD_SOLID_BREP('Corps1',#5353);
#88=MANIFOLD_SOLID_BREP('Corps1',#5354);
#89=MANIFOLD_SOLID_BREP('Corps1',#5355);
#90=MANIFOLD_SOLID_BREP('Corps1',#5356);
#91=MANIFOLD_SOLID_BREP('Corps1',#5357);
#92=MANIFOLD_SOLID_BREP('Corps1',#5358);
#93=MANIFOLD_SOLID_BREP('Corps1',#5359);
#94=MANIFOLD_SOLID_BREP('Corps1',#5360);
#95=MANIFOLD_SOLID_BREP('Corps1',#5361);
#96=MANIFOLD_SOLID_BREP('Corps1',#5362);
#97=FACE_BOUND('',#647,.T.);
#98=FACE_BOUND('',#648,.T.);
#99=FACE_BOUND('',#653,.T.);
#100=FACE_BOUND('',#654,.T.);
#101=FACE_BOUND('',#660,.T.);
#102=FACE_BOUND('',#661,.T.);
#103=FACE_BOUND('',#665,.T.);
#104=FACE_BOUND('',#666,.T.);
#105=FACE_BOUND('',#675,.T.);
#106=FACE_BOUND('',#676,.T.);
#107=FACE_BOUND('',#678,.T.);
#108=FACE_BOUND('',#679,.T.);
#109=FACE_BOUND('',#693,.T.);
#110=FACE_BOUND('',#694,.T.);
#111=FACE_BOUND('',#695,.T.);
#112=FACE_BOUND('',#696,.T.);
#113=FACE_BOUND('',#702,.T.);
#114=FACE_BOUND('',#703,.T.);
#115=FACE_BOUND('',#704,.T.);
#116=FACE_BOUND('',#705,.T.);
#117=FACE_BOUND('',#706,.T.);
#118=FACE_BOUND('',#708,.T.);
#119=FACE_BOUND('',#742,.T.);
#120=FACE_BOUND('',#743,.T.);
#121=FACE_BOUND('',#744,.T.);
#122=FACE_BOUND('',#866,.T.);
#123=FACE_BOUND('',#867,.T.);
#124=FACE_BOUND('',#868,.T.);
#125=FACE_BOUND('',#873,.T.);
#126=FACE_BOUND('',#875,.T.);
#127=FACE_BOUND('',#881,.T.);
#128=FACE_BOUND('',#883,.T.);
#129=FACE_BOUND('',#889,.T.);
#130=FACE_BOUND('',#901,.T.);
#131=FACE_BOUND('',#904,.T.);
#132=FACE_BOUND('',#907,.T.);
#133=FACE_BOUND('',#908,.T.);
#134=FACE_BOUND('',#909,.T.);
#135=FACE_BOUND('',#921,.T.);
#136=FACE_BOUND('',#929,.T.);
#137=FACE_BOUND('',#931,.T.);
#138=FACE_BOUND('',#934,.T.);
#139=FACE_BOUND('',#936,.T.);
#140=FACE_BOUND('',#939,.T.);
#141=FACE_BOUND('',#940,.T.);
#142=FACE_BOUND('',#952,.T.);
#143=FACE_BOUND('',#954,.T.);
#144=PLANE('',#5480);
#145=PLANE('',#5481);
#146=PLANE('',#5489);
#147=PLANE('',#5492);
#148=PLANE('',#5495);
#149=PLANE('',#5500);
#150=PLANE('',#5501);
#151=PLANE('',#5502);
#152=PLANE('',#5503);
#153=PLANE('',#5504);
#154=PLANE('',#5505);
#155=PLANE('',#5506);
#156=PLANE('',#5507);
#157=PLANE('',#5508);
#158=PLANE('',#5515);
#159=PLANE('',#5516);
#160=PLANE('',#5517);
#161=PLANE('',#5522);
#162=PLANE('',#5535);
#163=PLANE('',#5538);
#164=PLANE('',#5541);
#165=PLANE('',#5544);
#166=PLANE('',#5547);
#167=PLANE('',#5552);
#168=PLANE('',#5558);
#169=PLANE('',#5567);
#170=PLANE('',#5570);
#171=PLANE('',#5573);
#172=PLANE('',#5576);
#173=PLANE('',#5579);
#174=PLANE('',#5580);
#175=PLANE('',#5583);
#176=PLANE('',#5586);
#177=PLANE('',#5589);
#178=PLANE('',#5592);
#179=PLANE('',#5594);
#180=PLANE('',#5595);
#181=PLANE('',#5596);
#182=PLANE('',#5597);
#183=PLANE('',#5598);
#184=PLANE('',#5599);
#185=PLANE('',#5600);
#186=PLANE('',#5601);
#187=PLANE('',#5602);
#188=PLANE('',#5603);
#189=PLANE('',#5604);
#190=PLANE('',#5605);
#191=PLANE('',#5606);
#192=PLANE('',#5607);
#193=PLANE('',#5608);
#194=PLANE('',#5610);
#195=PLANE('',#5623);
#196=PLANE('',#5626);
#197=PLANE('',#5627);
#198=PLANE('',#5628);
#199=PLANE('',#5631);
#200=PLANE('',#5632);
#201=PLANE('',#5633);
#202=PLANE('',#5636);
#203=PLANE('',#5637);
#204=PLANE('',#5638);
#205=PLANE('',#5641);
#206=PLANE('',#5642);
#207=PLANE('',#5643);
#208=PLANE('',#5644);
#209=PLANE('',#5645);
#210=PLANE('',#5646);
#211=PLANE('',#5647);
#212=PLANE('',#5648);
#213=PLANE('',#5649);
#214=PLANE('',#5650);
#215=PLANE('',#5651);
#216=PLANE('',#5652);
#217=PLANE('',#5653);
#218=PLANE('',#5654);
#219=PLANE('',#5655);
#220=PLANE('',#5656);
#221=PLANE('',#5657);
#222=PLANE('',#5658);
#223=PLANE('',#5659);
#224=PLANE('',#5660);
#225=PLANE('',#5661);
#226=PLANE('',#5662);
#227=PLANE('',#5663);
#228=PLANE('',#5664);
#229=PLANE('',#5665);
#230=PLANE('',#5666);
#231=PLANE('',#5667);
#232=PLANE('',#5668);
#233=PLANE('',#5669);
#234=PLANE('',#5670);
#235=PLANE('',#5673);
#236=PLANE('',#5674);
#237=PLANE('',#5675);
#238=PLANE('',#5676);
#239=PLANE('',#5677);
#240=PLANE('',#5678);
#241=PLANE('',#5679);
#242=PLANE('',#5680);
#243=PLANE('',#5681);
#244=PLANE('',#5682);
#245=PLANE('',#5683);
#246=PLANE('',#5684);
#247=PLANE('',#5685);
#248=PLANE('',#5688);
#249=PLANE('',#5689);
#250=PLANE('',#5692);
#251=PLANE('',#5693);
#252=PLANE('',#5694);
#253=PLANE('',#5697);
#254=PLANE('',#5698);
#255=PLANE('',#5699);
#256=PLANE('',#5702);
#257=PLANE('',#5703);
#258=PLANE('',#5704);
#259=PLANE('',#5707);
#260=PLANE('',#5708);
#261=PLANE('',#5709);
#262=PLANE('',#5710);
#263=PLANE('',#5711);
#264=PLANE('',#5712);
#265=PLANE('',#5713);
#266=PLANE('',#5714);
#267=PLANE('',#5715);
#268=PLANE('',#5716);
#269=PLANE('',#5717);
#270=PLANE('',#5718);
#271=PLANE('',#5719);
#272=PLANE('',#5720);
#273=PLANE('',#5721);
#274=PLANE('',#5722);
#275=PLANE('',#5723);
#276=PLANE('',#5724);
#277=PLANE('',#5725);
#278=PLANE('',#5726);
#279=PLANE('',#5727);
#280=PLANE('',#5728);
#281=PLANE('',#5729);
#282=PLANE('',#5730);
#283=PLANE('',#5731);
#284=PLANE('',#5732);
#285=PLANE('',#5733);
#286=PLANE('',#5734);
#287=PLANE('',#5735);
#288=PLANE('',#5736);
#289=PLANE('',#5739);
#290=PLANE('',#5740);
#291=PLANE('',#5741);
#292=PLANE('',#5742);
#293=PLANE('',#5743);
#294=PLANE('',#5744);
#295=PLANE('',#5745);
#296=PLANE('',#5746);
#297=PLANE('',#5747);
#298=PLANE('',#5748);
#299=PLANE('',#5749);
#300=PLANE('',#5750);
#301=PLANE('',#5751);
#302=PLANE('',#5754);
#303=PLANE('',#5755);
#304=PLANE('',#5757);
#305=PLANE('',#5758);
#306=PLANE('',#5759);
#307=PLANE('',#5760);
#308=PLANE('',#5761);
#309=PLANE('',#5764);
#310=PLANE('',#5769);
#311=PLANE('',#5770);
#312=PLANE('',#5771);
#313=PLANE('',#5774);
#314=PLANE('',#5779);
#315=PLANE('',#5780);
#316=PLANE('',#5784);
#317=PLANE('',#5788);
#318=PLANE('',#5792);
#319=PLANE('',#5793);
#320=PLANE('',#5799);
#321=PLANE('',#5802);
#322=PLANE('',#5806);
#323=PLANE('',#5809);
#324=PLANE('',#5810);
#325=PLANE('',#5811);
#326=PLANE('',#5812);
#327=PLANE('',#5813);
#328=PLANE('',#5814);
#329=PLANE('',#5815);
#330=PLANE('',#5816);
#331=PLANE('',#5817);
#332=PLANE('',#5818);
#333=PLANE('',#5819);
#334=PLANE('',#5820);
#335=PLANE('',#5822);
#336=PLANE('',#5823);
#337=PLANE('',#5824);
#338=PLANE('',#5834);
#339=PLANE('',#5836);
#340=PLANE('',#5839);
#341=PLANE('',#5840);
#342=PLANE('',#5841);
#343=PLANE('',#5842);
#344=PLANE('',#5843);
#345=PLANE('',#5844);
#346=PLANE('',#5845);
#347=PLANE('',#5846);
#348=PLANE('',#5847);
#349=PLANE('',#5848);
#350=PLANE('',#5849);
#351=PLANE('',#5850);
#352=PLANE('',#5851);
#353=PLANE('',#5852);
#354=PLANE('',#5853);
#355=PLANE('',#5855);
#356=PLANE('',#5860);
#357=PLANE('',#5861);
#358=PLANE('',#5869);
#359=PLANE('',#5870);
#360=FACE_OUTER_BOUND('',#638,.T.);
#361=FACE_OUTER_BOUND('',#639,.T.);
#362=FACE_OUTER_BOUND('',#640,.T.);
#363=FACE_OUTER_BOUND('',#641,.T.);
#364=FACE_OUTER_BOUND('',#642,.T.);
#365=FACE_OUTER_BOUND('',#643,.T.);
#366=FACE_OUTER_BOUND('',#644,.T.);
#367=FACE_OUTER_BOUND('',#645,.T.);
#368=FACE_OUTER_BOUND('',#646,.T.);
#369=FACE_OUTER_BOUND('',#649,.T.);
#370=FACE_OUTER_BOUND('',#650,.T.);
#371=FACE_OUTER_BOUND('',#651,.T.);
#372=FACE_OUTER_BOUND('',#652,.T.);
#373=FACE_OUTER_BOUND('',#655,.T.);
#374=FACE_OUTER_BOUND('',#656,.T.);
#375=FACE_OUTER_BOUND('',#657,.T.);
#376=FACE_OUTER_BOUND('',#658,.T.);
#377=FACE_OUTER_BOUND('',#659,.T.);
#378=FACE_OUTER_BOUND('',#662,.T.);
#379=FACE_OUTER_BOUND('',#663,.T.);
#380=FACE_OUTER_BOUND('',#664,.T.);
#381=FACE_OUTER_BOUND('',#667,.T.);
#382=FACE_OUTER_BOUND('',#668,.T.);
#383=FACE_OUTER_BOUND('',#669,.T.);
#384=FACE_OUTER_BOUND('',#670,.T.);
#385=FACE_OUTER_BOUND('',#671,.T.);
#386=FACE_OUTER_BOUND('',#672,.T.);
#387=FACE_OUTER_BOUND('',#673,.T.);
#388=FACE_OUTER_BOUND('',#674,.T.);
#389=FACE_OUTER_BOUND('',#677,.T.);
#390=FACE_OUTER_BOUND('',#680,.T.);
#391=FACE_OUTER_BOUND('',#681,.T.);
#392=FACE_OUTER_BOUND('',#682,.T.);
#393=FACE_OUTER_BOUND('',#683,.T.);
#394=FACE_OUTER_BOUND('',#684,.T.);
#395=FACE_OUTER_BOUND('',#685,.T.);
#396=FACE_OUTER_BOUND('',#686,.T.);
#397=FACE_OUTER_BOUND('',#687,.T.);
#398=FACE_OUTER_BOUND('',#688,.T.);
#399=FACE_OUTER_BOUND('',#689,.T.);
#400=FACE_OUTER_BOUND('',#690,.T.);
#401=FACE_OUTER_BOUND('',#691,.T.);
#402=FACE_OUTER_BOUND('',#692,.T.);
#403=FACE_OUTER_BOUND('',#697,.T.);
#404=FACE_OUTER_BOUND('',#698,.T.);
#405=FACE_OUTER_BOUND('',#699,.T.);
#406=FACE_OUTER_BOUND('',#700,.T.);
#407=FACE_OUTER_BOUND('',#701,.T.);
#408=FACE_OUTER_BOUND('',#707,.T.);
#409=FACE_OUTER_BOUND('',#709,.T.);
#410=FACE_OUTER_BOUND('',#710,.T.);
#411=FACE_OUTER_BOUND('',#711,.T.);
#412=FACE_OUTER_BOUND('',#712,.T.);
#413=FACE_OUTER_BOUND('',#713,.T.);
#414=FACE_OUTER_BOUND('',#714,.T.);
#415=FACE_OUTER_BOUND('',#715,.T.);
#416=FACE_OUTER_BOUND('',#716,.T.);
#417=FACE_OUTER_BOUND('',#717,.T.);
#418=FACE_OUTER_BOUND('',#718,.T.);
#419=FACE_OUTER_BOUND('',#719,.T.);
#420=FACE_OUTER_BOUND('',#720,.T.);
#421=FACE_OUTER_BOUND('',#721,.T.);
#422=FACE_OUTER_BOUND('',#722,.T.);
#423=FACE_OUTER_BOUND('',#723,.T.);
#424=FACE_OUTER_BOUND('',#724,.T.);
#425=FACE_OUTER_BOUND('',#725,.T.);
#426=FACE_OUTER_BOUND('',#726,.T.);
#427=FACE_OUTER_BOUND('',#727,.T.);
#428=FACE_OUTER_BOUND('',#728,.T.);
#429=FACE_OUTER_BOUND('',#729,.T.);
#430=FACE_OUTER_BOUND('',#730,.T.);
#431=FACE_OUTER_BOUND('',#731,.T.);
#432=FACE_OUTER_BOUND('',#732,.T.);
#433=FACE_OUTER_BOUND('',#733,.T.);
#434=FACE_OUTER_BOUND('',#734,.T.);
#435=FACE_OUTER_BOUND('',#735,.T.);
#436=FACE_OUTER_BOUND('',#736,.T.);
#437=FACE_OUTER_BOUND('',#737,.T.);
#438=FACE_OUTER_BOUND('',#738,.T.);
#439=FACE_OUTER_BOUND('',#739,.T.);
#440=FACE_OUTER_BOUND('',#740,.T.);
#441=FACE_OUTER_BOUND('',#741,.T.);
#442=FACE_OUTER_BOUND('',#745,.T.);
#443=FACE_OUTER_BOUND('',#746,.T.);
#444=FACE_OUTER_BOUND('',#747,.T.);
#445=FACE_OUTER_BOUND('',#748,.T.);
#446=FACE_OUTER_BOUND('',#749,.T.);
#447=FACE_OUTER_BOUND('',#750,.T.);
#448=FACE_OUTER_BOUND('',#751,.T.);
#449=FACE_OUTER_BOUND('',#752,.T.);
#450=FACE_OUTER_BOUND('',#753,.T.);
#451=FACE_OUTER_BOUND('',#754,.T.);
#452=FACE_OUTER_BOUND('',#755,.T.);
#453=FACE_OUTER_BOUND('',#756,.T.);
#454=FACE_OUTER_BOUND('',#757,.T.);
#455=FACE_OUTER_BOUND('',#758,.T.);
#456=FACE_OUTER_BOUND('',#759,.T.);
#457=FACE_OUTER_BOUND('',#760,.T.);
#458=FACE_OUTER_BOUND('',#761,.T.);
#459=FACE_OUTER_BOUND('',#762,.T.);
#460=FACE_OUTER_BOUND('',#763,.T.);
#461=FACE_OUTER_BOUND('',#764,.T.);
#462=FACE_OUTER_BOUND('',#765,.T.);
#463=FACE_OUTER_BOUND('',#766,.T.);
#464=FACE_OUTER_BOUND('',#767,.T.);
#465=FACE_OUTER_BOUND('',#768,.T.);
#466=FACE_OUTER_BOUND('',#769,.T.);
#467=FACE_OUTER_BOUND('',#770,.T.);
#468=FACE_OUTER_BOUND('',#771,.T.);
#469=FACE_OUTER_BOUND('',#772,.T.);
#470=FACE_OUTER_BOUND('',#773,.T.);
#471=FACE_OUTER_BOUND('',#774,.T.);
#472=FACE_OUTER_BOUND('',#775,.T.);
#473=FACE_OUTER_BOUND('',#776,.T.);
#474=FACE_OUTER_BOUND('',#777,.T.);
#475=FACE_OUTER_BOUND('',#778,.T.);
#476=FACE_OUTER_BOUND('',#779,.T.);
#477=FACE_OUTER_BOUND('',#780,.T.);
#478=FACE_OUTER_BOUND('',#781,.T.);
#479=FACE_OUTER_BOUND('',#782,.T.);
#480=FACE_OUTER_BOUND('',#783,.T.);
#481=FACE_OUTER_BOUND('',#784,.T.);
#482=FACE_OUTER_BOUND('',#785,.T.);
#483=FACE_OUTER_BOUND('',#786,.T.);
#484=FACE_OUTER_BOUND('',#787,.T.);
#485=FACE_OUTER_BOUND('',#788,.T.);
#486=FACE_OUTER_BOUND('',#789,.T.);
#487=FACE_OUTER_BOUND('',#790,.T.);
#488=FACE_OUTER_BOUND('',#791,.T.);
#489=FACE_OUTER_BOUND('',#792,.T.);
#490=FACE_OUTER_BOUND('',#793,.T.);
#491=FACE_OUTER_BOUND('',#794,.T.);
#492=FACE_OUTER_BOUND('',#795,.T.);
#493=FACE_OUTER_BOUND('',#796,.T.);
#494=FACE_OUTER_BOUND('',#797,.T.);
#495=FACE_OUTER_BOUND('',#798,.T.);
#496=FACE_OUTER_BOUND('',#799,.T.);
#497=FACE_OUTER_BOUND('',#800,.T.);
#498=FACE_OUTER_BOUND('',#801,.T.);
#499=FACE_OUTER_BOUND('',#802,.T.);
#500=FACE_OUTER_BOUND('',#803,.T.);
#501=FACE_OUTER_BOUND('',#804,.T.);
#502=FACE_OUTER_BOUND('',#805,.T.);
#503=FACE_OUTER_BOUND('',#806,.T.);
#504=FACE_OUTER_BOUND('',#807,.T.);
#505=FACE_OUTER_BOUND('',#808,.T.);
#506=FACE_OUTER_BOUND('',#809,.T.);
#507=FACE_OUTER_BOUND('',#810,.T.);
#508=FACE_OUTER_BOUND('',#811,.T.);
#509=FACE_OUTER_BOUND('',#812,.T.);
#510=FACE_OUTER_BOUND('',#813,.T.);
#511=FACE_OUTER_BOUND('',#814,.T.);
#512=FACE_OUTER_BOUND('',#815,.T.);
#513=FACE_OUTER_BOUND('',#816,.T.);
#514=FACE_OUTER_BOUND('',#817,.T.);
#515=FACE_OUTER_BOUND('',#818,.T.);
#516=FACE_OUTER_BOUND('',#819,.T.);
#517=FACE_OUTER_BOUND('',#820,.T.);
#518=FACE_OUTER_BOUND('',#821,.T.);
#519=FACE_OUTER_BOUND('',#822,.T.);
#520=FACE_OUTER_BOUND('',#823,.T.);
#521=FACE_OUTER_BOUND('',#824,.T.);
#522=FACE_OUTER_BOUND('',#825,.T.);
#523=FACE_OUTER_BOUND('',#826,.T.);
#524=FACE_OUTER_BOUND('',#827,.T.);
#525=FACE_OUTER_BOUND('',#828,.T.);
#526=FACE_OUTER_BOUND('',#829,.T.);
#527=FACE_OUTER_BOUND('',#830,.T.);
#528=FACE_OUTER_BOUND('',#831,.T.);
#529=FACE_OUTER_BOUND('',#832,.T.);
#530=FACE_OUTER_BOUND('',#833,.T.);
#531=FACE_OUTER_BOUND('',#834,.T.);
#532=FACE_OUTER_BOUND('',#835,.T.);
#533=FACE_OUTER_BOUND('',#836,.T.);
#534=FACE_OUTER_BOUND('',#837,.T.);
#535=FACE_OUTER_BOUND('',#838,.T.);
#536=FACE_OUTER_BOUND('',#839,.T.);
#537=FACE_OUTER_BOUND('',#840,.T.);
#538=FACE_OUTER_BOUND('',#841,.T.);
#539=FACE_OUTER_BOUND('',#842,.T.);
#540=FACE_OUTER_BOUND('',#843,.T.);
#541=FACE_OUTER_BOUND('',#844,.T.);
#542=FACE_OUTER_BOUND('',#845,.T.);
#543=FACE_OUTER_BOUND('',#846,.T.);
#544=FACE_OUTER_BOUND('',#847,.T.);
#545=FACE_OUTER_BOUND('',#848,.T.);
#546=FACE_OUTER_BOUND('',#849,.T.);
#547=FACE_OUTER_BOUND('',#850,.T.);
#548=FACE_OUTER_BOUND('',#851,.T.);
#549=FACE_OUTER_BOUND('',#852,.T.);
#550=FACE_OUTER_BOUND('',#853,.T.);
#551=FACE_OUTER_BOUND('',#854,.T.);
#552=FACE_OUTER_BOUND('',#855,.T.);
#553=FACE_OUTER_BOUND('',#856,.T.);
#554=FACE_OUTER_BOUND('',#857,.T.);
#555=FACE_OUTER_BOUND('',#858,.T.);
#556=FACE_OUTER_BOUND('',#859,.T.);
#557=FACE_OUTER_BOUND('',#860,.T.);
#558=FACE_OUTER_BOUND('',#861,.T.);
#559=FACE_OUTER_BOUND('',#862,.T.);
#560=FACE_OUTER_BOUND('',#863,.T.);
#561=FACE_OUTER_BOUND('',#864,.T.);
#562=FACE_OUTER_BOUND('',#865,.T.);
#563=FACE_OUTER_BOUND('',#869,.T.);
#564=FACE_OUTER_BOUND('',#870,.T.);
#565=FACE_OUTER_BOUND('',#871,.T.);
#566=FACE_OUTER_BOUND('',#872,.T.);
#567=FACE_OUTER_BOUND('',#874,.T.);
#568=FACE_OUTER_BOUND('',#876,.T.);
#569=FACE_OUTER_BOUND('',#877,.T.);
#570=FACE_OUTER_BOUND('',#878,.T.);
#571=FACE_OUTER_BOUND('',#879,.T.);
#572=FACE_OUTER_BOUND('',#880,.T.);
#573=FACE_OUTER_BOUND('',#882,.T.);
#574=FACE_OUTER_BOUND('',#884,.T.);
#575=FACE_OUTER_BOUND('',#885,.T.);
#576=FACE_OUTER_BOUND('',#886,.T.);
#577=FACE_OUTER_BOUND('',#887,.T.);
#578=FACE_OUTER_BOUND('',#888,.T.);
#579=FACE_OUTER_BOUND('',#890,.T.);
#580=FACE_OUTER_BOUND('',#891,.T.);
#581=FACE_OUTER_BOUND('',#892,.T.);
#582=FACE_OUTER_BOUND('',#893,.T.);
#583=FACE_OUTER_BOUND('',#894,.T.);
#584=FACE_OUTER_BOUND('',#895,.T.);
#585=FACE_OUTER_BOUND('',#896,.T.);
#586=FACE_OUTER_BOUND('',#897,.T.);
#587=FACE_OUTER_BOUND('',#898,.T.);
#588=FACE_OUTER_BOUND('',#899,.T.);
#589=FACE_OUTER_BOUND('',#900,.T.);
#590=FACE_OUTER_BOUND('',#902,.T.);
#591=FACE_OUTER_BOUND('',#903,.T.);
#592=FACE_OUTER_BOUND('',#905,.T.);
#593=FACE_OUTER_BOUND('',#906,.T.);
#594=FACE_OUTER_BOUND('',#910,.T.);
#595=FACE_OUTER_BOUND('',#911,.T.);
#596=FACE_OUTER_BOUND('',#912,.T.);
#597=FACE_OUTER_BOUND('',#913,.T.);
#598=FACE_OUTER_BOUND('',#914,.T.);
#599=FACE_OUTER_BOUND('',#915,.T.);
#600=FACE_OUTER_BOUND('',#916,.T.);
#601=FACE_OUTER_BOUND('',#917,.T.);
#602=FACE_OUTER_BOUND('',#918,.T.);
#603=FACE_OUTER_BOUND('',#919,.T.);
#604=FACE_OUTER_BOUND('',#920,.T.);
#605=FACE_OUTER_BOUND('',#922,.T.);
#606=FACE_OUTER_BOUND('',#923,.T.);
#607=FACE_OUTER_BOUND('',#924,.T.);
#608=FACE_OUTER_BOUND('',#925,.T.);
#609=FACE_OUTER_BOUND('',#926,.T.);
#610=FACE_OUTER_BOUND('',#927,.T.);
#611=FACE_OUTER_BOUND('',#928,.T.);
#612=FACE_OUTER_BOUND('',#930,.T.);
#613=FACE_OUTER_BOUND('',#932,.T.);
#614=FACE_OUTER_BOUND('',#933,.T.);
#615=FACE_OUTER_BOUND('',#935,.T.);
#616=FACE_OUTER_BOUND('',#937,.T.);
#617=FACE_OUTER_BOUND('',#938,.T.);
#618=FACE_OUTER_BOUND('',#941,.T.);
#619=FACE_OUTER_BOUND('',#942,.T.);
#620=FACE_OUTER_BOUND('',#943,.T.);
#621=FACE_OUTER_BOUND('',#944,.T.);
#622=FACE_OUTER_BOUND('',#945,.T.);
#623=FACE_OUTER_BOUND('',#946,.T.);
#624=FACE_OUTER_BOUND('',#947,.T.);
#625=FACE_OUTER_BOUND('',#948,.T.);
#626=FACE_OUTER_BOUND('',#949,.T.);
#627=FACE_OUTER_BOUND('',#950,.T.);
#628=FACE_OUTER_BOUND('',#951,.T.);
#629=FACE_OUTER_BOUND('',#953,.T.);
#630=FACE_OUTER_BOUND('',#955,.T.);
#631=FACE_OUTER_BOUND('',#956,.T.);
#632=FACE_OUTER_BOUND('',#957,.T.);
#633=FACE_OUTER_BOUND('',#958,.T.);
#634=FACE_OUTER_BOUND('',#959,.T.);
#635=FACE_OUTER_BOUND('',#960,.T.);
#636=FACE_OUTER_BOUND('',#961,.T.);
#637=FACE_OUTER_BOUND('',#962,.T.);
#638=EDGE_LOOP('',(#3542,#3543,#3544,#3545));
#639=EDGE_LOOP('',(#3546,#3547,#3548,#3549));
#640=EDGE_LOOP('',(#3550,#3551,#3552,#3553));
#641=EDGE_LOOP('',(#3554,#3555,#3556,#3557));
#642=EDGE_LOOP('',(#3558,#3559,#3560,#3561));
#643=EDGE_LOOP('',(#3562,#3563,#3564,#3565));
#644=EDGE_LOOP('',(#3566,#3567,#3568,#3569,#3570,#3571,#3572,#3573,#3574,
#3575,#3576,#3577,#3578,#3579,#3580,#3581,#3582,#3583,#3584,#3585,#3586,
#3587));
#645=EDGE_LOOP('',(#3588,#3589,#3590,#3591));
#646=EDGE_LOOP('',(#3592,#3593,#3594,#3595));
#647=EDGE_LOOP('',(#3596));
#648=EDGE_LOOP('',(#3597));
#649=EDGE_LOOP('',(#3598,#3599,#3600,#3601));
#650=EDGE_LOOP('',(#3602,#3603,#3604,#3605));
#651=EDGE_LOOP('',(#3606,#3607,#3608,#3609));
#652=EDGE_LOOP('',(#3610,#3611,#3612,#3613));
#653=EDGE_LOOP('',(#3614));
#654=EDGE_LOOP('',(#3615));
#655=EDGE_LOOP('',(#3616,#3617,#3618,#3619));
#656=EDGE_LOOP('',(#3620,#3621,#3622,#3623));
#657=EDGE_LOOP('',(#3624,#3625,#3626,#3627));
#658=EDGE_LOOP('',(#3628,#3629,#3630,#3631));
#659=EDGE_LOOP('',(#3632,#3633,#3634,#3635));
#660=EDGE_LOOP('',(#3636));
#661=EDGE_LOOP('',(#3637));
#662=EDGE_LOOP('',(#3638,#3639,#3640,#3641));
#663=EDGE_LOOP('',(#3642,#3643,#3644,#3645));
#664=EDGE_LOOP('',(#3646,#3647,#3648,#3649));
#665=EDGE_LOOP('',(#3650));
#666=EDGE_LOOP('',(#3651));
#667=EDGE_LOOP('',(#3652,#3653,#3654,#3655));
#668=EDGE_LOOP('',(#3656,#3657,#3658,#3659));
#669=EDGE_LOOP('',(#3660,#3661,#3662,#3663));
#670=EDGE_LOOP('',(#3664,#3665,#3666,#3667));
#671=EDGE_LOOP('',(#3668,#3669,#3670,#3671));
#672=EDGE_LOOP('',(#3672,#3673,#3674,#3675,#3676,#3677,#3678,#3679,#3680,
#3681,#3682,#3683,#3684,#3685,#3686,#3687,#3688,#3689,#3690,#3691,#3692,
#3693));
#673=EDGE_LOOP('',(#3694,#3695,#3696,#3697,#3698,#3699));
#674=EDGE_LOOP('',(#3700,#3701,#3702,#3703,#3704,#3705));
#675=EDGE_LOOP('',(#3706));
#676=EDGE_LOOP('',(#3707));
#677=EDGE_LOOP('',(#3708,#3709,#3710,#3711,#3712,#3713));
#678=EDGE_LOOP('',(#3714));
#679=EDGE_LOOP('',(#3715));
#680=EDGE_LOOP('',(#3716,#3717,#3718,#3719));
#681=EDGE_LOOP('',(#3720,#3721,#3722,#3723));
#682=EDGE_LOOP('',(#3724,#3725,#3726,#3727));
#683=EDGE_LOOP('',(#3728,#3729,#3730,#3731));
#684=EDGE_LOOP('',(#3732,#3733,#3734,#3735));
#685=EDGE_LOOP('',(#3736,#3737,#3738,#3739));
#686=EDGE_LOOP('',(#3740,#3741,#3742,#3743,#3744,#3745,#3746,#3747));
#687=EDGE_LOOP('',(#3748,#3749,#3750,#3751));
#688=EDGE_LOOP('',(#3752,#3753,#3754,#3755));
#689=EDGE_LOOP('',(#3756,#3757,#3758,#3759));
#690=EDGE_LOOP('',(#3760,#3761,#3762,#3763,#3764,#3765,#3766,#3767,#3768,
#3769));
#691=EDGE_LOOP('',(#3770,#3771,#3772,#3773));
#692=EDGE_LOOP('',(#3774,#3775,#3776,#3777,#3778,#3779,#3780,#3781));
#693=EDGE_LOOP('',(#3782));
#694=EDGE_LOOP('',(#3783));
#695=EDGE_LOOP('',(#3784));
#696=EDGE_LOOP('',(#3785));
#697=EDGE_LOOP('',(#3786,#3787,#3788,#3789));
#698=EDGE_LOOP('',(#3790));
#699=EDGE_LOOP('',(#3791,#3792,#3793,#3794));
#700=EDGE_LOOP('',(#3795,#3796,#3797,#3798));
#701=EDGE_LOOP('',(#3799,#3800,#3801,#3802,#3803,#3804,#3805,#3806));
#702=EDGE_LOOP('',(#3807));
#703=EDGE_LOOP('',(#3808));
#704=EDGE_LOOP('',(#3809));
#705=EDGE_LOOP('',(#3810));
#706=EDGE_LOOP('',(#3811));
#707=EDGE_LOOP('',(#3812));
#708=EDGE_LOOP('',(#3813));
#709=EDGE_LOOP('',(#3814,#3815,#3816,#3817));
#710=EDGE_LOOP('',(#3818));
#711=EDGE_LOOP('',(#3819,#3820,#3821,#3822));
#712=EDGE_LOOP('',(#3823));
#713=EDGE_LOOP('',(#3824,#3825,#3826,#3827));
#714=EDGE_LOOP('',(#3828));
#715=EDGE_LOOP('',(#3829,#3830,#3831,#3832));
#716=EDGE_LOOP('',(#3833));
#717=EDGE_LOOP('',(#3834,#3835,#3836,#3837));
#718=EDGE_LOOP('',(#3838,#3839,#3840,#3841));
#719=EDGE_LOOP('',(#3842,#3843,#3844,#3845));
#720=EDGE_LOOP('',(#3846,#3847,#3848,#3849));
#721=EDGE_LOOP('',(#3850,#3851,#3852,#3853));
#722=EDGE_LOOP('',(#3854,#3855,#3856,#3857));
#723=EDGE_LOOP('',(#3858,#3859,#3860,#3861));
#724=EDGE_LOOP('',(#3862,#3863,#3864,#3865));
#725=EDGE_LOOP('',(#3866,#3867,#3868,#3869,#3870,#3871,#3872,#3873));
#726=EDGE_LOOP('',(#3874,#3875,#3876));
#727=EDGE_LOOP('',(#3877,#3878,#3879,#3880));
#728=EDGE_LOOP('',(#3881,#3882,#3883));
#729=EDGE_LOOP('',(#3884,#3885,#3886,#3887,#3888,#3889,#3890,#3891));
#730=EDGE_LOOP('',(#3892,#3893,#3894,#3895));
#731=EDGE_LOOP('',(#3896,#3897,#3898,#3899,#3900,#3901,#3902,#3903));
#732=EDGE_LOOP('',(#3904,#3905,#3906,#3907));
#733=EDGE_LOOP('',(#3908,#3909,#3910,#3911));
#734=EDGE_LOOP('',(#3912,#3913,#3914,#3915));
#735=EDGE_LOOP('',(#3916,#3917,#3918,#3919));
#736=EDGE_LOOP('',(#3920,#3921,#3922,#3923));
#737=EDGE_LOOP('',(#3924,#3925,#3926,#3927));
#738=EDGE_LOOP('',(#3928,#3929,#3930,#3931));
#739=EDGE_LOOP('',(#3932,#3933,#3934,#3935));
#740=EDGE_LOOP('',(#3936,#3937,#3938,#3939));
#741=EDGE_LOOP('',(#3940,#3941,#3942,#3943,#3944,#3945,#3946,#3947,#3948,
#3949,#3950,#3951,#3952,#3953,#3954,#3955,#3956,#3957,#3958,#3959,#3960,
#3961,#3962,#3963,#3964,#3965,#3966,#3967,#3968,#3969,#3970,#3971,#3972,
#3973,#3974,#3975,#3976,#3977,#3978,#3979,#3980,#3981,#3982,#3983,#3984,
#3985,#3986,#3987,#3988,#3989,#3990,#3991,#3992,#3993,#3994,#3995,#3996,
#3997,#3998,#3999,#4000,#4001,#4002,#4003,#4004,#4005,#4006,#4007,#4008,
#4009,#4010,#4011,#4012,#4013,#4014,#4015,#4016,#4017,#4018,#4019));
#742=EDGE_LOOP('',(#4020,#4021,#4022,#4023,#4024,#4025,#4026,#4027));
#743=EDGE_LOOP('',(#4028,#4029,#4030,#4031,#4032,#4033,#4034,#4035,#4036,
#4037,#4038,#4039,#4040,#4041,#4042,#4043));
#744=EDGE_LOOP('',(#4044,#4045,#4046,#4047,#4048,#4049,#4050,#4051,#4052,
#4053,#4054,#4055,#4056,#4057,#4058,#4059));
#745=EDGE_LOOP('',(#4060,#4061,#4062,#4063));
#746=EDGE_LOOP('',(#4064,#4065,#4066,#4067));
#747=EDGE_LOOP('',(#4068,#4069,#4070,#4071));
#748=EDGE_LOOP('',(#4072,#4073,#4074,#4075));
#749=EDGE_LOOP('',(#4076,#4077,#4078,#4079));
#750=EDGE_LOOP('',(#4080,#4081,#4082,#4083));
#751=EDGE_LOOP('',(#4084,#4085,#4086,#4087));
#752=EDGE_LOOP('',(#4088,#4089,#4090,#4091));
#753=EDGE_LOOP('',(#4092,#4093,#4094,#4095));
#754=EDGE_LOOP('',(#4096,#4097,#4098,#4099));
#755=EDGE_LOOP('',(#4100,#4101,#4102,#4103));
#756=EDGE_LOOP('',(#4104,#4105,#4106,#4107));
#757=EDGE_LOOP('',(#4108,#4109,#4110,#4111));
#758=EDGE_LOOP('',(#4112,#4113,#4114,#4115));
#759=EDGE_LOOP('',(#4116,#4117,#4118,#4119));
#760=EDGE_LOOP('',(#4120,#4121,#4122,#4123));
#761=EDGE_LOOP('',(#4124,#4125,#4126,#4127));
#762=EDGE_LOOP('',(#4128,#4129,#4130,#4131));
#763=EDGE_LOOP('',(#4132,#4133,#4134,#4135));
#764=EDGE_LOOP('',(#4136,#4137,#4138,#4139));
#765=EDGE_LOOP('',(#4140,#4141,#4142,#4143));
#766=EDGE_LOOP('',(#4144,#4145,#4146,#4147));
#767=EDGE_LOOP('',(#4148,#4149,#4150,#4151));
#768=EDGE_LOOP('',(#4152,#4153,#4154,#4155));
#769=EDGE_LOOP('',(#4156,#4157,#4158,#4159));
#770=EDGE_LOOP('',(#4160,#4161,#4162,#4163));
#771=EDGE_LOOP('',(#4164,#4165,#4166,#4167));
#772=EDGE_LOOP('',(#4168,#4169,#4170,#4171));
#773=EDGE_LOOP('',(#4172,#4173,#4174,#4175));
#774=EDGE_LOOP('',(#4176,#4177,#4178,#4179));
#775=EDGE_LOOP('',(#4180,#4181,#4182,#4183));
#776=EDGE_LOOP('',(#4184,#4185,#4186,#4187));
#777=EDGE_LOOP('',(#4188,#4189,#4190,#4191));
#778=EDGE_LOOP('',(#4192,#4193,#4194,#4195));
#779=EDGE_LOOP('',(#4196,#4197,#4198,#4199));
#780=EDGE_LOOP('',(#4200,#4201,#4202,#4203));
#781=EDGE_LOOP('',(#4204,#4205,#4206,#4207));
#782=EDGE_LOOP('',(#4208,#4209,#4210,#4211));
#783=EDGE_LOOP('',(#4212,#4213,#4214,#4215));
#784=EDGE_LOOP('',(#4216,#4217,#4218,#4219));
#785=EDGE_LOOP('',(#4220,#4221,#4222,#4223));
#786=EDGE_LOOP('',(#4224,#4225,#4226,#4227));
#787=EDGE_LOOP('',(#4228,#4229,#4230,#4231));
#788=EDGE_LOOP('',(#4232,#4233,#4234,#4235));
#789=EDGE_LOOP('',(#4236,#4237,#4238,#4239));
#790=EDGE_LOOP('',(#4240,#4241,#4242,#4243));
#791=EDGE_LOOP('',(#4244,#4245,#4246,#4247));
#792=EDGE_LOOP('',(#4248,#4249,#4250,#4251));
#793=EDGE_LOOP('',(#4252,#4253,#4254,#4255));
#794=EDGE_LOOP('',(#4256,#4257,#4258,#4259));
#795=EDGE_LOOP('',(#4260,#4261,#4262,#4263));
#796=EDGE_LOOP('',(#4264,#4265,#4266,#4267));
#797=EDGE_LOOP('',(#4268,#4269,#4270,#4271));
#798=EDGE_LOOP('',(#4272,#4273,#4274,#4275));
#799=EDGE_LOOP('',(#4276,#4277,#4278,#4279));
#800=EDGE_LOOP('',(#4280,#4281,#4282,#4283));
#801=EDGE_LOOP('',(#4284,#4285,#4286,#4287));
#802=EDGE_LOOP('',(#4288,#4289,#4290,#4291));
#803=EDGE_LOOP('',(#4292,#4293,#4294,#4295));
#804=EDGE_LOOP('',(#4296,#4297,#4298,#4299));
#805=EDGE_LOOP('',(#4300,#4301,#4302,#4303));
#806=EDGE_LOOP('',(#4304,#4305,#4306,#4307));
#807=EDGE_LOOP('',(#4308,#4309,#4310,#4311));
#808=EDGE_LOOP('',(#4312,#4313,#4314,#4315));
#809=EDGE_LOOP('',(#4316,#4317,#4318,#4319));
#810=EDGE_LOOP('',(#4320,#4321,#4322,#4323));
#811=EDGE_LOOP('',(#4324,#4325,#4326,#4327));
#812=EDGE_LOOP('',(#4328,#4329,#4330,#4331));
#813=EDGE_LOOP('',(#4332,#4333,#4334,#4335));
#814=EDGE_LOOP('',(#4336,#4337,#4338,#4339));
#815=EDGE_LOOP('',(#4340,#4341,#4342,#4343));
#816=EDGE_LOOP('',(#4344,#4345,#4346,#4347));
#817=EDGE_LOOP('',(#4348,#4349,#4350,#4351));
#818=EDGE_LOOP('',(#4352,#4353,#4354,#4355));
#819=EDGE_LOOP('',(#4356,#4357,#4358,#4359));
#820=EDGE_LOOP('',(#4360,#4361,#4362,#4363));
#821=EDGE_LOOP('',(#4364,#4365,#4366,#4367));
#822=EDGE_LOOP('',(#4368,#4369,#4370,#4371));
#823=EDGE_LOOP('',(#4372,#4373,#4374,#4375));
#824=EDGE_LOOP('',(#4376,#4377,#4378,#4379));
#825=EDGE_LOOP('',(#4380,#4381,#4382,#4383));
#826=EDGE_LOOP('',(#4384,#4385,#4386,#4387));
#827=EDGE_LOOP('',(#4388,#4389,#4390,#4391));
#828=EDGE_LOOP('',(#4392,#4393,#4394,#4395));
#829=EDGE_LOOP('',(#4396,#4397,#4398,#4399));
#830=EDGE_LOOP('',(#4400,#4401,#4402,#4403));
#831=EDGE_LOOP('',(#4404,#4405,#4406,#4407));
#832=EDGE_LOOP('',(#4408,#4409,#4410,#4411));
#833=EDGE_LOOP('',(#4412,#4413,#4414,#4415));
#834=EDGE_LOOP('',(#4416,#4417,#4418,#4419));
#835=EDGE_LOOP('',(#4420,#4421,#4422,#4423));
#836=EDGE_LOOP('',(#4424,#4425,#4426,#4427));
#837=EDGE_LOOP('',(#4428,#4429,#4430,#4431));
#838=EDGE_LOOP('',(#4432,#4433,#4434,#4435));
#839=EDGE_LOOP('',(#4436,#4437,#4438,#4439));
#840=EDGE_LOOP('',(#4440,#4441,#4442,#4443));
#841=EDGE_LOOP('',(#4444,#4445,#4446,#4447));
#842=EDGE_LOOP('',(#4448,#4449,#4450,#4451));
#843=EDGE_LOOP('',(#4452,#4453,#4454,#4455));
#844=EDGE_LOOP('',(#4456,#4457,#4458,#4459));
#845=EDGE_LOOP('',(#4460,#4461,#4462,#4463));
#846=EDGE_LOOP('',(#4464,#4465,#4466,#4467));
#847=EDGE_LOOP('',(#4468,#4469,#4470,#4471));
#848=EDGE_LOOP('',(#4472,#4473,#4474,#4475));
#849=EDGE_LOOP('',(#4476,#4477,#4478,#4479));
#850=EDGE_LOOP('',(#4480,#4481,#4482,#4483));
#851=EDGE_LOOP('',(#4484,#4485,#4486,#4487));
#852=EDGE_LOOP('',(#4488,#4489,#4490,#4491));
#853=EDGE_LOOP('',(#4492,#4493,#4494,#4495));
#854=EDGE_LOOP('',(#4496,#4497,#4498,#4499));
#855=EDGE_LOOP('',(#4500,#4501,#4502,#4503));
#856=EDGE_LOOP('',(#4504,#4505,#4506,#4507));
#857=EDGE_LOOP('',(#4508,#4509,#4510,#4511));
#858=EDGE_LOOP('',(#4512,#4513,#4514,#4515));
#859=EDGE_LOOP('',(#4516,#4517,#4518,#4519));
#860=EDGE_LOOP('',(#4520,#4521,#4522,#4523));
#861=EDGE_LOOP('',(#4524,#4525,#4526,#4527));
#862=EDGE_LOOP('',(#4528,#4529,#4530,#4531));
#863=EDGE_LOOP('',(#4532,#4533,#4534,#4535));
#864=EDGE_LOOP('',(#4536,#4537,#4538,#4539));
#865=EDGE_LOOP('',(#4540,#4541,#4542,#4543,#4544,#4545,#4546,#4547,#4548,
#4549,#4550,#4551,#4552,#4553,#4554,#4555,#4556,#4557,#4558,#4559,#4560,
#4561,#4562,#4563,#4564,#4565,#4566,#4567,#4568,#4569,#4570,#4571,#4572,
#4573,#4574,#4575,#4576,#4577,#4578,#4579,#4580,#4581,#4582,#4583,#4584,
#4585,#4586,#4587,#4588,#4589,#4590,#4591,#4592,#4593,#4594,#4595,#4596,
#4597,#4598,#4599,#4600,#4601,#4602,#4603,#4604,#4605,#4606,#4607,#4608,
#4609,#4610,#4611,#4612,#4613,#4614,#4615,#4616,#4617,#4618,#4619));
#866=EDGE_LOOP('',(#4620,#4621,#4622,#4623,#4624,#4625,#4626,#4627));
#867=EDGE_LOOP('',(#4628,#4629,#4630,#4631,#4632,#4633,#4634,#4635,#4636,
#4637,#4638,#4639,#4640,#4641,#4642,#4643));
#868=EDGE_LOOP('',(#4644,#4645,#4646,#4647,#4648,#4649,#4650,#4651,#4652,
#4653,#4654,#4655,#4656,#4657,#4658,#4659));
#869=EDGE_LOOP('',(#4660,#4661,#4662,#4663));
#870=EDGE_LOOP('',(#4664,#4665,#4666,#4667));
#871=EDGE_LOOP('',(#4668,#4669,#4670,#4671));
#872=EDGE_LOOP('',(#4672,#4673,#4674,#4675));
#873=EDGE_LOOP('',(#4676,#4677,#4678,#4679));
#874=EDGE_LOOP('',(#4680,#4681,#4682,#4683));
#875=EDGE_LOOP('',(#4684));
#876=EDGE_LOOP('',(#4685,#4686,#4687,#4688));
#877=EDGE_LOOP('',(#4689,#4690,#4691,#4692));
#878=EDGE_LOOP('',(#4693,#4694,#4695,#4696));
#879=EDGE_LOOP('',(#4697,#4698,#4699,#4700));
#880=EDGE_LOOP('',(#4701,#4702,#4703,#4704));
#881=EDGE_LOOP('',(#4705));
#882=EDGE_LOOP('',(#4706,#4707,#4708,#4709));
#883=EDGE_LOOP('',(#4710));
#884=EDGE_LOOP('',(#4711,#4712,#4713,#4714));
#885=EDGE_LOOP('',(#4715,#4716,#4717,#4718));
#886=EDGE_LOOP('',(#4719,#4720,#4721,#4722));
#887=EDGE_LOOP('',(#4723,#4724,#4725,#4726));
#888=EDGE_LOOP('',(#4727,#4728,#4729,#4730));
#889=EDGE_LOOP('',(#4731));
#890=EDGE_LOOP('',(#4732,#4733,#4734,#4735));
#891=EDGE_LOOP('',(#4736,#4737,#4738,#4739));
#892=EDGE_LOOP('',(#4740,#4741,#4742,#4743));
#893=EDGE_LOOP('',(#4744,#4745,#4746,#4747));
#894=EDGE_LOOP('',(#4748,#4749,#4750,#4751));
#895=EDGE_LOOP('',(#4752,#4753,#4754,#4755));
#896=EDGE_LOOP('',(#4756,#4757,#4758,#4759,#4760,#4761,#4762,#4763,#4764,
#4765,#4766,#4767,#4768,#4769,#4770,#4771,#4772,#4773));
#897=EDGE_LOOP('',(#4774,#4775,#4776,#4777));
#898=EDGE_LOOP('',(#4778,#4779,#4780,#4781));
#899=EDGE_LOOP('',(#4782,#4783,#4784,#4785));
#900=EDGE_LOOP('',(#4786,#4787,#4788,#4789));
#901=EDGE_LOOP('',(#4790));
#902=EDGE_LOOP('',(#4791,#4792,#4793,#4794));
#903=EDGE_LOOP('',(#4795,#4796,#4797,#4798));
#904=EDGE_LOOP('',(#4799,#4800,#4801,#4802));
#905=EDGE_LOOP('',(#4803,#4804,#4805,#4806));
#906=EDGE_LOOP('',(#4807,#4808,#4809,#4810));
#907=EDGE_LOOP('',(#4811,#4812,#4813,#4814));
#908=EDGE_LOOP('',(#4815,#4816,#4817,#4818));
#909=EDGE_LOOP('',(#4819));
#910=EDGE_LOOP('',(#4820,#4821,#4822,#4823));
#911=EDGE_LOOP('',(#4824,#4825,#4826,#4827));
#912=EDGE_LOOP('',(#4828,#4829,#4830,#4831));
#913=EDGE_LOOP('',(#4832,#4833,#4834,#4835,#4836,#4837,#4838,#4839,#4840,
#4841,#4842,#4843,#4844,#4845,#4846,#4847,#4848,#4849));
#914=EDGE_LOOP('',(#4850,#4851,#4852,#4853));
#915=EDGE_LOOP('',(#4854,#4855,#4856,#4857));
#916=EDGE_LOOP('',(#4858,#4859,#4860,#4861));
#917=EDGE_LOOP('',(#4862,#4863,#4864,#4865));
#918=EDGE_LOOP('',(#4866,#4867,#4868,#4869));
#919=EDGE_LOOP('',(#4870,#4871,#4872,#4873));
#920=EDGE_LOOP('',(#4874,#4875,#4876,#4877));
#921=EDGE_LOOP('',(#4878,#4879,#4880,#4881));
#922=EDGE_LOOP('',(#4882,#4883,#4884,#4885));
#923=EDGE_LOOP('',(#4886,#4887,#4888,#4889));
#924=EDGE_LOOP('',(#4890,#4891,#4892,#4893,#4894));
#925=EDGE_LOOP('',(#4895,#4896,#4897,#4898));
#926=EDGE_LOOP('',(#4899,#4900,#4901,#4902));
#927=EDGE_LOOP('',(#4903,#4904,#4905,#4906));
#928=EDGE_LOOP('',(#4907,#4908,#4909,#4910));
#929=EDGE_LOOP('',(#4911));
#930=EDGE_LOOP('',(#4912,#4913,#4914,#4915));
#931=EDGE_LOOP('',(#4916));
#932=EDGE_LOOP('',(#4917,#4918,#4919,#4920));
#933=EDGE_LOOP('',(#4921,#4922,#4923,#4924));
#934=EDGE_LOOP('',(#4925));
#935=EDGE_LOOP('',(#4926,#4927,#4928,#4929));
#936=EDGE_LOOP('',(#4930));
#937=EDGE_LOOP('',(#4931,#4932,#4933,#4934));
#938=EDGE_LOOP('',(#4935,#4936,#4937,#4938));
#939=EDGE_LOOP('',(#4939,#4940,#4941,#4942));
#940=EDGE_LOOP('',(#4943,#4944,#4945,#4946));
#941=EDGE_LOOP('',(#4947,#4948,#4949,#4950));
#942=EDGE_LOOP('',(#4951,#4952,#4953,#4954));
#943=EDGE_LOOP('',(#4955,#4956,#4957,#4958));
#944=EDGE_LOOP('',(#4959,#4960,#4961,#4962));
#945=EDGE_LOOP('',(#4963,#4964,#4965,#4966));
#946=EDGE_LOOP('',(#4967,#4968,#4969,#4970));
#947=EDGE_LOOP('',(#4971,#4972,#4973,#4974,#4975));
#948=EDGE_LOOP('',(#4976,#4977,#4978,#4979));
#949=EDGE_LOOP('',(#4980,#4981,#4982,#4983));
#950=EDGE_LOOP('',(#4984,#4985,#4986,#4987));
#951=EDGE_LOOP('',(#4988,#4989,#4990,#4991));
#952=EDGE_LOOP('',(#4992,#4993,#4994,#4995));
#953=EDGE_LOOP('',(#4996));
#954=EDGE_LOOP('',(#4997));
#955=EDGE_LOOP('',(#4998,#4999,#5000,#5001));
#956=EDGE_LOOP('',(#5002));
#957=EDGE_LOOP('',(#5003));
#958=EDGE_LOOP('',(#5004,#5005,#5006,#5007));
#959=EDGE_LOOP('',(#5008,#5009));
#960=EDGE_LOOP('',(#5010,#5011,#5012,#5013));
#961=EDGE_LOOP('',(#5014));
#962=EDGE_LOOP('',(#5015));
#963=LINE('',#7340,#1577);
#964=LINE('',#7346,#1578);
#965=LINE('',#7352,#1579);
#966=LINE('',#7358,#1580);
#967=LINE('',#7365,#1581);
#968=LINE('',#7368,#1582);
#969=LINE('',#7371,#1583);
#970=LINE('',#7373,#1584);
#971=LINE('',#7374,#1585);
#972=LINE('',#7377,#1586);
#973=LINE('',#7381,#1587);
#974=LINE('',#7385,#1588);
#975=LINE('',#7387,#1589);
#976=LINE('',#7389,#1590);
#977=LINE('',#7393,#1591);
#978=LINE('',#7397,#1592);
#979=LINE('',#7401,#1593);
#980=LINE('',#7403,#1594);
#981=LINE('',#7405,#1595);
#982=LINE('',#7407,#1596);
#983=LINE('',#7409,#1597);
#984=LINE('',#7411,#1598);
#985=LINE('',#7413,#1599);
#986=LINE('',#7414,#1600);
#987=LINE('',#7419,#1601);
#988=LINE('',#7420,#1602);
#989=LINE('',#7423,#1603);
#990=LINE('',#7424,#1604);
#991=LINE('',#7427,#1605);
#992=LINE('',#7430,#1606);
#993=LINE('',#7433,#1607);
#994=LINE('',#7434,#1608);
#995=LINE('',#7437,#1609);
#996=LINE('',#7440,#1610);
#997=LINE('',#7444,#1611);
#998=LINE('',#7449,#1612);
#999=LINE('',#7450,#1613);
#1000=LINE('',#7452,#1614);
#1001=LINE('',#7455,#1615);
#1002=LINE('',#7457,#1616);
#1003=LINE('',#7458,#1617);
#1004=LINE('',#7460,#1618);
#1005=LINE('',#7463,#1619);
#1006=LINE('',#7464,#1620);
#1007=LINE('',#7467,#1621);
#1008=LINE('',#7469,#1622);
#1009=LINE('',#7470,#1623);
#1010=LINE('',#7473,#1624);
#1011=LINE('',#7474,#1625);
#1012=LINE('',#7477,#1626);
#1013=LINE('',#7478,#1627);
#1014=LINE('',#7480,#1628);
#1015=LINE('',#7482,#1629);
#1016=LINE('',#7487,#1630);
#1017=LINE('',#7494,#1631);
#1018=LINE('',#7497,#1632);
#1019=LINE('',#7499,#1633);
#1020=LINE('',#7500,#1634);
#1021=LINE('',#7503,#1635);
#1022=LINE('',#7504,#1636);
#1023=LINE('',#7507,#1637);
#1024=LINE('',#7511,#1638);
#1025=LINE('',#7514,#1639);
#1026=LINE('',#7521,#1640);
#1027=LINE('',#7525,#1641);
#1028=LINE('',#7528,#1642);
#1029=LINE('',#7535,#1643);
#1030=LINE('',#7539,#1644);
#1031=LINE('',#7543,#1645);
#1032=LINE('',#7547,#1646);
#1033=LINE('',#7552,#1647);
#1034=LINE('',#7553,#1648);
#1035=LINE('',#7554,#1649);
#1036=LINE('',#7558,#1650);
#1037=LINE('',#7561,#1651);
#1038=LINE('',#7562,#1652);
#1039=LINE('',#7566,#1653);
#1040=LINE('',#7569,#1654);
#1041=LINE('',#7570,#1655);
#1042=LINE('',#7574,#1656);
#1043=LINE('',#7577,#1657);
#1044=LINE('',#7578,#1658);
#1045=LINE('',#7587,#1659);
#1046=LINE('',#7594,#1660);
#1047=LINE('',#7598,#1661);
#1048=LINE('',#7605,#1662);
#1049=LINE('',#7609,#1663);
#1050=LINE('',#7613,#1664);
#1051=LINE('',#7616,#1665);
#1052=LINE('',#7628,#1666);
#1053=LINE('',#7633,#1667);
#1054=LINE('',#7638,#1668);
#1055=LINE('',#7643,#1669);
#1056=LINE('',#7648,#1670);
#1057=LINE('',#7650,#1671);
#1058=LINE('',#7651,#1672);
#1059=LINE('',#7655,#1673);
#1060=LINE('',#7658,#1674);
#1061=LINE('',#7659,#1675);
#1062=LINE('',#7663,#1676);
#1063=LINE('',#7666,#1677);
#1064=LINE('',#7667,#1678);
#1065=LINE('',#7671,#1679);
#1066=LINE('',#7674,#1680);
#1067=LINE('',#7675,#1681);
#1068=LINE('',#7683,#1682);
#1069=LINE('',#7685,#1683);
#1070=LINE('',#7686,#1684);
#1071=LINE('',#7689,#1685);
#1072=LINE('',#7691,#1686);
#1073=LINE('',#7692,#1687);
#1074=LINE('',#7695,#1688);
#1075=LINE('',#7696,#1689);
#1076=LINE('',#7699,#1690);
#1077=LINE('',#7701,#1691);
#1078=LINE('',#7703,#1692);
#1079=LINE('',#7705,#1693);
#1080=LINE('',#7706,#1694);
#1081=LINE('',#7709,#1695);
#1082=LINE('',#7711,#1696);
#1083=LINE('',#7712,#1697);
#1084=LINE('',#7715,#1698);
#1085=LINE('',#7716,#1699);
#1086=LINE('',#7719,#1700);
#1087=LINE('',#7720,#1701);
#1088=LINE('',#7722,#1702);
#1089=LINE('',#7727,#1703);
#1090=LINE('',#7729,#1704);
#1091=LINE('',#7731,#1705);
#1092=LINE('',#7732,#1706);
#1093=LINE('',#7736,#1707);
#1094=LINE('',#7737,#1708);
#1095=LINE('',#7738,#1709);
#1096=LINE('',#7741,#1710);
#1097=LINE('',#7742,#1711);
#1098=LINE('',#7745,#1712);
#1099=LINE('',#7746,#1713);
#1100=LINE('',#7748,#1714);
#1101=LINE('',#7754,#1715);
#1102=LINE('',#7758,#1716);
#1103=LINE('',#7760,#1717);
#1104=LINE('',#7762,#1718);
#1105=LINE('',#7764,#1719);
#1106=LINE('',#7766,#1720);
#1107=LINE('',#7768,#1721);
#1108=LINE('',#7770,#1722);
#1109=LINE('',#7772,#1723);
#1110=LINE('',#7774,#1724);
#1111=LINE('',#7776,#1725);
#1112=LINE('',#7778,#1726);
#1113=LINE('',#7780,#1727);
#1114=LINE('',#7782,#1728);
#1115=LINE('',#7786,#1729);
#1116=LINE('',#7788,#1730);
#1117=LINE('',#7790,#1731);
#1118=LINE('',#7792,#1732);
#1119=LINE('',#7794,#1733);
#1120=LINE('',#7796,#1734);
#1121=LINE('',#7798,#1735);
#1122=LINE('',#7800,#1736);
#1123=LINE('',#7802,#1737);
#1124=LINE('',#7804,#1738);
#1125=LINE('',#7806,#1739);
#1126=LINE('',#7808,#1740);
#1127=LINE('',#7810,#1741);
#1128=LINE('',#7812,#1742);
#1129=LINE('',#7814,#1743);
#1130=LINE('',#7816,#1744);
#1131=LINE('',#7818,#1745);
#1132=LINE('',#7820,#1746);
#1133=LINE('',#7822,#1747);
#1134=LINE('',#7824,#1748);
#1135=LINE('',#7826,#1749);
#1136=LINE('',#7828,#1750);
#1137=LINE('',#7830,#1751);
#1138=LINE('',#7832,#1752);
#1139=LINE('',#7834,#1753);
#1140=LINE('',#7838,#1754);
#1141=LINE('',#7840,#1755);
#1142=LINE('',#7842,#1756);
#1143=LINE('',#7844,#1757);
#1144=LINE('',#7846,#1758);
#1145=LINE('',#7848,#1759);
#1146=LINE('',#7850,#1760);
#1147=LINE('',#7852,#1761);
#1148=LINE('',#7854,#1762);
#1149=LINE('',#7856,#1763);
#1150=LINE('',#7858,#1764);
#1151=LINE('',#7860,#1765);
#1152=LINE('',#7862,#1766);
#1153=LINE('',#7866,#1767);
#1154=LINE('',#7868,#1768);
#1155=LINE('',#7870,#1769);
#1156=LINE('',#7872,#1770);
#1157=LINE('',#7874,#1771);
#1158=LINE('',#7876,#1772);
#1159=LINE('',#7878,#1773);
#1160=LINE('',#7880,#1774);
#1161=LINE('',#7882,#1775);
#1162=LINE('',#7884,#1776);
#1163=LINE('',#7886,#1777);
#1164=LINE('',#7888,#1778);
#1165=LINE('',#7890,#1779);
#1166=LINE('',#7892,#1780);
#1167=LINE('',#7894,#1781);
#1168=LINE('',#7896,#1782);
#1169=LINE('',#7898,#1783);
#1170=LINE('',#7900,#1784);
#1171=LINE('',#7902,#1785);
#1172=LINE('',#7904,#1786);
#1173=LINE('',#7906,#1787);
#1174=LINE('',#7908,#1788);
#1175=LINE('',#7910,#1789);
#1176=LINE('',#7911,#1790);
#1177=LINE('',#7914,#1791);
#1178=LINE('',#7916,#1792);
#1179=LINE('',#7918,#1793);
#1180=LINE('',#7920,#1794);
#1181=LINE('',#7922,#1795);
#1182=LINE('',#7924,#1796);
#1183=LINE('',#7926,#1797);
#1184=LINE('',#7927,#1798);
#1185=LINE('',#7930,#1799);
#1186=LINE('',#7932,#1800);
#1187=LINE('',#7936,#1801);
#1188=LINE('',#7938,#1802);
#1189=LINE('',#7940,#1803);
#1190=LINE('',#7944,#1804);
#1191=LINE('',#7946,#1805);
#1192=LINE('',#7948,#1806);
#1193=LINE('',#7952,#1807);
#1194=LINE('',#7954,#1808);
#1195=LINE('',#7956,#1809);
#1196=LINE('',#7959,#1810);
#1197=LINE('',#7962,#1811);
#1198=LINE('',#7964,#1812);
#1199=LINE('',#7968,#1813);
#1200=LINE('',#7970,#1814);
#1201=LINE('',#7972,#1815);
#1202=LINE('',#7976,#1816);
#1203=LINE('',#7978,#1817);
#1204=LINE('',#7980,#1818);
#1205=LINE('',#7984,#1819);
#1206=LINE('',#7986,#1820);
#1207=LINE('',#7988,#1821);
#1208=LINE('',#7991,#1822);
#1209=LINE('',#7994,#1823);
#1210=LINE('',#7996,#1824);
#1211=LINE('',#7997,#1825);
#1212=LINE('',#8000,#1826);
#1213=LINE('',#8004,#1827);
#1214=LINE('',#8005,#1828);
#1215=LINE('',#8008,#1829);
#1216=LINE('',#8009,#1830);
#1217=LINE('',#8012,#1831);
#1218=LINE('',#8013,#1832);
#1219=LINE('',#8016,#1833);
#1220=LINE('',#8020,#1834);
#1221=LINE('',#8021,#1835);
#1222=LINE('',#8024,#1836);
#1223=LINE('',#8025,#1837);
#1224=LINE('',#8028,#1838);
#1225=LINE('',#8030,#1839);
#1226=LINE('',#8031,#1840);
#1227=LINE('',#8034,#1841);
#1228=LINE('',#8038,#1842);
#1229=LINE('',#8039,#1843);
#1230=LINE('',#8042,#1844);
#1231=LINE('',#8043,#1845);
#1232=LINE('',#8046,#1846);
#1233=LINE('',#8047,#1847);
#1234=LINE('',#8050,#1848);
#1235=LINE('',#8054,#1849);
#1236=LINE('',#8055,#1850);
#1237=LINE('',#8058,#1851);
#1238=LINE('',#8059,#1852);
#1239=LINE('',#8062,#1853);
#1240=LINE('',#8064,#1854);
#1241=LINE('',#8065,#1855);
#1242=LINE('',#8068,#1856);
#1243=LINE('',#8069,#1857);
#1244=LINE('',#8072,#1858);
#1245=LINE('',#8073,#1859);
#1246=LINE('',#8076,#1860);
#1247=LINE('',#8077,#1861);
#1248=LINE('',#8080,#1862);
#1249=LINE('',#8082,#1863);
#1250=LINE('',#8083,#1864);
#1251=LINE('',#8086,#1865);
#1252=LINE('',#8087,#1866);
#1253=LINE('',#8090,#1867);
#1254=LINE('',#8091,#1868);
#1255=LINE('',#8094,#1869);
#1256=LINE('',#8095,#1870);
#1257=LINE('',#8098,#1871);
#1258=LINE('',#8099,#1872);
#1259=LINE('',#8102,#1873);
#1260=LINE('',#8103,#1874);
#1261=LINE('',#8106,#1875);
#1262=LINE('',#8107,#1876);
#1263=LINE('',#8110,#1877);
#1264=LINE('',#8111,#1878);
#1265=LINE('',#8114,#1879);
#1266=LINE('',#8115,#1880);
#1267=LINE('',#8118,#1881);
#1268=LINE('',#8119,#1882);
#1269=LINE('',#8122,#1883);
#1270=LINE('',#8123,#1884);
#1271=LINE('',#8126,#1885);
#1272=LINE('',#8127,#1886);
#1273=LINE('',#8130,#1887);
#1274=LINE('',#8131,#1888);
#1275=LINE('',#8134,#1889);
#1276=LINE('',#8135,#1890);
#1277=LINE('',#8138,#1891);
#1278=LINE('',#8139,#1892);
#1279=LINE('',#8142,#1893);
#1280=LINE('',#8143,#1894);
#1281=LINE('',#8146,#1895);
#1282=LINE('',#8147,#1896);
#1283=LINE('',#8150,#1897);
#1284=LINE('',#8151,#1898);
#1285=LINE('',#8154,#1899);
#1286=LINE('',#8155,#1900);
#1287=LINE('',#8158,#1901);
#1288=LINE('',#8159,#1902);
#1289=LINE('',#8162,#1903);
#1290=LINE('',#8163,#1904);
#1291=LINE('',#8166,#1905);
#1292=LINE('',#8167,#1906);
#1293=LINE('',#8170,#1907);
#1294=LINE('',#8171,#1908);
#1295=LINE('',#8174,#1909);
#1296=LINE('',#8175,#1910);
#1297=LINE('',#8178,#1911);
#1298=LINE('',#8182,#1912);
#1299=LINE('',#8183,#1913);
#1300=LINE('',#8186,#1914);
#1301=LINE('',#8187,#1915);
#1302=LINE('',#8190,#1916);
#1303=LINE('',#8191,#1917);
#1304=LINE('',#8194,#1918);
#1305=LINE('',#8195,#1919);
#1306=LINE('',#8198,#1920);
#1307=LINE('',#8199,#1921);
#1308=LINE('',#8202,#1922);
#1309=LINE('',#8203,#1923);
#1310=LINE('',#8206,#1924);
#1311=LINE('',#8207,#1925);
#1312=LINE('',#8210,#1926);
#1313=LINE('',#8211,#1927);
#1314=LINE('',#8214,#1928);
#1315=LINE('',#8215,#1929);
#1316=LINE('',#8218,#1930);
#1317=LINE('',#8219,#1931);
#1318=LINE('',#8222,#1932);
#1319=LINE('',#8223,#1933);
#1320=LINE('',#8226,#1934);
#1321=LINE('',#8227,#1935);
#1322=LINE('',#8230,#1936);
#1323=LINE('',#8231,#1937);
#1324=LINE('',#8234,#1938);
#1325=LINE('',#8238,#1939);
#1326=LINE('',#8239,#1940);
#1327=LINE('',#8242,#1941);
#1328=LINE('',#8243,#1942);
#1329=LINE('',#8246,#1943);
#1330=LINE('',#8250,#1944);
#1331=LINE('',#8251,#1945);
#1332=LINE('',#8254,#1946);
#1333=LINE('',#8255,#1947);
#1334=LINE('',#8258,#1948);
#1335=LINE('',#8259,#1949);
#1336=LINE('',#8262,#1950);
#1337=LINE('',#8266,#1951);
#1338=LINE('',#8267,#1952);
#1339=LINE('',#8269,#1953);
#1340=LINE('',#8272,#1954);
#1341=LINE('',#8273,#1955);
#1342=LINE('',#8276,#1956);
#1343=LINE('',#8280,#1957);
#1344=LINE('',#8281,#1958);
#1345=LINE('',#8284,#1959);
#1346=LINE('',#8285,#1960);
#1347=LINE('',#8288,#1961);
#1348=LINE('',#8289,#1962);
#1349=LINE('',#8292,#1963);
#1350=LINE('',#8296,#1964);
#1351=LINE('',#8297,#1965);
#1352=LINE('',#8299,#1966);
#1353=LINE('',#8302,#1967);
#1354=LINE('',#8303,#1968);
#1355=LINE('',#8306,#1969);
#1356=LINE('',#8307,#1970);
#1357=LINE('',#8310,#1971);
#1358=LINE('',#8311,#1972);
#1359=LINE('',#8313,#1973);
#1360=LINE('',#8316,#1974);
#1361=LINE('',#8317,#1975);
#1362=LINE('',#8320,#1976);
#1363=LINE('',#8321,#1977);
#1364=LINE('',#8324,#1978);
#1365=LINE('',#8325,#1979);
#1366=LINE('',#8328,#1980);
#1367=LINE('',#8329,#1981);
#1368=LINE('',#8332,#1982);
#1369=LINE('',#8333,#1983);
#1370=LINE('',#8336,#1984);
#1371=LINE('',#8337,#1985);
#1372=LINE('',#8340,#1986);
#1373=LINE('',#8341,#1987);
#1374=LINE('',#8344,#1988);
#1375=LINE('',#8345,#1989);
#1376=LINE('',#8348,#1990);
#1377=LINE('',#8349,#1991);
#1378=LINE('',#8352,#1992);
#1379=LINE('',#8353,#1993);
#1380=LINE('',#8356,#1994);
#1381=LINE('',#8357,#1995);
#1382=LINE('',#8360,#1996);
#1383=LINE('',#8361,#1997);
#1384=LINE('',#8364,#1998);
#1385=LINE('',#8365,#1999);
#1386=LINE('',#8368,#2000);
#1387=LINE('',#8369,#2001);
#1388=LINE('',#8372,#2002);
#1389=LINE('',#8373,#2003);
#1390=LINE('',#8376,#2004);
#1391=LINE('',#8377,#2005);
#1392=LINE('',#8380,#2006);
#1393=LINE('',#8381,#2007);
#1394=LINE('',#8384,#2008);
#1395=LINE('',#8385,#2009);
#1396=LINE('',#8388,#2010);
#1397=LINE('',#8389,#2011);
#1398=LINE('',#8392,#2012);
#1399=LINE('',#8393,#2013);
#1400=LINE('',#8396,#2014);
#1401=LINE('',#8397,#2015);
#1402=LINE('',#8400,#2016);
#1403=LINE('',#8401,#2017);
#1404=LINE('',#8404,#2018);
#1405=LINE('',#8405,#2019);
#1406=LINE('',#8408,#2020);
#1407=LINE('',#8409,#2021);
#1408=LINE('',#8412,#2022);
#1409=LINE('',#8416,#2023);
#1410=LINE('',#8417,#2024);
#1411=LINE('',#8420,#2025);
#1412=LINE('',#8421,#2026);
#1413=LINE('',#8424,#2027);
#1414=LINE('',#8425,#2028);
#1415=LINE('',#8428,#2029);
#1416=LINE('',#8429,#2030);
#1417=LINE('',#8432,#2031);
#1418=LINE('',#8433,#2032);
#1419=LINE('',#8436,#2033);
#1420=LINE('',#8437,#2034);
#1421=LINE('',#8440,#2035);
#1422=LINE('',#8441,#2036);
#1423=LINE('',#8444,#2037);
#1424=LINE('',#8445,#2038);
#1425=LINE('',#8448,#2039);
#1426=LINE('',#8449,#2040);
#1427=LINE('',#8452,#2041);
#1428=LINE('',#8453,#2042);
#1429=LINE('',#8456,#2043);
#1430=LINE('',#8457,#2044);
#1431=LINE('',#8460,#2045);
#1432=LINE('',#8461,#2046);
#1433=LINE('',#8464,#2047);
#1434=LINE('',#8465,#2048);
#1435=LINE('',#8468,#2049);
#1436=LINE('',#8471,#2050);
#1437=LINE('',#8477,#2051);
#1438=LINE('',#8479,#2052);
#1439=LINE('',#8481,#2053);
#1440=LINE('',#8482,#2054);
#1441=LINE('',#8486,#2055);
#1442=LINE('',#8488,#2056);
#1443=LINE('',#8490,#2057);
#1444=LINE('',#8491,#2058);
#1445=LINE('',#8494,#2059);
#1446=LINE('',#8496,#2060);
#1447=LINE('',#8497,#2061);
#1448=LINE('',#8500,#2062);
#1449=LINE('',#8501,#2063);
#1450=LINE('',#8504,#2064);
#1451=LINE('',#8506,#2065);
#1452=LINE('',#8508,#2066);
#1453=LINE('',#8509,#2067);
#1454=LINE('',#8515,#2068);
#1455=LINE('',#8517,#2069);
#1456=LINE('',#8518,#2070);
#1457=LINE('',#8523,#2071);
#1458=LINE('',#8525,#2072);
#1459=LINE('',#8526,#2073);
#1460=LINE('',#8529,#2074);
#1461=LINE('',#8534,#2075);
#1462=LINE('',#8537,#2076);
#1463=LINE('',#8538,#2077);
#1464=LINE('',#8540,#2078);
#1465=LINE('',#8546,#2079);
#1466=LINE('',#8548,#2080);
#1467=LINE('',#8549,#2081);
#1468=LINE('',#8554,#2082);
#1469=LINE('',#8556,#2083);
#1470=LINE('',#8557,#2084);
#1471=LINE('',#8560,#2085);
#1472=LINE('',#8565,#2086);
#1473=LINE('',#8568,#2087);
#1474=LINE('',#8569,#2088);
#1475=LINE('',#8571,#2089);
#1476=LINE('',#8577,#2090);
#1477=LINE('',#8580,#2091);
#1478=LINE('',#8583,#2092);
#1479=LINE('',#8585,#2093);
#1480=LINE('',#8586,#2094);
#1481=LINE('',#8592,#2095);
#1482=LINE('',#8595,#2096);
#1483=LINE('',#8598,#2097);
#1484=LINE('',#8600,#2098);
#1485=LINE('',#8601,#2099);
#1486=LINE('',#8607,#2100);
#1487=LINE('',#8610,#2101);
#1488=LINE('',#8613,#2102);
#1489=LINE('',#8615,#2103);
#1490=LINE('',#8616,#2104);
#1491=LINE('',#8618,#2105);
#1492=LINE('',#8619,#2106);
#1493=LINE('',#8620,#2107);
#1494=LINE('',#8622,#2108);
#1495=LINE('',#8624,#2109);
#1496=LINE('',#8626,#2110);
#1497=LINE('',#8630,#2111);
#1498=LINE('',#8634,#2112);
#1499=LINE('',#8638,#2113);
#1500=LINE('',#8641,#2114);
#1501=LINE('',#8644,#2115);
#1502=LINE('',#8645,#2116);
#1503=LINE('',#8650,#2117);
#1504=LINE('',#8651,#2118);
#1505=LINE('',#8654,#2119);
#1506=LINE('',#8655,#2120);
#1507=LINE('',#8662,#2121);
#1508=LINE('',#8663,#2122);
#1509=LINE('',#8665,#2123);
#1510=LINE('',#8666,#2124);
#1511=LINE('',#8669,#2125);
#1512=LINE('',#8672,#2126);
#1513=LINE('',#8674,#2127);
#1514=LINE('',#8676,#2128);
#1515=LINE('',#8678,#2129);
#1516=LINE('',#8680,#2130);
#1517=LINE('',#8684,#2131);
#1518=LINE('',#8686,#2132);
#1519=LINE('',#8687,#2133);
#1520=LINE('',#8690,#2134);
#1521=LINE('',#8692,#2135);
#1522=LINE('',#8693,#2136);
#1523=LINE('',#8695,#2137);
#1524=LINE('',#8696,#2138);
#1525=LINE('',#8699,#2139);
#1526=LINE('',#8705,#2140);
#1527=LINE('',#8707,#2141);
#1528=LINE('',#8709,#2142);
#1529=LINE('',#8710,#2143);
#1530=LINE('',#8713,#2144);
#1531=LINE('',#8715,#2145);
#1532=LINE('',#8716,#2146);
#1533=LINE('',#8719,#2147);
#1534=LINE('',#8721,#2148);
#1535=LINE('',#8722,#2149);
#1536=LINE('',#8728,#2150);
#1537=LINE('',#8731,#2151);
#1538=LINE('',#8737,#2152);
#1539=LINE('',#8740,#2153);
#1540=LINE('',#8745,#2154);
#1541=LINE('',#8749,#2155);
#1542=LINE('',#8751,#2156);
#1543=LINE('',#8752,#2157);
#1544=LINE('',#8757,#2158);
#1545=LINE('',#8759,#2159);
#1546=LINE('',#8760,#2160);
#1547=LINE('',#8763,#2161);
#1548=LINE('',#8767,#2162);
#1549=LINE('',#8769,#2163);
#1550=LINE('',#8770,#2164);
#1551=LINE('',#8773,#2165);
#1552=LINE('',#8775,#2166);
#1553=LINE('',#8776,#2167);
#1554=LINE('',#8778,#2168);
#1555=LINE('',#8782,#2169);
#1556=LINE('',#8784,#2170);
#1557=LINE('',#8786,#2171);
#1558=LINE('',#8787,#2172);
#1559=LINE('',#8788,#2173);
#1560=LINE('',#8789,#2174);
#1561=LINE('',#8790,#2175);
#1562=LINE('',#8797,#2176);
#1563=LINE('',#8798,#2177);
#1564=LINE('',#8799,#2178);
#1565=LINE('',#8802,#2179);
#1566=LINE('',#8803,#2180);
#1567=LINE('',#8806,#2181);
#1568=LINE('',#8808,#2182);
#1569=LINE('',#8809,#2183);
#1570=LINE('',#8811,#2184);
#1571=LINE('',#8812,#2185);
#1572=LINE('',#8816,#2186);
#1573=LINE('',#8817,#2187);
#1574=LINE('',#8819,#2188);
#1575=LINE('',#8830,#2189);
#1576=LINE('',#8836,#2190);
#1577=VECTOR('',#5890,0.999999999999996);
#1578=VECTOR('',#5897,0.999999999999996);
#1579=VECTOR('',#5904,0.999999999999999);
#1580=VECTOR('',#5911,0.999999999999999);
#1581=VECTOR('',#5918,10.);
#1582=VECTOR('',#5921,10.);
#1583=VECTOR('',#5924,10.);
#1584=VECTOR('',#5925,10.);
#1585=VECTOR('',#5926,10.);
#1586=VECTOR('',#5929,10.);
#1587=VECTOR('',#5932,10.);
#1588=VECTOR('',#5935,10.);
#1589=VECTOR('',#5936,10.);
#1590=VECTOR('',#5937,10.);
#1591=VECTOR('',#5940,10.);
#1592=VECTOR('',#5943,10.);
#1593=VECTOR('',#5946,10.);
#1594=VECTOR('',#5947,10.);
#1595=VECTOR('',#5948,10.);
#1596=VECTOR('',#5949,10.);
#1597=VECTOR('',#5950,10.);
#1598=VECTOR('',#5951,10.);
#1599=VECTOR('',#5952,10.);
#1600=VECTOR('',#5953,10.);
#1601=VECTOR('',#5958,10.);
#1602=VECTOR('',#5959,10.);
#1603=VECTOR('',#5962,10.);
#1604=VECTOR('',#5963,10.);
#1605=VECTOR('',#5966,10.);
#1606=VECTOR('',#5969,10.);
#1607=VECTOR('',#5972,10.);
#1608=VECTOR('',#5973,10.);
#1609=VECTOR('',#5976,10.);
#1610=VECTOR('',#5981,10.);
#1611=VECTOR('',#5986,10.);
#1612=VECTOR('',#5991,10.);
#1613=VECTOR('',#5992,10.);
#1614=VECTOR('',#5995,10.);
#1615=VECTOR('',#5998,10.);
#1616=VECTOR('',#5999,10.);
#1617=VECTOR('',#6000,10.);
#1618=VECTOR('',#6003,10.);
#1619=VECTOR('',#6006,10.);
#1620=VECTOR('',#6007,10.);
#1621=VECTOR('',#6010,10.);
#1622=VECTOR('',#6011,10.);
#1623=VECTOR('',#6012,10.);
#1624=VECTOR('',#6015,10.);
#1625=VECTOR('',#6016,10.);
#1626=VECTOR('',#6019,10.);
#1627=VECTOR('',#6020,10.);
#1628=VECTOR('',#6023,10.);
#1629=VECTOR('',#6026,10.);
#1630=VECTOR('',#6031,10.);
#1631=VECTOR('',#6038,10.);
#1632=VECTOR('',#6041,10.);
#1633=VECTOR('',#6044,10.);
#1634=VECTOR('',#6045,10.);
#1635=VECTOR('',#6048,10.);
#1636=VECTOR('',#6049,10.);
#1637=VECTOR('',#6052,10.);
#1638=VECTOR('',#6055,10.);
#1639=VECTOR('',#6058,10.);
#1640=VECTOR('',#6065,10.);
#1641=VECTOR('',#6068,10.);
#1642=VECTOR('',#6071,10.);
#1643=VECTOR('',#6078,1.65);
#1644=VECTOR('',#6083,1.65);
#1645=VECTOR('',#6088,1.65);
#1646=VECTOR('',#6093,1.65);
#1647=VECTOR('',#6098,10.);
#1648=VECTOR('',#6099,10.);
#1649=VECTOR('',#6100,10.);
#1650=VECTOR('',#6105,10.);
#1651=VECTOR('',#6108,10.);
#1652=VECTOR('',#6109,10.);
#1653=VECTOR('',#6114,10.);
#1654=VECTOR('',#6117,10.);
#1655=VECTOR('',#6118,10.);
#1656=VECTOR('',#6123,10.);
#1657=VECTOR('',#6126,10.);
#1658=VECTOR('',#6127,10.);
#1659=VECTOR('',#6140,0.250000000000001);
#1660=VECTOR('',#6149,3.);
#1661=VECTOR('',#6154,2.5);
#1662=VECTOR('',#6161,10.);
#1663=VECTOR('',#6164,10.);
#1664=VECTOR('',#6167,10.);
#1665=VECTOR('',#6170,10.);
#1666=VECTOR('',#6183,0.750000000000002);
#1667=VECTOR('',#6190,0.750000000000002);
#1668=VECTOR('',#6197,0.750000000000002);
#1669=VECTOR('',#6204,0.750000000000002);
#1670=VECTOR('',#6211,10.);
#1671=VECTOR('',#6212,10.);
#1672=VECTOR('',#6213,10.);
#1673=VECTOR('',#6218,10.);
#1674=VECTOR('',#6221,10.);
#1675=VECTOR('',#6222,10.);
#1676=VECTOR('',#6227,10.);
#1677=VECTOR('',#6230,10.);
#1678=VECTOR('',#6231,10.);
#1679=VECTOR('',#6236,10.);
#1680=VECTOR('',#6239,10.);
#1681=VECTOR('',#6240,10.);
#1682=VECTOR('',#6251,10.);
#1683=VECTOR('',#6252,10.);
#1684=VECTOR('',#6253,10.);
#1685=VECTOR('',#6256,10.);
#1686=VECTOR('',#6257,10.);
#1687=VECTOR('',#6258,10.);
#1688=VECTOR('',#6261,10.);
#1689=VECTOR('',#6262,10.);
#1690=VECTOR('',#6265,10.);
#1691=VECTOR('',#6266,10.);
#1692=VECTOR('',#6267,10.);
#1693=VECTOR('',#6268,10.);
#1694=VECTOR('',#6269,10.);
#1695=VECTOR('',#6272,10.);
#1696=VECTOR('',#6273,10.);
#1697=VECTOR('',#6274,10.);
#1698=VECTOR('',#6277,10.);
#1699=VECTOR('',#6278,10.);
#1700=VECTOR('',#6281,10.);
#1701=VECTOR('',#6282,10.);
#1702=VECTOR('',#6285,10.);
#1703=VECTOR('',#6290,10.);
#1704=VECTOR('',#6291,10.);
#1705=VECTOR('',#6292,10.);
#1706=VECTOR('',#6293,10.);
#1707=VECTOR('',#6296,10.);
#1708=VECTOR('',#6297,10.);
#1709=VECTOR('',#6298,10.);
#1710=VECTOR('',#6301,10.);
#1711=VECTOR('',#6302,10.);
#1712=VECTOR('',#6305,10.);
#1713=VECTOR('',#6306,10.);
#1714=VECTOR('',#6309,10.);
#1715=VECTOR('',#6316,10.);
#1716=VECTOR('',#6319,10.);
#1717=VECTOR('',#6320,10.);
#1718=VECTOR('',#6321,10.);
#1719=VECTOR('',#6322,10.);
#1720=VECTOR('',#6323,10.);
#1721=VECTOR('',#6324,10.);
#1722=VECTOR('',#6325,10.);
#1723=VECTOR('',#6326,10.);
#1724=VECTOR('',#6327,10.);
#1725=VECTOR('',#6328,10.);
#1726=VECTOR('',#6329,10.);
#1727=VECTOR('',#6330,10.);
#1728=VECTOR('',#6331,10.);
#1729=VECTOR('',#6334,10.);
#1730=VECTOR('',#6335,10.);
#1731=VECTOR('',#6336,10.);
#1732=VECTOR('',#6337,10.);
#1733=VECTOR('',#6338,10.);
#1734=VECTOR('',#6339,10.);
#1735=VECTOR('',#6340,10.);
#1736=VECTOR('',#6341,10.);
#1737=VECTOR('',#6342,10.);
#1738=VECTOR('',#6343,10.);
#1739=VECTOR('',#6344,10.);
#1740=VECTOR('',#6345,10.);
#1741=VECTOR('',#6346,10.);
#1742=VECTOR('',#6347,10.);
#1743=VECTOR('',#6348,10.);
#1744=VECTOR('',#6349,10.);
#1745=VECTOR('',#6350,10.);
#1746=VECTOR('',#6351,10.);
#1747=VECTOR('',#6352,10.);
#1748=VECTOR('',#6353,10.);
#1749=VECTOR('',#6354,10.);
#1750=VECTOR('',#6355,10.);
#1751=VECTOR('',#6356,10.);
#1752=VECTOR('',#6357,10.);
#1753=VECTOR('',#6358,10.);
#1754=VECTOR('',#6361,10.);
#1755=VECTOR('',#6362,10.);
#1756=VECTOR('',#6363,10.);
#1757=VECTOR('',#6364,10.);
#1758=VECTOR('',#6365,10.);
#1759=VECTOR('',#6366,10.);
#1760=VECTOR('',#6367,10.);
#1761=VECTOR('',#6368,10.);
#1762=VECTOR('',#6369,10.);
#1763=VECTOR('',#6370,10.);
#1764=VECTOR('',#6371,10.);
#1765=VECTOR('',#6372,10.);
#1766=VECTOR('',#6373,10.);
#1767=VECTOR('',#6376,10.);
#1768=VECTOR('',#6377,10.);
#1769=VECTOR('',#6378,10.);
#1770=VECTOR('',#6379,10.);
#1771=VECTOR('',#6380,10.);
#1772=VECTOR('',#6381,10.);
#1773=VECTOR('',#6382,10.);
#1774=VECTOR('',#6383,10.);
#1775=VECTOR('',#6384,10.);
#1776=VECTOR('',#6385,10.);
#1777=VECTOR('',#6386,10.);
#1778=VECTOR('',#6387,10.);
#1779=VECTOR('',#6388,10.);
#1780=VECTOR('',#6389,10.);
#1781=VECTOR('',#6390,10.);
#1782=VECTOR('',#6391,10.);
#1783=VECTOR('',#6392,10.);
#1784=VECTOR('',#6393,10.);
#1785=VECTOR('',#6394,10.);
#1786=VECTOR('',#6395,10.);
#1787=VECTOR('',#6396,10.);
#1788=VECTOR('',#6397,10.);
#1789=VECTOR('',#6398,10.);
#1790=VECTOR('',#6399,10.);
#1791=VECTOR('',#6400,10.);
#1792=VECTOR('',#6401,10.);
#1793=VECTOR('',#6402,10.);
#1794=VECTOR('',#6403,10.);
#1795=VECTOR('',#6404,10.);
#1796=VECTOR('',#6405,10.);
#1797=VECTOR('',#6406,10.);
#1798=VECTOR('',#6407,10.);
#1799=VECTOR('',#6408,10.);
#1800=VECTOR('',#6409,10.);
#1801=VECTOR('',#6412,10.);
#1802=VECTOR('',#6413,10.);
#1803=VECTOR('',#6414,10.);
#1804=VECTOR('',#6417,10.);
#1805=VECTOR('',#6418,10.);
#1806=VECTOR('',#6419,10.);
#1807=VECTOR('',#6422,10.);
#1808=VECTOR('',#6423,10.);
#1809=VECTOR('',#6424,10.);
#1810=VECTOR('',#6427,10.);
#1811=VECTOR('',#6428,10.);
#1812=VECTOR('',#6429,10.);
#1813=VECTOR('',#6432,10.);
#1814=VECTOR('',#6433,10.);
#1815=VECTOR('',#6434,10.);
#1816=VECTOR('',#6437,10.);
#1817=VECTOR('',#6438,10.);
#1818=VECTOR('',#6439,10.);
#1819=VECTOR('',#6442,10.);
#1820=VECTOR('',#6443,10.);
#1821=VECTOR('',#6444,10.);
#1822=VECTOR('',#6447,10.);
#1823=VECTOR('',#6450,10.);
#1824=VECTOR('',#6451,10.);
#1825=VECTOR('',#6452,10.);
#1826=VECTOR('',#6455,10.);
#1827=VECTOR('',#6460,10.);
#1828=VECTOR('',#6461,10.);
#1829=VECTOR('',#6464,10.);
#1830=VECTOR('',#6465,10.);
#1831=VECTOR('',#6468,10.);
#1832=VECTOR('',#6469,10.);
#1833=VECTOR('',#6472,10.);
#1834=VECTOR('',#6477,10.);
#1835=VECTOR('',#6478,10.);
#1836=VECTOR('',#6481,10.);
#1837=VECTOR('',#6482,10.);
#1838=VECTOR('',#6485,10.);
#1839=VECTOR('',#6486,10.);
#1840=VECTOR('',#6487,10.);
#1841=VECTOR('',#6490,10.);
#1842=VECTOR('',#6495,10.);
#1843=VECTOR('',#6496,10.);
#1844=VECTOR('',#6499,10.);
#1845=VECTOR('',#6500,10.);
#1846=VECTOR('',#6503,10.);
#1847=VECTOR('',#6504,10.);
#1848=VECTOR('',#6507,10.);
#1849=VECTOR('',#6512,10.);
#1850=VECTOR('',#6513,10.);
#1851=VECTOR('',#6516,10.);
#1852=VECTOR('',#6517,10.);
#1853=VECTOR('',#6520,10.);
#1854=VECTOR('',#6521,10.);
#1855=VECTOR('',#6522,10.);
#1856=VECTOR('',#6525,10.);
#1857=VECTOR('',#6526,10.);
#1858=VECTOR('',#6529,10.);
#1859=VECTOR('',#6530,10.);
#1860=VECTOR('',#6533,10.);
#1861=VECTOR('',#6534,10.);
#1862=VECTOR('',#6537,10.);
#1863=VECTOR('',#6538,10.);
#1864=VECTOR('',#6539,10.);
#1865=VECTOR('',#6542,10.);
#1866=VECTOR('',#6543,10.);
#1867=VECTOR('',#6546,10.);
#1868=VECTOR('',#6547,10.);
#1869=VECTOR('',#6550,10.);
#1870=VECTOR('',#6551,10.);
#1871=VECTOR('',#6554,10.);
#1872=VECTOR('',#6555,10.);
#1873=VECTOR('',#6558,10.);
#1874=VECTOR('',#6559,10.);
#1875=VECTOR('',#6562,10.);
#1876=VECTOR('',#6563,10.);
#1877=VECTOR('',#6566,10.);
#1878=VECTOR('',#6567,10.);
#1879=VECTOR('',#6570,10.);
#1880=VECTOR('',#6571,10.);
#1881=VECTOR('',#6574,10.);
#1882=VECTOR('',#6575,10.);
#1883=VECTOR('',#6578,10.);
#1884=VECTOR('',#6579,10.);
#1885=VECTOR('',#6582,10.);
#1886=VECTOR('',#6583,10.);
#1887=VECTOR('',#6586,10.);
#1888=VECTOR('',#6587,10.);
#1889=VECTOR('',#6590,10.);
#1890=VECTOR('',#6591,10.);
#1891=VECTOR('',#6594,10.);
#1892=VECTOR('',#6595,10.);
#1893=VECTOR('',#6598,10.);
#1894=VECTOR('',#6599,10.);
#1895=VECTOR('',#6602,10.);
#1896=VECTOR('',#6603,10.);
#1897=VECTOR('',#6606,10.);
#1898=VECTOR('',#6607,10.);
#1899=VECTOR('',#6610,10.);
#1900=VECTOR('',#6611,10.);
#1901=VECTOR('',#6614,10.);
#1902=VECTOR('',#6615,10.);
#1903=VECTOR('',#6618,10.);
#1904=VECTOR('',#6619,10.);
#1905=VECTOR('',#6622,10.);
#1906=VECTOR('',#6623,10.);
#1907=VECTOR('',#6626,10.);
#1908=VECTOR('',#6627,10.);
#1909=VECTOR('',#6630,10.);
#1910=VECTOR('',#6631,10.);
#1911=VECTOR('',#6634,10.);
#1912=VECTOR('',#6639,10.);
#1913=VECTOR('',#6640,10.);
#1914=VECTOR('',#6643,10.);
#1915=VECTOR('',#6644,10.);
#1916=VECTOR('',#6647,10.);
#1917=VECTOR('',#6648,10.);
#1918=VECTOR('',#6651,10.);
#1919=VECTOR('',#6652,10.);
#1920=VECTOR('',#6655,10.);
#1921=VECTOR('',#6656,10.);
#1922=VECTOR('',#6659,10.);
#1923=VECTOR('',#6660,10.);
#1924=VECTOR('',#6663,10.);
#1925=VECTOR('',#6664,10.);
#1926=VECTOR('',#6667,10.);
#1927=VECTOR('',#6668,10.);
#1928=VECTOR('',#6671,10.);
#1929=VECTOR('',#6672,10.);
#1930=VECTOR('',#6675,10.);
#1931=VECTOR('',#6676,10.);
#1932=VECTOR('',#6679,10.);
#1933=VECTOR('',#6680,10.);
#1934=VECTOR('',#6683,10.);
#1935=VECTOR('',#6684,10.);
#1936=VECTOR('',#6687,10.);
#1937=VECTOR('',#6688,10.);
#1938=VECTOR('',#6691,10.);
#1939=VECTOR('',#6696,10.);
#1940=VECTOR('',#6697,10.);
#1941=VECTOR('',#6700,10.);
#1942=VECTOR('',#6701,10.);
#1943=VECTOR('',#6704,10.);
#1944=VECTOR('',#6709,10.);
#1945=VECTOR('',#6710,10.);
#1946=VECTOR('',#6713,10.);
#1947=VECTOR('',#6714,10.);
#1948=VECTOR('',#6717,10.);
#1949=VECTOR('',#6718,10.);
#1950=VECTOR('',#6721,10.);
#1951=VECTOR('',#6726,10.);
#1952=VECTOR('',#6727,10.);
#1953=VECTOR('',#6730,10.);
#1954=VECTOR('',#6733,10.);
#1955=VECTOR('',#6734,10.);
#1956=VECTOR('',#6737,10.);
#1957=VECTOR('',#6742,10.);
#1958=VECTOR('',#6743,10.);
#1959=VECTOR('',#6746,10.);
#1960=VECTOR('',#6747,10.);
#1961=VECTOR('',#6750,10.);
#1962=VECTOR('',#6751,10.);
#1963=VECTOR('',#6754,10.);
#1964=VECTOR('',#6759,10.);
#1965=VECTOR('',#6760,10.);
#1966=VECTOR('',#6763,10.);
#1967=VECTOR('',#6766,10.);
#1968=VECTOR('',#6767,10.);
#1969=VECTOR('',#6770,10.);
#1970=VECTOR('',#6771,10.);
#1971=VECTOR('',#6774,10.);
#1972=VECTOR('',#6775,10.);
#1973=VECTOR('',#6778,10.);
#1974=VECTOR('',#6781,10.);
#1975=VECTOR('',#6782,10.);
#1976=VECTOR('',#6785,10.);
#1977=VECTOR('',#6786,10.);
#1978=VECTOR('',#6789,10.);
#1979=VECTOR('',#6790,10.);
#1980=VECTOR('',#6793,10.);
#1981=VECTOR('',#6794,10.);
#1982=VECTOR('',#6797,10.);
#1983=VECTOR('',#6798,10.);
#1984=VECTOR('',#6801,10.);
#1985=VECTOR('',#6802,10.);
#1986=VECTOR('',#6805,10.);
#1987=VECTOR('',#6806,10.);
#1988=VECTOR('',#6809,10.);
#1989=VECTOR('',#6810,10.);
#1990=VECTOR('',#6813,10.);
#1991=VECTOR('',#6814,10.);
#1992=VECTOR('',#6817,10.);
#1993=VECTOR('',#6818,10.);
#1994=VECTOR('',#6821,10.);
#1995=VECTOR('',#6822,10.);
#1996=VECTOR('',#6825,10.);
#1997=VECTOR('',#6826,10.);
#1998=VECTOR('',#6829,10.);
#1999=VECTOR('',#6830,10.);
#2000=VECTOR('',#6833,10.);
#2001=VECTOR('',#6834,10.);
#2002=VECTOR('',#6837,10.);
#2003=VECTOR('',#6838,10.);
#2004=VECTOR('',#6841,10.);
#2005=VECTOR('',#6842,10.);
#2006=VECTOR('',#6845,10.);
#2007=VECTOR('',#6846,10.);
#2008=VECTOR('',#6849,10.);
#2009=VECTOR('',#6850,10.);
#2010=VECTOR('',#6853,10.);
#2011=VECTOR('',#6854,10.);
#2012=VECTOR('',#6857,10.);
#2013=VECTOR('',#6858,10.);
#2014=VECTOR('',#6861,10.);
#2015=VECTOR('',#6862,10.);
#2016=VECTOR('',#6865,10.);
#2017=VECTOR('',#6866,10.);
#2018=VECTOR('',#6869,10.);
#2019=VECTOR('',#6870,10.);
#2020=VECTOR('',#6873,10.);
#2021=VECTOR('',#6874,10.);
#2022=VECTOR('',#6877,10.);
#2023=VECTOR('',#6882,10.);
#2024=VECTOR('',#6883,10.);
#2025=VECTOR('',#6886,10.);
#2026=VECTOR('',#6887,10.);
#2027=VECTOR('',#6890,10.);
#2028=VECTOR('',#6891,10.);
#2029=VECTOR('',#6894,10.);
#2030=VECTOR('',#6895,10.);
#2031=VECTOR('',#6898,10.);
#2032=VECTOR('',#6899,10.);
#2033=VECTOR('',#6902,10.);
#2034=VECTOR('',#6903,10.);
#2035=VECTOR('',#6906,10.);
#2036=VECTOR('',#6907,10.);
#2037=VECTOR('',#6910,10.);
#2038=VECTOR('',#6911,10.);
#2039=VECTOR('',#6914,10.);
#2040=VECTOR('',#6915,10.);
#2041=VECTOR('',#6918,10.);
#2042=VECTOR('',#6919,10.);
#2043=VECTOR('',#6922,10.);
#2044=VECTOR('',#6923,10.);
#2045=VECTOR('',#6926,10.);
#2046=VECTOR('',#6927,10.);
#2047=VECTOR('',#6930,10.);
#2048=VECTOR('',#6931,10.);
#2049=VECTOR('',#6934,10.);
#2050=VECTOR('',#6939,10.);
#2051=VECTOR('',#6946,10.);
#2052=VECTOR('',#6947,10.);
#2053=VECTOR('',#6948,10.);
#2054=VECTOR('',#6949,10.);
#2055=VECTOR('',#6952,10.);
#2056=VECTOR('',#6953,10.);
#2057=VECTOR('',#6954,10.);
#2058=VECTOR('',#6955,10.);
#2059=VECTOR('',#6958,10.);
#2060=VECTOR('',#6959,10.);
#2061=VECTOR('',#6960,10.);
#2062=VECTOR('',#6963,10.);
#2063=VECTOR('',#6964,10.);
#2064=VECTOR('',#6965,10.);
#2065=VECTOR('',#6966,10.);
#2066=VECTOR('',#6967,10.);
#2067=VECTOR('',#6968,10.);
#2068=VECTOR('',#6973,10.);
#2069=VECTOR('',#6974,10.);
#2070=VECTOR('',#6975,10.);
#2071=VECTOR('',#6980,10.);
#2072=VECTOR('',#6981,10.);
#2073=VECTOR('',#6982,10.);
#2074=VECTOR('',#6985,10.);
#2075=VECTOR('',#6992,0.999999999999996);
#2076=VECTOR('',#6995,10.);
#2077=VECTOR('',#6996,10.);
#2078=VECTOR('',#6999,10.);
#2079=VECTOR('',#7004,10.);
#2080=VECTOR('',#7005,10.);
#2081=VECTOR('',#7006,10.);
#2082=VECTOR('',#7011,10.);
#2083=VECTOR('',#7012,10.);
#2084=VECTOR('',#7013,10.);
#2085=VECTOR('',#7016,10.);
#2086=VECTOR('',#7023,0.999999999999996);
#2087=VECTOR('',#7026,10.);
#2088=VECTOR('',#7027,10.);
#2089=VECTOR('',#7030,10.);
#2090=VECTOR('',#7035,10.);
#2091=VECTOR('',#7038,10.);
#2092=VECTOR('',#7041,10.);
#2093=VECTOR('',#7042,10.);
#2094=VECTOR('',#7043,10.);
#2095=VECTOR('',#7048,10.);
#2096=VECTOR('',#7051,10.);
#2097=VECTOR('',#7054,10.);
#2098=VECTOR('',#7055,10.);
#2099=VECTOR('',#7056,10.);
#2100=VECTOR('',#7061,10.);
#2101=VECTOR('',#7064,10.);
#2102=VECTOR('',#7067,10.);
#2103=VECTOR('',#7068,10.);
#2104=VECTOR('',#7069,10.);
#2105=VECTOR('',#7072,10.);
#2106=VECTOR('',#7073,10.);
#2107=VECTOR('',#7074,10.);
#2108=VECTOR('',#7075,10.);
#2109=VECTOR('',#7076,10.);
#2110=VECTOR('',#7077,10.);
#2111=VECTOR('',#7080,10.);
#2112=VECTOR('',#7083,10.);
#2113=VECTOR('',#7088,10.);
#2114=VECTOR('',#7091,10.);
#2115=VECTOR('',#7094,10.);
#2116=VECTOR('',#7095,10.);
#2117=VECTOR('',#7100,10.);
#2118=VECTOR('',#7101,10.);
#2119=VECTOR('',#7104,10.);
#2120=VECTOR('',#7105,10.);
#2121=VECTOR('',#7114,10.);
#2122=VECTOR('',#7115,10.);
#2123=VECTOR('',#7116,10.);
#2124=VECTOR('',#7117,10.);
#2125=VECTOR('',#7120,2.4);
#2126=VECTOR('',#7125,10.);
#2127=VECTOR('',#7128,10.);
#2128=VECTOR('',#7131,10.);
#2129=VECTOR('',#7134,10.);
#2130=VECTOR('',#7137,10.);
#2131=VECTOR('',#7142,10.);
#2132=VECTOR('',#7143,10.);
#2133=VECTOR('',#7144,10.);
#2134=VECTOR('',#7147,10.);
#2135=VECTOR('',#7148,10.);
#2136=VECTOR('',#7149,10.);
#2137=VECTOR('',#7152,10.);
#2138=VECTOR('',#7153,10.);
#2139=VECTOR('',#7158,10.);
#2140=VECTOR('',#7165,10.);
#2141=VECTOR('',#7166,10.);
#2142=VECTOR('',#7167,10.);
#2143=VECTOR('',#7168,10.);
#2144=VECTOR('',#7171,10.);
#2145=VECTOR('',#7172,10.);
#2146=VECTOR('',#7173,10.);
#2147=VECTOR('',#7176,10.);
#2148=VECTOR('',#7177,10.);
#2149=VECTOR('',#7178,10.);
#2150=VECTOR('',#7183,10.);
#2151=VECTOR('',#7186,10.);
#2152=VECTOR('',#7191,10.);
#2153=VECTOR('',#7194,10.);
#2154=VECTOR('',#7199,1.00000000000001);
#2155=VECTOR('',#7204,10.);
#2156=VECTOR('',#7205,10.);
#2157=VECTOR('',#7206,10.);
#2158=VECTOR('',#7211,10.);
#2159=VECTOR('',#7212,10.);
#2160=VECTOR('',#7213,10.);
#2161=VECTOR('',#7216,1.00000000000001);
#2162=VECTOR('',#7221,10.);
#2163=VECTOR('',#7222,10.);
#2164=VECTOR('',#7223,10.);
#2165=VECTOR('',#7226,10.);
#2166=VECTOR('',#7227,10.);
#2167=VECTOR('',#7228,10.);
#2168=VECTOR('',#7231,10.);
#2169=VECTOR('',#7234,10.);
#2170=VECTOR('',#7235,10.);
#2171=VECTOR('',#7236,10.);
#2172=VECTOR('',#7237,10.);
#2173=VECTOR('',#7238,10.);
#2174=VECTOR('',#7239,10.);
#2175=VECTOR('',#7240,10.);
#2176=VECTOR('',#7249,10.);
#2177=VECTOR('',#7250,10.);
#2178=VECTOR('',#7251,10.);
#2179=VECTOR('',#7254,10.);
#2180=VECTOR('',#7255,10.);
#2181=VECTOR('',#7258,10.);
#2182=VECTOR('',#7259,10.);
#2183=VECTOR('',#7260,10.);
#2184=VECTOR('',#7263,10.);
#2185=VECTOR('',#7264,10.);
#2186=VECTOR('',#7269,10.);
#2187=VECTOR('',#7270,10.);
#2188=VECTOR('',#7273,10.);
#2189=VECTOR('',#7288,7.5);
#2190=VECTOR('',#7297,2.25);
#2191=CIRCLE('',#5466,0.999999999999996);
#2192=CIRCLE('',#5467,0.999999999999996);
#2193=CIRCLE('',#5469,0.999999999999996);
#2194=CIRCLE('',#5470,0.999999999999996);
#2195=CIRCLE('',#5472,0.999999999999999);
#2196=CIRCLE('',#5473,0.999999999999999);
#2197=CIRCLE('',#5475,0.999999999999999);
#2198=CIRCLE('',#5476,0.999999999999999);
#2199=CIRCLE('',#5478,1.5);
#2200=CIRCLE('',#5479,1.5);
#2201=CIRCLE('',#5482,1.5);
#2202=CIRCLE('',#5483,1.5);
#2203=CIRCLE('',#5484,1.5);
#2204=CIRCLE('',#5485,1.5);
#2205=CIRCLE('',#5486,1.5);
#2206=CIRCLE('',#5488,1.5);
#2207=CIRCLE('',#5491,1.5);
#2208=CIRCLE('',#5494,1.5);
#2209=CIRCLE('',#5497,1.5);
#2210=CIRCLE('',#5499,1.5);
#2211=CIRCLE('',#5510,5.5);
#2212=CIRCLE('',#5511,5.5);
#2213=CIRCLE('',#5513,5.5);
#2214=CIRCLE('',#5514,5.5);
#2215=CIRCLE('',#5518,2.5);
#2216=CIRCLE('',#5519,2.50000000000001);
#2217=CIRCLE('',#5520,1.2645);
#2218=CIRCLE('',#5521,1.2645);
#2219=CIRCLE('',#5523,2.5);
#2220=CIRCLE('',#5524,2.5);
#2221=CIRCLE('',#5525,1.2645);
#2222=CIRCLE('',#5526,1.2645);
#2223=CIRCLE('',#5528,1.2645);
#2224=CIRCLE('',#5530,1.2645);
#2225=CIRCLE('',#5532,1.2645);
#2226=CIRCLE('',#5534,1.2645);
#2227=CIRCLE('',#5537,2.5);
#2228=CIRCLE('',#5540,2.50000000000001);
#2229=CIRCLE('',#5543,2.5);
#2230=CIRCLE('',#5546,2.5);
#2231=CIRCLE('',#5550,0.250000000000001);
#2232=CIRCLE('',#5551,0.250000000000001);
#2233=CIRCLE('',#5554,3.5);
#2234=CIRCLE('',#5555,2.5);
#2235=CIRCLE('',#5557,2.5);
#2236=CIRCLE('',#5559,0.499999999999998);
#2237=CIRCLE('',#5560,0.499999999999998);
#2238=CIRCLE('',#5561,0.499999999999998);
#2239=CIRCLE('',#5562,0.499999999999998);
#2240=CIRCLE('',#5563,0.750000000000002);
#2241=CIRCLE('',#5564,0.750000000000002);
#2242=CIRCLE('',#5565,0.750000000000002);
#2243=CIRCLE('',#5566,0.750000000000002);
#2244=CIRCLE('',#5569,0.750000000000002);
#2245=CIRCLE('',#5572,0.750000000000002);
#2246=CIRCLE('',#5575,0.750000000000002);
#2247=CIRCLE('',#5578,0.750000000000002);
#2248=CIRCLE('',#5582,0.499999999999998);
#2249=CIRCLE('',#5585,0.499999999999998);
#2250=CIRCLE('',#5588,0.499999999999998);
#2251=CIRCLE('',#5591,0.499999999999998);
#2252=CIRCLE('',#5611,0.5);
#2253=CIRCLE('',#5612,0.500000000000003);
#2254=CIRCLE('',#5613,0.499999999999999);
#2255=CIRCLE('',#5614,0.500000000000003);
#2256=CIRCLE('',#5615,2.75);
#2257=CIRCLE('',#5616,2.75);
#2258=CIRCLE('',#5617,2.75);
#2259=CIRCLE('',#5618,2.75);
#2260=CIRCLE('',#5619,2.75);
#2261=CIRCLE('',#5620,2.75);
#2262=CIRCLE('',#5621,2.75);
#2263=CIRCLE('',#5622,2.75);
#2264=CIRCLE('',#5625,2.75);
#2265=CIRCLE('',#5630,2.75);
#2266=CIRCLE('',#5635,2.75);
#2267=CIRCLE('',#5640,2.75);
#2268=CIRCLE('',#5672,0.500000000000003);
#2269=CIRCLE('',#5687,0.5);
#2270=CIRCLE('',#5691,2.75);
#2271=CIRCLE('',#5696,2.75);
#2272=CIRCLE('',#5701,2.75);
#2273=CIRCLE('',#5706,2.75);
#2274=CIRCLE('',#5738,0.500000000000003);
#2275=CIRCLE('',#5753,0.499999999999999);
#2276=CIRCLE('',#5762,2.50000007450581);
#2277=CIRCLE('',#5763,0.999999999999996);
#2278=CIRCLE('',#5766,2.50000007450581);
#2279=CIRCLE('',#5768,0.999999999999996);
#2280=CIRCLE('',#5772,2.50000007450581);
#2281=CIRCLE('',#5773,0.999999999999996);
#2282=CIRCLE('',#5776,2.50000007450581);
#2283=CIRCLE('',#5778,0.999999999999996);
#2284=CIRCLE('',#5782,2.5);
#2285=CIRCLE('',#5783,2.5);
#2286=CIRCLE('',#5786,2.5);
#2287=CIRCLE('',#5787,2.5);
#2288=CIRCLE('',#5790,2.5);
#2289=CIRCLE('',#5791,2.5);
#2290=CIRCLE('',#5794,2.5);
#2291=CIRCLE('',#5795,2.5);
#2292=CIRCLE('',#5796,2.5);
#2293=CIRCLE('',#5798,2.5);
#2294=CIRCLE('',#5801,2.5);
#2295=CIRCLE('',#5803,2.4);
#2296=CIRCLE('',#5805,2.5);
#2297=CIRCLE('',#5808,2.4);
#2298=CIRCLE('',#5826,2.5);
#2299=CIRCLE('',#5827,2.5);
#2300=CIRCLE('',#5829,2.5);
#2301=CIRCLE('',#5830,2.5);
#2302=CIRCLE('',#5832,1.00000000000001);
#2303=CIRCLE('',#5833,1.00000000000001);
#2304=CIRCLE('',#5835,1.00000000000001);
#2305=CIRCLE('',#5838,1.00000000000001);
#2306=CIRCLE('',#5856,7.5);
#2307=CIRCLE('',#5857,2.204);
#2308=CIRCLE('',#5859,7.5);
#2309=CIRCLE('',#5862,2.204);
#2310=CIRCLE('',#5865,2.25);
#2311=CIRCLE('',#5867,0.5);
#2312=CIRCLE('',#5868,0.5);
#2313=VERTEX_POINT('',#7337);
#2314=VERTEX_POINT('',#7339);
#2315=VERTEX_POINT('',#7343);
#2316=VERTEX_POINT('',#7345);
#2317=VERTEX_POINT('',#7349);
#2318=VERTEX_POINT('',#7351);
#2319=VERTEX_POINT('',#7355);
#2320=VERTEX_POINT('',#7357);
#2321=VERTEX_POINT('',#7361);
#2322=VERTEX_POINT('',#7362);
#2323=VERTEX_POINT('',#7364);
#2324=VERTEX_POINT('',#7366);
#2325=VERTEX_POINT('',#7370);
#2326=VERTEX_POINT('',#7372);
#2327=VERTEX_POINT('',#7376);
#2328=VERTEX_POINT('',#7378);
#2329=VERTEX_POINT('',#7380);
#2330=VERTEX_POINT('',#7382);
#2331=VERTEX_POINT('',#7384);
#2332=VERTEX_POINT('',#7386);
#2333=VERTEX_POINT('',#7388);
#2334=VERTEX_POINT('',#7390);
#2335=VERTEX_POINT('',#7392);
#2336=VERTEX_POINT('',#7394);
#2337=VERTEX_POINT('',#7396);
#2338=VERTEX_POINT('',#7398);
#2339=VERTEX_POINT('',#7400);
#2340=VERTEX_POINT('',#7402);
#2341=VERTEX_POINT('',#7404);
#2342=VERTEX_POINT('',#7406);
#2343=VERTEX_POINT('',#7408);
#2344=VERTEX_POINT('',#7410);
#2345=VERTEX_POINT('',#7412);
#2346=VERTEX_POINT('',#7416);
#2347=VERTEX_POINT('',#7417);
#2348=VERTEX_POINT('',#7422);
#2349=VERTEX_POINT('',#7426);
#2350=VERTEX_POINT('',#7428);
#2351=VERTEX_POINT('',#7432);
#2352=VERTEX_POINT('',#7436);
#2353=VERTEX_POINT('',#7442);
#2354=VERTEX_POINT('',#7446);
#2355=VERTEX_POINT('',#7447);
#2356=VERTEX_POINT('',#7454);
#2357=VERTEX_POINT('',#7456);
#2358=VERTEX_POINT('',#7462);
#2359=VERTEX_POINT('',#7466);
#2360=VERTEX_POINT('',#7468);
#2361=VERTEX_POINT('',#7472);
#2362=VERTEX_POINT('',#7476);
#2363=VERTEX_POINT('',#7484);
#2364=VERTEX_POINT('',#7486);
#2365=VERTEX_POINT('',#7490);
#2366=VERTEX_POINT('',#7491);
#2367=VERTEX_POINT('',#7493);
#2368=VERTEX_POINT('',#7495);
#2369=VERTEX_POINT('',#7502);
#2370=VERTEX_POINT('',#7506);
#2371=VERTEX_POINT('',#7508);
#2372=VERTEX_POINT('',#7510);
#2373=VERTEX_POINT('',#7512);
#2374=VERTEX_POINT('',#7515);
#2375=VERTEX_POINT('',#7517);
#2376=VERTEX_POINT('',#7520);
#2377=VERTEX_POINT('',#7522);
#2378=VERTEX_POINT('',#7524);
#2379=VERTEX_POINT('',#7526);
#2380=VERTEX_POINT('',#7529);
#2381=VERTEX_POINT('',#7531);
#2382=VERTEX_POINT('',#7534);
#2383=VERTEX_POINT('',#7538);
#2384=VERTEX_POINT('',#7542);
#2385=VERTEX_POINT('',#7546);
#2386=VERTEX_POINT('',#7550);
#2387=VERTEX_POINT('',#7551);
#2388=VERTEX_POINT('',#7556);
#2389=VERTEX_POINT('',#7560);
#2390=VERTEX_POINT('',#7564);
#2391=VERTEX_POINT('',#7568);
#2392=VERTEX_POINT('',#7572);
#2393=VERTEX_POINT('',#7576);
#2394=VERTEX_POINT('',#7584);
#2395=VERTEX_POINT('',#7586);
#2396=VERTEX_POINT('',#7591);
#2397=VERTEX_POINT('',#7593);
#2398=VERTEX_POINT('',#7597);
#2399=VERTEX_POINT('',#7601);
#2400=VERTEX_POINT('',#7602);
#2401=VERTEX_POINT('',#7604);
#2402=VERTEX_POINT('',#7606);
#2403=VERTEX_POINT('',#7608);
#2404=VERTEX_POINT('',#7610);
#2405=VERTEX_POINT('',#7612);
#2406=VERTEX_POINT('',#7614);
#2407=VERTEX_POINT('',#7617);
#2408=VERTEX_POINT('',#7619);
#2409=VERTEX_POINT('',#7621);
#2410=VERTEX_POINT('',#7623);
#2411=VERTEX_POINT('',#7627);
#2412=VERTEX_POINT('',#7632);
#2413=VERTEX_POINT('',#7637);
#2414=VERTEX_POINT('',#7642);
#2415=VERTEX_POINT('',#7647);
#2416=VERTEX_POINT('',#7649);
#2417=VERTEX_POINT('',#7653);
#2418=VERTEX_POINT('',#7657);
#2419=VERTEX_POINT('',#7661);
#2420=VERTEX_POINT('',#7665);
#2421=VERTEX_POINT('',#7669);
#2422=VERTEX_POINT('',#7673);
#2423=VERTEX_POINT('',#7681);
#2424=VERTEX_POINT('',#7682);
#2425=VERTEX_POINT('',#7684);
#2426=VERTEX_POINT('',#7688);
#2427=VERTEX_POINT('',#7690);
#2428=VERTEX_POINT('',#7694);
#2429=VERTEX_POINT('',#7698);
#2430=VERTEX_POINT('',#7700);
#2431=VERTEX_POINT('',#7702);
#2432=VERTEX_POINT('',#7704);
#2433=VERTEX_POINT('',#7708);
#2434=VERTEX_POINT('',#7710);
#2435=VERTEX_POINT('',#7714);
#2436=VERTEX_POINT('',#7718);
#2437=VERTEX_POINT('',#7725);
#2438=VERTEX_POINT('',#7726);
#2439=VERTEX_POINT('',#7728);
#2440=VERTEX_POINT('',#7730);
#2441=VERTEX_POINT('',#7734);
#2442=VERTEX_POINT('',#7735);
#2443=VERTEX_POINT('',#7740);
#2444=VERTEX_POINT('',#7744);
#2445=VERTEX_POINT('',#7752);
#2446=VERTEX_POINT('',#7753);
#2447=VERTEX_POINT('',#7755);
#2448=VERTEX_POINT('',#7757);
#2449=VERTEX_POINT('',#7759);
#2450=VERTEX_POINT('',#7761);
#2451=VERTEX_POINT('',#7763);
#2452=VERTEX_POINT('',#7765);
#2453=VERTEX_POINT('',#7767);
#2454=VERTEX_POINT('',#7769);
#2455=VERTEX_POINT('',#7771);
#2456=VERTEX_POINT('',#7773);
#2457=VERTEX_POINT('',#7775);
#2458=VERTEX_POINT('',#7777);
#2459=VERTEX_POINT('',#7779);
#2460=VERTEX_POINT('',#7781);
#2461=VERTEX_POINT('',#7783);
#2462=VERTEX_POINT('',#7785);
#2463=VERTEX_POINT('',#7787);
#2464=VERTEX_POINT('',#7789);
#2465=VERTEX_POINT('',#7791);
#2466=VERTEX_POINT('',#7793);
#2467=VERTEX_POINT('',#7795);
#2468=VERTEX_POINT('',#7797);
#2469=VERTEX_POINT('',#7799);
#2470=VERTEX_POINT('',#7801);
#2471=VERTEX_POINT('',#7803);
#2472=VERTEX_POINT('',#7805);
#2473=VERTEX_POINT('',#7807);
#2474=VERTEX_POINT('',#7809);
#2475=VERTEX_POINT('',#7811);
#2476=VERTEX_POINT('',#7813);
#2477=VERTEX_POINT('',#7815);
#2478=VERTEX_POINT('',#7817);
#2479=VERTEX_POINT('',#7819);
#2480=VERTEX_POINT('',#7821);
#2481=VERTEX_POINT('',#7823);
#2482=VERTEX_POINT('',#7825);
#2483=VERTEX_POINT('',#7827);
#2484=VERTEX_POINT('',#7829);
#2485=VERTEX_POINT('',#7831);
#2486=VERTEX_POINT('',#7833);
#2487=VERTEX_POINT('',#7835);
#2488=VERTEX_POINT('',#7837);
#2489=VERTEX_POINT('',#7839);
#2490=VERTEX_POINT('',#7841);
#2491=VERTEX_POINT('',#7843);
#2492=VERTEX_POINT('',#7845);
#2493=VERTEX_POINT('',#7847);
#2494=VERTEX_POINT('',#7849);
#2495=VERTEX_POINT('',#7851);
#2496=VERTEX_POINT('',#7853);
#2497=VERTEX_POINT('',#7855);
#2498=VERTEX_POINT('',#7857);
#2499=VERTEX_POINT('',#7859);
#2500=VERTEX_POINT('',#7861);
#2501=VERTEX_POINT('',#7863);
#2502=VERTEX_POINT('',#7865);
#2503=VERTEX_POINT('',#7867);
#2504=VERTEX_POINT('',#7869);
#2505=VERTEX_POINT('',#7871);
#2506=VERTEX_POINT('',#7873);
#2507=VERTEX_POINT('',#7875);
#2508=VERTEX_POINT('',#7877);
#2509=VERTEX_POINT('',#7879);
#2510=VERTEX_POINT('',#7881);
#2511=VERTEX_POINT('',#7883);
#2512=VERTEX_POINT('',#7885);
#2513=VERTEX_POINT('',#7887);
#2514=VERTEX_POINT('',#7889);
#2515=VERTEX_POINT('',#7891);
#2516=VERTEX_POINT('',#7893);
#2517=VERTEX_POINT('',#7895);
#2518=VERTEX_POINT('',#7897);
#2519=VERTEX_POINT('',#7899);
#2520=VERTEX_POINT('',#7901);
#2521=VERTEX_POINT('',#7903);
#2522=VERTEX_POINT('',#7905);
#2523=VERTEX_POINT('',#7907);
#2524=VERTEX_POINT('',#7909);
#2525=VERTEX_POINT('',#7912);
#2526=VERTEX_POINT('',#7913);
#2527=VERTEX_POINT('',#7915);
#2528=VERTEX_POINT('',#7917);
#2529=VERTEX_POINT('',#7919);
#2530=VERTEX_POINT('',#7921);
#2531=VERTEX_POINT('',#7923);
#2532=VERTEX_POINT('',#7925);
#2533=VERTEX_POINT('',#7928);
#2534=VERTEX_POINT('',#7929);
#2535=VERTEX_POINT('',#7931);
#2536=VERTEX_POINT('',#7933);
#2537=VERTEX_POINT('',#7935);
#2538=VERTEX_POINT('',#7937);
#2539=VERTEX_POINT('',#7939);
#2540=VERTEX_POINT('',#7941);
#2541=VERTEX_POINT('',#7943);
#2542=VERTEX_POINT('',#7945);
#2543=VERTEX_POINT('',#7947);
#2544=VERTEX_POINT('',#7949);
#2545=VERTEX_POINT('',#7951);
#2546=VERTEX_POINT('',#7953);
#2547=VERTEX_POINT('',#7955);
#2548=VERTEX_POINT('',#7957);
#2549=VERTEX_POINT('',#7960);
#2550=VERTEX_POINT('',#7961);
#2551=VERTEX_POINT('',#7963);
#2552=VERTEX_POINT('',#7965);
#2553=VERTEX_POINT('',#7967);
#2554=VERTEX_POINT('',#7969);
#2555=VERTEX_POINT('',#7971);
#2556=VERTEX_POINT('',#7973);
#2557=VERTEX_POINT('',#7975);
#2558=VERTEX_POINT('',#7977);
#2559=VERTEX_POINT('',#7979);
#2560=VERTEX_POINT('',#7981);
#2561=VERTEX_POINT('',#7983);
#2562=VERTEX_POINT('',#7985);
#2563=VERTEX_POINT('',#7987);
#2564=VERTEX_POINT('',#7989);
#2565=VERTEX_POINT('',#7993);
#2566=VERTEX_POINT('',#7995);
#2567=VERTEX_POINT('',#7999);
#2568=VERTEX_POINT('',#8003);
#2569=VERTEX_POINT('',#8007);
#2570=VERTEX_POINT('',#8011);
#2571=VERTEX_POINT('',#8015);
#2572=VERTEX_POINT('',#8019);
#2573=VERTEX_POINT('',#8023);
#2574=VERTEX_POINT('',#8027);
#2575=VERTEX_POINT('',#8029);
#2576=VERTEX_POINT('',#8033);
#2577=VERTEX_POINT('',#8037);
#2578=VERTEX_POINT('',#8041);
#2579=VERTEX_POINT('',#8045);
#2580=VERTEX_POINT('',#8049);
#2581=VERTEX_POINT('',#8053);
#2582=VERTEX_POINT('',#8057);
#2583=VERTEX_POINT('',#8061);
#2584=VERTEX_POINT('',#8063);
#2585=VERTEX_POINT('',#8067);
#2586=VERTEX_POINT('',#8071);
#2587=VERTEX_POINT('',#8075);
#2588=VERTEX_POINT('',#8079);
#2589=VERTEX_POINT('',#8081);
#2590=VERTEX_POINT('',#8085);
#2591=VERTEX_POINT('',#8089);
#2592=VERTEX_POINT('',#8093);
#2593=VERTEX_POINT('',#8097);
#2594=VERTEX_POINT('',#8101);
#2595=VERTEX_POINT('',#8105);
#2596=VERTEX_POINT('',#8109);
#2597=VERTEX_POINT('',#8113);
#2598=VERTEX_POINT('',#8117);
#2599=VERTEX_POINT('',#8121);
#2600=VERTEX_POINT('',#8125);
#2601=VERTEX_POINT('',#8129);
#2602=VERTEX_POINT('',#8133);
#2603=VERTEX_POINT('',#8137);
#2604=VERTEX_POINT('',#8141);
#2605=VERTEX_POINT('',#8145);
#2606=VERTEX_POINT('',#8149);
#2607=VERTEX_POINT('',#8153);
#2608=VERTEX_POINT('',#8157);
#2609=VERTEX_POINT('',#8161);
#2610=VERTEX_POINT('',#8165);
#2611=VERTEX_POINT('',#8169);
#2612=VERTEX_POINT('',#8173);
#2613=VERTEX_POINT('',#8177);
#2614=VERTEX_POINT('',#8181);
#2615=VERTEX_POINT('',#8185);
#2616=VERTEX_POINT('',#8189);
#2617=VERTEX_POINT('',#8193);
#2618=VERTEX_POINT('',#8197);
#2619=VERTEX_POINT('',#8201);
#2620=VERTEX_POINT('',#8205);
#2621=VERTEX_POINT('',#8209);
#2622=VERTEX_POINT('',#8213);
#2623=VERTEX_POINT('',#8217);
#2624=VERTEX_POINT('',#8221);
#2625=VERTEX_POINT('',#8225);
#2626=VERTEX_POINT('',#8229);
#2627=VERTEX_POINT('',#8233);
#2628=VERTEX_POINT('',#8237);
#2629=VERTEX_POINT('',#8241);
#2630=VERTEX_POINT('',#8245);
#2631=VERTEX_POINT('',#8249);
#2632=VERTEX_POINT('',#8253);
#2633=VERTEX_POINT('',#8257);
#2634=VERTEX_POINT('',#8261);
#2635=VERTEX_POINT('',#8265);
#2636=VERTEX_POINT('',#8271);
#2637=VERTEX_POINT('',#8275);
#2638=VERTEX_POINT('',#8279);
#2639=VERTEX_POINT('',#8283);
#2640=VERTEX_POINT('',#8287);
#2641=VERTEX_POINT('',#8291);
#2642=VERTEX_POINT('',#8295);
#2643=VERTEX_POINT('',#8301);
#2644=VERTEX_POINT('',#8305);
#2645=VERTEX_POINT('',#8309);
#2646=VERTEX_POINT('',#8315);
#2647=VERTEX_POINT('',#8319);
#2648=VERTEX_POINT('',#8323);
#2649=VERTEX_POINT('',#8327);
#2650=VERTEX_POINT('',#8331);
#2651=VERTEX_POINT('',#8335);
#2652=VERTEX_POINT('',#8339);
#2653=VERTEX_POINT('',#8343);
#2654=VERTEX_POINT('',#8347);
#2655=VERTEX_POINT('',#8351);
#2656=VERTEX_POINT('',#8355);
#2657=VERTEX_POINT('',#8359);
#2658=VERTEX_POINT('',#8363);
#2659=VERTEX_POINT('',#8367);
#2660=VERTEX_POINT('',#8371);
#2661=VERTEX_POINT('',#8375);
#2662=VERTEX_POINT('',#8379);
#2663=VERTEX_POINT('',#8383);
#2664=VERTEX_POINT('',#8387);
#2665=VERTEX_POINT('',#8391);
#2666=VERTEX_POINT('',#8395);
#2667=VERTEX_POINT('',#8399);
#2668=VERTEX_POINT('',#8403);
#2669=VERTEX_POINT('',#8407);
#2670=VERTEX_POINT('',#8411);
#2671=VERTEX_POINT('',#8415);
#2672=VERTEX_POINT('',#8419);
#2673=VERTEX_POINT('',#8423);
#2674=VERTEX_POINT('',#8427);
#2675=VERTEX_POINT('',#8431);
#2676=VERTEX_POINT('',#8435);
#2677=VERTEX_POINT('',#8439);
#2678=VERTEX_POINT('',#8443);
#2679=VERTEX_POINT('',#8447);
#2680=VERTEX_POINT('',#8451);
#2681=VERTEX_POINT('',#8455);
#2682=VERTEX_POINT('',#8459);
#2683=VERTEX_POINT('',#8463);
#2684=VERTEX_POINT('',#8467);
#2685=VERTEX_POINT('',#8475);
#2686=VERTEX_POINT('',#8476);
#2687=VERTEX_POINT('',#8478);
#2688=VERTEX_POINT('',#8480);
#2689=VERTEX_POINT('',#8484);
#2690=VERTEX_POINT('',#8485);
#2691=VERTEX_POINT('',#8487);
#2692=VERTEX_POINT('',#8489);
#2693=VERTEX_POINT('',#8493);
#2694=VERTEX_POINT('',#8495);
#2695=VERTEX_POINT('',#8499);
#2696=VERTEX_POINT('',#8502);
#2697=VERTEX_POINT('',#8503);
#2698=VERTEX_POINT('',#8505);
#2699=VERTEX_POINT('',#8507);
#2700=VERTEX_POINT('',#8511);
#2701=VERTEX_POINT('',#8512);
#2702=VERTEX_POINT('',#8514);
#2703=VERTEX_POINT('',#8516);
#2704=VERTEX_POINT('',#8519);
#2705=VERTEX_POINT('',#8522);
#2706=VERTEX_POINT('',#8524);
#2707=VERTEX_POINT('',#8528);
#2708=VERTEX_POINT('',#8532);
#2709=VERTEX_POINT('',#8536);
#2710=VERTEX_POINT('',#8542);
#2711=VERTEX_POINT('',#8543);
#2712=VERTEX_POINT('',#8545);
#2713=VERTEX_POINT('',#8547);
#2714=VERTEX_POINT('',#8550);
#2715=VERTEX_POINT('',#8553);
#2716=VERTEX_POINT('',#8555);
#2717=VERTEX_POINT('',#8559);
#2718=VERTEX_POINT('',#8563);
#2719=VERTEX_POINT('',#8567);
#2720=VERTEX_POINT('',#8573);
#2721=VERTEX_POINT('',#8574);
#2722=VERTEX_POINT('',#8576);
#2723=VERTEX_POINT('',#8578);
#2724=VERTEX_POINT('',#8582);
#2725=VERTEX_POINT('',#8584);
#2726=VERTEX_POINT('',#8588);
#2727=VERTEX_POINT('',#8589);
#2728=VERTEX_POINT('',#8591);
#2729=VERTEX_POINT('',#8593);
#2730=VERTEX_POINT('',#8597);
#2731=VERTEX_POINT('',#8599);
#2732=VERTEX_POINT('',#8603);
#2733=VERTEX_POINT('',#8604);
#2734=VERTEX_POINT('',#8606);
#2735=VERTEX_POINT('',#8608);
#2736=VERTEX_POINT('',#8612);
#2737=VERTEX_POINT('',#8614);
#2738=VERTEX_POINT('',#8621);
#2739=VERTEX_POINT('',#8623);
#2740=VERTEX_POINT('',#8625);
#2741=VERTEX_POINT('',#8627);
#2742=VERTEX_POINT('',#8629);
#2743=VERTEX_POINT('',#8631);
#2744=VERTEX_POINT('',#8633);
#2745=VERTEX_POINT('',#8637);
#2746=VERTEX_POINT('',#8639);
#2747=VERTEX_POINT('',#8643);
#2748=VERTEX_POINT('',#8647);
#2749=VERTEX_POINT('',#8648);
#2750=VERTEX_POINT('',#8653);
#2751=VERTEX_POINT('',#8656);
#2752=VERTEX_POINT('',#8661);
#2753=VERTEX_POINT('',#8664);
#2754=VERTEX_POINT('',#8668);
#2755=VERTEX_POINT('',#8683);
#2756=VERTEX_POINT('',#8685);
#2757=VERTEX_POINT('',#8689);
#2758=VERTEX_POINT('',#8691);
#2759=VERTEX_POINT('',#8703);
#2760=VERTEX_POINT('',#8704);
#2761=VERTEX_POINT('',#8706);
#2762=VERTEX_POINT('',#8708);
#2763=VERTEX_POINT('',#8712);
#2764=VERTEX_POINT('',#8714);
#2765=VERTEX_POINT('',#8718);
#2766=VERTEX_POINT('',#8720);
#2767=VERTEX_POINT('',#8724);
#2768=VERTEX_POINT('',#8725);
#2769=VERTEX_POINT('',#8727);
#2770=VERTEX_POINT('',#8729);
#2771=VERTEX_POINT('',#8733);
#2772=VERTEX_POINT('',#8734);
#2773=VERTEX_POINT('',#8736);
#2774=VERTEX_POINT('',#8738);
#2775=VERTEX_POINT('',#8742);
#2776=VERTEX_POINT('',#8744);
#2777=VERTEX_POINT('',#8748);
#2778=VERTEX_POINT('',#8750);
#2779=VERTEX_POINT('',#8753);
#2780=VERTEX_POINT('',#8756);
#2781=VERTEX_POINT('',#8758);
#2782=VERTEX_POINT('',#8762);
#2783=VERTEX_POINT('',#8766);
#2784=VERTEX_POINT('',#8768);
#2785=VERTEX_POINT('',#8772);
#2786=VERTEX_POINT('',#8774);
#2787=VERTEX_POINT('',#8780);
#2788=VERTEX_POINT('',#8781);
#2789=VERTEX_POINT('',#8783);
#2790=VERTEX_POINT('',#8785);
#2791=VERTEX_POINT('',#8795);
#2792=VERTEX_POINT('',#8796);
#2793=VERTEX_POINT('',#8801);
#2794=VERTEX_POINT('',#8805);
#2795=VERTEX_POINT('',#8807);
#2796=VERTEX_POINT('',#8815);
#2797=VERTEX_POINT('',#8823);
#2798=VERTEX_POINT('',#8825);
#2799=VERTEX_POINT('',#8828);
#2800=VERTEX_POINT('',#8833);
#2801=VERTEX_POINT('',#8883);
#2802=VERTEX_POINT('',#8884);
#2803=VERTEX_POINT('',#9297);
#2804=VERTEX_POINT('',#9299);
#2805=EDGE_CURVE('',#2313,#2313,#2191,.T.);
#2806=EDGE_CURVE('',#2313,#2314,#963,.T.);
#2807=EDGE_CURVE('',#2314,#2314,#2192,.T.);
#2808=EDGE_CURVE('',#2315,#2315,#2193,.T.);
#2809=EDGE_CURVE('',#2315,#2316,#964,.T.);
#2810=EDGE_CURVE('',#2316,#2316,#2194,.T.);
#2811=EDGE_CURVE('',#2317,#2317,#2195,.T.);
#2812=EDGE_CURVE('',#2317,#2318,#965,.T.);
#2813=EDGE_CURVE('',#2318,#2318,#2196,.T.);
#2814=EDGE_CURVE('',#2319,#2319,#2197,.T.);
#2815=EDGE_CURVE('',#2319,#2320,#966,.T.);
#2816=EDGE_CURVE('',#2320,#2320,#2198,.T.);
#2817=EDGE_CURVE('',#2321,#2322,#2199,.T.);
#2818=EDGE_CURVE('',#2322,#2323,#967,.T.);
#2819=EDGE_CURVE('',#2323,#2324,#2200,.T.);
#2820=EDGE_CURVE('',#2324,#2321,#968,.T.);
#2821=EDGE_CURVE('',#2322,#2325,#969,.T.);
#2822=EDGE_CURVE('',#2326,#2325,#970,.T.);
#2823=EDGE_CURVE('',#2323,#2326,#971,.T.);
#2824=EDGE_CURVE('',#2327,#2321,#972,.T.);
#2825=EDGE_CURVE('',#2328,#2327,#2201,.T.);
#2826=EDGE_CURVE('',#2329,#2328,#973,.T.);
#2827=EDGE_CURVE('',#2330,#2329,#2202,.T.);
#2828=EDGE_CURVE('',#2331,#2330,#974,.T.);
#2829=EDGE_CURVE('',#2332,#2331,#975,.T.);
#2830=EDGE_CURVE('',#2332,#2333,#976,.T.);
#2831=EDGE_CURVE('',#2334,#2333,#2203,.T.);
#2832=EDGE_CURVE('',#2335,#2334,#977,.T.);
#2833=EDGE_CURVE('',#2336,#2335,#2204,.T.);
#2834=EDGE_CURVE('',#2336,#2337,#978,.T.);
#2835=EDGE_CURVE('',#2338,#2337,#2205,.T.);
#2836=EDGE_CURVE('',#2338,#2339,#979,.T.);
#2837=EDGE_CURVE('',#2340,#2339,#980,.T.);
#2838=EDGE_CURVE('',#2341,#2340,#981,.T.);
#2839=EDGE_CURVE('',#2342,#2341,#982,.T.);
#2840=EDGE_CURVE('',#2342,#2343,#983,.T.);
#2841=EDGE_CURVE('',#2343,#2344,#984,.T.);
#2842=EDGE_CURVE('',#2344,#2345,#985,.T.);
#2843=EDGE_CURVE('',#2325,#2345,#986,.T.);
#2844=EDGE_CURVE('',#2346,#2347,#2206,.T.);
#2845=EDGE_CURVE('',#2347,#2338,#987,.T.);
#2846=EDGE_CURVE('',#2337,#2346,#988,.T.);
#2847=EDGE_CURVE('',#2348,#2336,#989,.T.);
#2848=EDGE_CURVE('',#2348,#2346,#990,.T.);
#2849=EDGE_CURVE('',#2329,#2349,#991,.T.);
#2850=EDGE_CURVE('',#2349,#2350,#2207,.T.);
#2851=EDGE_CURVE('',#2350,#2330,#992,.T.);
#2852=EDGE_CURVE('',#2351,#2328,#993,.T.);
#2853=EDGE_CURVE('',#2351,#2349,#994,.T.);
#2854=EDGE_CURVE('',#2327,#2352,#995,.T.);
#2855=EDGE_CURVE('',#2352,#2351,#2208,.T.);
#2856=EDGE_CURVE('',#2352,#2324,#996,.T.);
#2857=EDGE_CURVE('',#2353,#2348,#2209,.T.);
#2858=EDGE_CURVE('',#2335,#2353,#997,.T.);
#2859=EDGE_CURVE('',#2354,#2355,#2210,.T.);
#2860=EDGE_CURVE('',#2355,#2334,#998,.T.);
#2861=EDGE_CURVE('',#2333,#2354,#999,.T.);
#2862=EDGE_CURVE('',#2355,#2353,#1000,.T.);
#2863=EDGE_CURVE('',#2356,#2344,#1001,.T.);
#2864=EDGE_CURVE('',#2356,#2357,#1002,.T.);
#2865=EDGE_CURVE('',#2345,#2357,#1003,.T.);
#2866=EDGE_CURVE('',#2357,#2326,#1004,.T.);
#2867=EDGE_CURVE('',#2358,#2343,#1005,.T.);
#2868=EDGE_CURVE('',#2358,#2356,#1006,.T.);
#2869=EDGE_CURVE('',#2341,#2359,#1007,.T.);
#2870=EDGE_CURVE('',#2360,#2340,#1008,.T.);
#2871=EDGE_CURVE('',#2359,#2360,#1009,.T.);
#2872=EDGE_CURVE('',#2339,#2361,#1010,.T.);
#2873=EDGE_CURVE('',#2361,#2360,#1011,.T.);
#2874=EDGE_CURVE('',#2362,#2359,#1012,.T.);
#2875=EDGE_CURVE('',#2342,#2362,#1013,.T.);
#2876=EDGE_CURVE('',#2347,#2361,#1014,.T.);
#2877=EDGE_CURVE('',#2358,#2362,#1015,.T.);
#2878=EDGE_CURVE('',#2331,#2363,#2211,.T.);
#2879=EDGE_CURVE('',#2363,#2364,#1016,.T.);
#2880=EDGE_CURVE('',#2364,#2332,#2212,.T.);
#2881=EDGE_CURVE('',#2365,#2366,#2213,.T.);
#2882=EDGE_CURVE('',#2366,#2367,#1017,.T.);
#2883=EDGE_CURVE('',#2367,#2368,#2214,.T.);
#2884=EDGE_CURVE('',#2368,#2365,#1018,.T.);
#2885=EDGE_CURVE('',#2367,#2354,#1019,.T.);
#2886=EDGE_CURVE('',#2366,#2350,#1020,.T.);
#2887=EDGE_CURVE('',#2365,#2369,#1021,.T.);
#2888=EDGE_CURVE('',#2369,#2331,#1022,.T.);
#2889=EDGE_CURVE('',#2368,#2370,#1023,.T.);
#2890=EDGE_CURVE('',#2370,#2371,#2215,.T.);
#2891=EDGE_CURVE('',#2371,#2372,#1024,.T.);
#2892=EDGE_CURVE('',#2372,#2373,#2216,.T.);
#2893=EDGE_CURVE('',#2373,#2365,#1025,.T.);
#2894=EDGE_CURVE('',#2374,#2374,#2217,.F.);
#2895=EDGE_CURVE('',#2375,#2375,#2218,.F.);
#2896=EDGE_CURVE('',#2363,#2376,#1026,.T.);
#2897=EDGE_CURVE('',#2376,#2377,#2219,.T.);
#2898=EDGE_CURVE('',#2377,#2378,#1027,.T.);
#2899=EDGE_CURVE('',#2378,#2379,#2220,.T.);
#2900=EDGE_CURVE('',#2379,#2364,#1028,.T.);
#2901=EDGE_CURVE('',#2380,#2380,#2221,.F.);
#2902=EDGE_CURVE('',#2381,#2381,#2222,.F.);
#2903=EDGE_CURVE('',#2380,#2382,#1029,.T.);
#2904=EDGE_CURVE('',#2382,#2382,#2223,.F.);
#2905=EDGE_CURVE('',#2381,#2383,#1030,.T.);
#2906=EDGE_CURVE('',#2383,#2383,#2224,.F.);
#2907=EDGE_CURVE('',#2375,#2384,#1031,.T.);
#2908=EDGE_CURVE('',#2384,#2384,#2225,.F.);
#2909=EDGE_CURVE('',#2374,#2385,#1032,.T.);
#2910=EDGE_CURVE('',#2385,#2385,#2226,.F.);
#2911=EDGE_CURVE('',#2386,#2387,#1033,.T.);
#2912=EDGE_CURVE('',#2386,#2378,#1034,.T.);
#2913=EDGE_CURVE('',#2387,#2377,#1035,.T.);
#2914=EDGE_CURVE('',#2388,#2387,#2227,.T.);
#2915=EDGE_CURVE('',#2388,#2376,#1036,.T.);
#2916=EDGE_CURVE('',#2388,#2389,#1037,.T.);
#2917=EDGE_CURVE('',#2389,#2373,#1038,.T.);
#2918=EDGE_CURVE('',#2390,#2389,#2228,.T.);
#2919=EDGE_CURVE('',#2390,#2372,#1039,.T.);
#2920=EDGE_CURVE('',#2390,#2391,#1040,.T.);
#2921=EDGE_CURVE('',#2391,#2371,#1041,.T.);
#2922=EDGE_CURVE('',#2392,#2391,#2229,.T.);
#2923=EDGE_CURVE('',#2392,#2370,#1042,.T.);
#2924=EDGE_CURVE('',#2393,#2379,#1043,.T.);
#2925=EDGE_CURVE('',#2392,#2393,#1044,.T.);
#2926=EDGE_CURVE('',#2386,#2393,#2230,.T.);
#2927=EDGE_CURVE('',#2394,#2394,#2231,.T.);
#2928=EDGE_CURVE('',#2394,#2395,#1045,.T.);
#2929=EDGE_CURVE('',#2395,#2395,#2232,.T.);
#2930=EDGE_CURVE('',#2396,#2396,#2233,.T.);
#2931=EDGE_CURVE('',#2396,#2397,#1046,.T.);
#2932=EDGE_CURVE('',#2397,#2397,#2234,.T.);
#2933=EDGE_CURVE('',#2397,#2398,#1047,.T.);
#2934=EDGE_CURVE('',#2398,#2398,#2235,.T.);
#2935=EDGE_CURVE('',#2399,#2400,#2236,.T.);
#2936=EDGE_CURVE('',#2400,#2401,#1048,.T.);
#2937=EDGE_CURVE('',#2401,#2402,#2237,.T.);
#2938=EDGE_CURVE('',#2402,#2403,#1049,.T.);
#2939=EDGE_CURVE('',#2403,#2404,#2238,.T.);
#2940=EDGE_CURVE('',#2404,#2405,#1050,.T.);
#2941=EDGE_CURVE('',#2405,#2406,#2239,.T.);
#2942=EDGE_CURVE('',#2406,#2399,#1051,.T.);
#2943=EDGE_CURVE('',#2407,#2407,#2240,.T.);
#2944=EDGE_CURVE('',#2408,#2408,#2241,.T.);
#2945=EDGE_CURVE('',#2409,#2409,#2242,.T.);
#2946=EDGE_CURVE('',#2410,#2410,#2243,.T.);
#2947=EDGE_CURVE('',#2410,#2411,#1052,.T.);
#2948=EDGE_CURVE('',#2411,#2411,#2244,.T.);
#2949=EDGE_CURVE('',#2409,#2412,#1053,.T.);
#2950=EDGE_CURVE('',#2412,#2412,#2245,.T.);
#2951=EDGE_CURVE('',#2408,#2413,#1054,.T.);
#2952=EDGE_CURVE('',#2413,#2413,#2246,.T.);
#2953=EDGE_CURVE('',#2407,#2414,#1055,.T.);
#2954=EDGE_CURVE('',#2414,#2414,#2247,.T.);
#2955=EDGE_CURVE('',#2415,#2400,#1056,.T.);
#2956=EDGE_CURVE('',#2416,#2415,#1057,.T.);
#2957=EDGE_CURVE('',#2401,#2416,#1058,.T.);
#2958=EDGE_CURVE('',#2417,#2416,#2248,.T.);
#2959=EDGE_CURVE('',#2402,#2417,#1059,.T.);
#2960=EDGE_CURVE('',#2418,#2417,#1060,.T.);
#2961=EDGE_CURVE('',#2403,#2418,#1061,.T.);
#2962=EDGE_CURVE('',#2419,#2418,#2249,.T.);
#2963=EDGE_CURVE('',#2404,#2419,#1062,.T.);
#2964=EDGE_CURVE('',#2420,#2419,#1063,.T.);
#2965=EDGE_CURVE('',#2405,#2420,#1064,.T.);
#2966=EDGE_CURVE('',#2421,#2420,#2250,.T.);
#2967=EDGE_CURVE('',#2406,#2421,#1065,.T.);
#2968=EDGE_CURVE('',#2422,#2421,#1066,.T.);
#2969=EDGE_CURVE('',#2399,#2422,#1067,.T.);
#2970=EDGE_CURVE('',#2415,#2422,#2251,.T.);
#2971=EDGE_CURVE('',#2423,#2424,#1068,.T.);
#2972=EDGE_CURVE('',#2425,#2423,#1069,.T.);
#2973=EDGE_CURVE('',#2424,#2425,#1070,.T.);
#2974=EDGE_CURVE('',#2426,#2423,#1071,.T.);
#2975=EDGE_CURVE('',#2427,#2426,#1072,.T.);
#2976=EDGE_CURVE('',#2425,#2427,#1073,.T.);
#2977=EDGE_CURVE('',#2428,#2426,#1074,.T.);
#2978=EDGE_CURVE('',#2427,#2428,#1075,.T.);
#2979=EDGE_CURVE('',#2429,#2424,#1076,.T.);
#2980=EDGE_CURVE('',#2430,#2429,#1077,.T.);
#2981=EDGE_CURVE('',#2431,#2430,#1078,.T.);
#2982=EDGE_CURVE('',#2431,#2432,#1079,.T.);
#2983=EDGE_CURVE('',#2428,#2432,#1080,.T.);
#2984=EDGE_CURVE('',#2433,#2431,#1081,.T.);
#2985=EDGE_CURVE('',#2434,#2433,#1082,.T.);
#2986=EDGE_CURVE('',#2432,#2434,#1083,.T.);
#2987=EDGE_CURVE('',#2435,#2434,#1084,.T.);
#2988=EDGE_CURVE('',#2435,#2429,#1085,.T.);
#2989=EDGE_CURVE('',#2430,#2436,#1086,.T.);
#2990=EDGE_CURVE('',#2433,#2436,#1087,.T.);
#2991=EDGE_CURVE('',#2436,#2435,#1088,.T.);
#2992=EDGE_CURVE('',#2437,#2438,#1089,.T.);
#2993=EDGE_CURVE('',#2439,#2438,#1090,.T.);
#2994=EDGE_CURVE('',#2440,#2439,#1091,.T.);
#2995=EDGE_CURVE('',#2437,#2440,#1092,.T.);
#2996=EDGE_CURVE('',#2441,#2442,#1093,.T.);
#2997=EDGE_CURVE('',#2440,#2442,#1094,.T.);
#2998=EDGE_CURVE('',#2439,#2441,#1095,.T.);
#2999=EDGE_CURVE('',#2443,#2441,#1096,.T.);
#3000=EDGE_CURVE('',#2438,#2443,#1097,.T.);
#3001=EDGE_CURVE('',#2444,#2443,#1098,.T.);
#3002=EDGE_CURVE('',#2444,#2437,#1099,.T.);
#3003=EDGE_CURVE('',#2442,#2444,#1100,.T.);
#3004=EDGE_CURVE('',#2445,#2446,#1101,.T.);
#3005=EDGE_CURVE('',#2446,#2447,#2252,.T.);
#3006=EDGE_CURVE('',#2447,#2448,#1102,.T.);
#3007=EDGE_CURVE('',#2448,#2449,#1103,.T.);
#3008=EDGE_CURVE('',#2449,#2450,#1104,.T.);
#3009=EDGE_CURVE('',#2450,#2451,#1105,.T.);
#3010=EDGE_CURVE('',#2451,#2452,#1106,.T.);
#3011=EDGE_CURVE('',#2452,#2453,#1107,.T.);
#3012=EDGE_CURVE('',#2453,#2454,#1108,.T.);
#3013=EDGE_CURVE('',#2454,#2455,#1109,.T.);
#3014=EDGE_CURVE('',#2455,#2456,#1110,.T.);
#3015=EDGE_CURVE('',#2456,#2457,#1111,.T.);
#3016=EDGE_CURVE('',#2457,#2458,#1112,.T.);
#3017=EDGE_CURVE('',#2458,#2459,#1113,.T.);
#3018=EDGE_CURVE('',#2459,#2460,#1114,.T.);
#3019=EDGE_CURVE('',#2460,#2461,#2253,.T.);
#3020=EDGE_CURVE('',#2461,#2462,#1115,.T.);
#3021=EDGE_CURVE('',#2462,#2463,#1116,.T.);
#3022=EDGE_CURVE('',#2463,#2464,#1117,.T.);
#3023=EDGE_CURVE('',#2464,#2465,#1118,.T.);
#3024=EDGE_CURVE('',#2465,#2466,#1119,.T.);
#3025=EDGE_CURVE('',#2466,#2467,#1120,.T.);
#3026=EDGE_CURVE('',#2467,#2468,#1121,.T.);
#3027=EDGE_CURVE('',#2468,#2469,#1122,.T.);
#3028=EDGE_CURVE('',#2469,#2470,#1123,.T.);
#3029=EDGE_CURVE('',#2470,#2471,#1124,.T.);
#3030=EDGE_CURVE('',#2471,#2472,#1125,.T.);
#3031=EDGE_CURVE('',#2472,#2473,#1126,.T.);
#3032=EDGE_CURVE('',#2473,#2474,#1127,.T.);
#3033=EDGE_CURVE('',#2474,#2475,#1128,.T.);
#3034=EDGE_CURVE('',#2475,#2476,#1129,.T.);
#3035=EDGE_CURVE('',#2476,#2477,#1130,.T.);
#3036=EDGE_CURVE('',#2477,#2478,#1131,.T.);
#3037=EDGE_CURVE('',#2478,#2479,#1132,.T.);
#3038=EDGE_CURVE('',#2479,#2480,#1133,.T.);
#3039=EDGE_CURVE('',#2480,#2481,#1134,.T.);
#3040=EDGE_CURVE('',#2481,#2482,#1135,.T.);
#3041=EDGE_CURVE('',#2482,#2483,#1136,.T.);
#3042=EDGE_CURVE('',#2483,#2484,#1137,.T.);
#3043=EDGE_CURVE('',#2484,#2485,#1138,.T.);
#3044=EDGE_CURVE('',#2485,#2486,#1139,.T.);
#3045=EDGE_CURVE('',#2486,#2487,#2254,.T.);
#3046=EDGE_CURVE('',#2487,#2488,#1140,.T.);
#3047=EDGE_CURVE('',#2488,#2489,#1141,.T.);
#3048=EDGE_CURVE('',#2489,#2490,#1142,.T.);
#3049=EDGE_CURVE('',#2490,#2491,#1143,.T.);
#3050=EDGE_CURVE('',#2491,#2492,#1144,.T.);
#3051=EDGE_CURVE('',#2492,#2493,#1145,.T.);
#3052=EDGE_CURVE('',#2493,#2494,#1146,.T.);
#3053=EDGE_CURVE('',#2494,#2495,#1147,.T.);
#3054=EDGE_CURVE('',#2495,#2496,#1148,.T.);
#3055=EDGE_CURVE('',#2496,#2497,#1149,.T.);
#3056=EDGE_CURVE('',#2497,#2498,#1150,.T.);
#3057=EDGE_CURVE('',#2498,#2499,#1151,.T.);
#3058=EDGE_CURVE('',#2499,#2500,#1152,.T.);
#3059=EDGE_CURVE('',#2500,#2501,#2255,.T.);
#3060=EDGE_CURVE('',#2501,#2502,#1153,.T.);
#3061=EDGE_CURVE('',#2502,#2503,#1154,.T.);
#3062=EDGE_CURVE('',#2503,#2504,#1155,.T.);
#3063=EDGE_CURVE('',#2504,#2505,#1156,.T.);
#3064=EDGE_CURVE('',#2505,#2506,#1157,.T.);
#3065=EDGE_CURVE('',#2506,#2507,#1158,.T.);
#3066=EDGE_CURVE('',#2507,#2508,#1159,.T.);
#3067=EDGE_CURVE('',#2508,#2509,#1160,.T.);
#3068=EDGE_CURVE('',#2509,#2510,#1161,.T.);
#3069=EDGE_CURVE('',#2510,#2511,#1162,.T.);
#3070=EDGE_CURVE('',#2511,#2512,#1163,.T.);
#3071=EDGE_CURVE('',#2512,#2513,#1164,.T.);
#3072=EDGE_CURVE('',#2513,#2514,#1165,.T.);
#3073=EDGE_CURVE('',#2514,#2515,#1166,.T.);
#3074=EDGE_CURVE('',#2515,#2516,#1167,.T.);
#3075=EDGE_CURVE('',#2516,#2517,#1168,.T.);
#3076=EDGE_CURVE('',#2517,#2518,#1169,.T.);
#3077=EDGE_CURVE('',#2518,#2519,#1170,.T.);
#3078=EDGE_CURVE('',#2519,#2520,#1171,.T.);
#3079=EDGE_CURVE('',#2520,#2521,#1172,.T.);
#3080=EDGE_CURVE('',#2521,#2522,#1173,.T.);
#3081=EDGE_CURVE('',#2522,#2523,#1174,.T.);
#3082=EDGE_CURVE('',#2523,#2524,#1175,.T.);
#3083=EDGE_CURVE('',#2524,#2445,#1176,.T.);
#3084=EDGE_CURVE('',#2525,#2526,#1177,.T.);
#3085=EDGE_CURVE('',#2526,#2527,#1178,.T.);
#3086=EDGE_CURVE('',#2527,#2528,#1179,.T.);
#3087=EDGE_CURVE('',#2528,#2529,#1180,.T.);
#3088=EDGE_CURVE('',#2529,#2530,#1181,.T.);
#3089=EDGE_CURVE('',#2530,#2531,#1182,.T.);
#3090=EDGE_CURVE('',#2531,#2532,#1183,.T.);
#3091=EDGE_CURVE('',#2532,#2525,#1184,.T.);
#3092=EDGE_CURVE('',#2533,#2534,#1185,.T.);
#3093=EDGE_CURVE('',#2534,#2535,#1186,.T.);
#3094=EDGE_CURVE('',#2535,#2536,#2256,.T.);
#3095=EDGE_CURVE('',#2536,#2537,#1187,.T.);
#3096=EDGE_CURVE('',#2537,#2538,#1188,.T.);
#3097=EDGE_CURVE('',#2538,#2539,#1189,.T.);
#3098=EDGE_CURVE('',#2539,#2540,#2257,.T.);
#3099=EDGE_CURVE('',#2540,#2541,#1190,.T.);
#3100=EDGE_CURVE('',#2541,#2542,#1191,.T.);
#3101=EDGE_CURVE('',#2542,#2543,#1192,.T.);
#3102=EDGE_CURVE('',#2543,#2544,#2258,.T.);
#3103=EDGE_CURVE('',#2544,#2545,#1193,.T.);
#3104=EDGE_CURVE('',#2545,#2546,#1194,.T.);
#3105=EDGE_CURVE('',#2546,#2547,#1195,.T.);
#3106=EDGE_CURVE('',#2547,#2548,#2259,.T.);
#3107=EDGE_CURVE('',#2548,#2533,#1196,.T.);
#3108=EDGE_CURVE('',#2549,#2550,#1197,.T.);
#3109=EDGE_CURVE('',#2550,#2551,#1198,.T.);
#3110=EDGE_CURVE('',#2551,#2552,#2260,.T.);
#3111=EDGE_CURVE('',#2552,#2553,#1199,.T.);
#3112=EDGE_CURVE('',#2553,#2554,#1200,.T.);
#3113=EDGE_CURVE('',#2554,#2555,#1201,.T.);
#3114=EDGE_CURVE('',#2555,#2556,#2261,.T.);
#3115=EDGE_CURVE('',#2556,#2557,#1202,.T.);
#3116=EDGE_CURVE('',#2557,#2558,#1203,.T.);
#3117=EDGE_CURVE('',#2558,#2559,#1204,.T.);
#3118=EDGE_CURVE('',#2559,#2560,#2262,.T.);
#3119=EDGE_CURVE('',#2560,#2561,#1205,.T.);
#3120=EDGE_CURVE('',#2561,#2562,#1206,.T.);
#3121=EDGE_CURVE('',#2562,#2563,#1207,.T.);
#3122=EDGE_CURVE('',#2563,#2564,#2263,.T.);
#3123=EDGE_CURVE('',#2564,#2549,#1208,.T.);
#3124=EDGE_CURVE('',#2565,#2556,#1209,.T.);
#3125=EDGE_CURVE('',#2565,#2566,#1210,.T.);
#3126=EDGE_CURVE('',#2566,#2557,#1211,.T.);
#3127=EDGE_CURVE('',#2567,#2555,#1212,.T.);
#3128=EDGE_CURVE('',#2567,#2565,#2264,.T.);
#3129=EDGE_CURVE('',#2568,#2554,#1213,.T.);
#3130=EDGE_CURVE('',#2568,#2567,#1214,.T.);
#3131=EDGE_CURVE('',#2569,#2553,#1215,.T.);
#3132=EDGE_CURVE('',#2569,#2568,#1216,.T.);
#3133=EDGE_CURVE('',#2570,#2552,#1217,.T.);
#3134=EDGE_CURVE('',#2570,#2569,#1218,.T.);
#3135=EDGE_CURVE('',#2571,#2551,#1219,.T.);
#3136=EDGE_CURVE('',#2571,#2570,#2265,.T.);
#3137=EDGE_CURVE('',#2572,#2550,#1220,.T.);
#3138=EDGE_CURVE('',#2572,#2571,#1221,.T.);
#3139=EDGE_CURVE('',#2573,#2549,#1222,.T.);
#3140=EDGE_CURVE('',#2573,#2572,#1223,.T.);
#3141=EDGE_CURVE('',#2574,#2540,#1224,.T.);
#3142=EDGE_CURVE('',#2574,#2575,#1225,.T.);
#3143=EDGE_CURVE('',#2575,#2541,#1226,.T.);
#3144=EDGE_CURVE('',#2576,#2539,#1227,.T.);
#3145=EDGE_CURVE('',#2576,#2574,#2266,.T.);
#3146=EDGE_CURVE('',#2577,#2538,#1228,.T.);
#3147=EDGE_CURVE('',#2577,#2576,#1229,.T.);
#3148=EDGE_CURVE('',#2578,#2537,#1230,.T.);
#3149=EDGE_CURVE('',#2578,#2577,#1231,.T.);
#3150=EDGE_CURVE('',#2579,#2536,#1232,.T.);
#3151=EDGE_CURVE('',#2579,#2578,#1233,.T.);
#3152=EDGE_CURVE('',#2580,#2535,#1234,.T.);
#3153=EDGE_CURVE('',#2580,#2579,#2267,.T.);
#3154=EDGE_CURVE('',#2581,#2534,#1235,.T.);
#3155=EDGE_CURVE('',#2581,#2580,#1236,.T.);
#3156=EDGE_CURVE('',#2582,#2533,#1237,.T.);
#3157=EDGE_CURVE('',#2582,#2581,#1238,.T.);
#3158=EDGE_CURVE('',#2583,#2528,#1239,.T.);
#3159=EDGE_CURVE('',#2583,#2584,#1240,.T.);
#3160=EDGE_CURVE('',#2584,#2529,#1241,.T.);
#3161=EDGE_CURVE('',#2585,#2527,#1242,.T.);
#3162=EDGE_CURVE('',#2585,#2583,#1243,.T.);
#3163=EDGE_CURVE('',#2586,#2526,#1244,.T.);
#3164=EDGE_CURVE('',#2586,#2585,#1245,.T.);
#3165=EDGE_CURVE('',#2587,#2525,#1246,.T.);
#3166=EDGE_CURVE('',#2587,#2586,#1247,.T.);
#3167=EDGE_CURVE('',#2588,#2484,#1248,.T.);
#3168=EDGE_CURVE('',#2588,#2589,#1249,.T.);
#3169=EDGE_CURVE('',#2589,#2485,#1250,.T.);
#3170=EDGE_CURVE('',#2590,#2483,#1251,.T.);
#3171=EDGE_CURVE('',#2588,#2590,#1252,.T.);
#3172=EDGE_CURVE('',#2591,#2482,#1253,.T.);
#3173=EDGE_CURVE('',#2591,#2590,#1254,.T.);
#3174=EDGE_CURVE('',#2592,#2481,#1255,.T.);
#3175=EDGE_CURVE('',#2591,#2592,#1256,.T.);
#3176=EDGE_CURVE('',#2593,#2480,#1257,.T.);
#3177=EDGE_CURVE('',#2592,#2593,#1258,.T.);
#3178=EDGE_CURVE('',#2594,#2479,#1259,.T.);
#3179=EDGE_CURVE('',#2594,#2593,#1260,.T.);
#3180=EDGE_CURVE('',#2595,#2478,#1261,.T.);
#3181=EDGE_CURVE('',#2595,#2594,#1262,.T.);
#3182=EDGE_CURVE('',#2596,#2477,#1263,.T.);
#3183=EDGE_CURVE('',#2596,#2595,#1264,.T.);
#3184=EDGE_CURVE('',#2597,#2476,#1265,.T.);
#3185=EDGE_CURVE('',#2597,#2596,#1266,.T.);
#3186=EDGE_CURVE('',#2598,#2475,#1267,.T.);
#3187=EDGE_CURVE('',#2598,#2597,#1268,.T.);
#3188=EDGE_CURVE('',#2599,#2474,#1269,.T.);
#3189=EDGE_CURVE('',#2599,#2598,#1270,.T.);
#3190=EDGE_CURVE('',#2600,#2473,#1271,.T.);
#3191=EDGE_CURVE('',#2599,#2600,#1272,.T.);
#3192=EDGE_CURVE('',#2601,#2472,#1273,.T.);
#3193=EDGE_CURVE('',#2600,#2601,#1274,.T.);
#3194=EDGE_CURVE('',#2602,#2471,#1275,.T.);
#3195=EDGE_CURVE('',#2601,#2602,#1276,.T.);
#3196=EDGE_CURVE('',#2603,#2470,#1277,.T.);
#3197=EDGE_CURVE('',#2602,#2603,#1278,.T.);
#3198=EDGE_CURVE('',#2604,#2469,#1279,.T.);
#3199=EDGE_CURVE('',#2603,#2604,#1280,.T.);
#3200=EDGE_CURVE('',#2605,#2468,#1281,.T.);
#3201=EDGE_CURVE('',#2604,#2605,#1282,.T.);
#3202=EDGE_CURVE('',#2606,#2467,#1283,.T.);
#3203=EDGE_CURVE('',#2606,#2605,#1284,.T.);
#3204=EDGE_CURVE('',#2607,#2466,#1285,.T.);
#3205=EDGE_CURVE('',#2607,#2606,#1286,.T.);
#3206=EDGE_CURVE('',#2608,#2465,#1287,.T.);
#3207=EDGE_CURVE('',#2608,#2607,#1288,.T.);
#3208=EDGE_CURVE('',#2609,#2464,#1289,.T.);
#3209=EDGE_CURVE('',#2608,#2609,#1290,.T.);
#3210=EDGE_CURVE('',#2610,#2463,#1291,.T.);
#3211=EDGE_CURVE('',#2610,#2609,#1292,.T.);
#3212=EDGE_CURVE('',#2611,#2462,#1293,.T.);
#3213=EDGE_CURVE('',#2610,#2611,#1294,.T.);
#3214=EDGE_CURVE('',#2612,#2461,#1295,.T.);
#3215=EDGE_CURVE('',#2611,#2612,#1296,.T.);
#3216=EDGE_CURVE('',#2613,#2460,#1297,.T.);
#3217=EDGE_CURVE('',#2613,#2612,#2268,.T.);
#3218=EDGE_CURVE('',#2614,#2459,#1298,.T.);
#3219=EDGE_CURVE('',#2613,#2614,#1299,.T.);
#3220=EDGE_CURVE('',#2615,#2458,#1300,.T.);
#3221=EDGE_CURVE('',#2614,#2615,#1301,.T.);
#3222=EDGE_CURVE('',#2616,#2457,#1302,.T.);
#3223=EDGE_CURVE('',#2615,#2616,#1303,.T.);
#3224=EDGE_CURVE('',#2617,#2456,#1304,.T.);
#3225=EDGE_CURVE('',#2616,#2617,#1305,.T.);
#3226=EDGE_CURVE('',#2618,#2455,#1306,.T.);
#3227=EDGE_CURVE('',#2617,#2618,#1307,.T.);
#3228=EDGE_CURVE('',#2619,#2454,#1308,.T.);
#3229=EDGE_CURVE('',#2618,#2619,#1309,.T.);
#3230=EDGE_CURVE('',#2620,#2453,#1310,.T.);
#3231=EDGE_CURVE('',#2620,#2619,#1311,.T.);
#3232=EDGE_CURVE('',#2621,#2452,#1312,.T.);
#3233=EDGE_CURVE('',#2621,#2620,#1313,.T.);
#3234=EDGE_CURVE('',#2622,#2451,#1314,.T.);
#3235=EDGE_CURVE('',#2622,#2621,#1315,.T.);
#3236=EDGE_CURVE('',#2623,#2450,#1316,.T.);
#3237=EDGE_CURVE('',#2622,#2623,#1317,.T.);
#3238=EDGE_CURVE('',#2624,#2449,#1318,.T.);
#3239=EDGE_CURVE('',#2624,#2623,#1319,.T.);
#3240=EDGE_CURVE('',#2625,#2448,#1320,.T.);
#3241=EDGE_CURVE('',#2624,#2625,#1321,.T.);
#3242=EDGE_CURVE('',#2626,#2447,#1322,.T.);
#3243=EDGE_CURVE('',#2625,#2626,#1323,.T.);
#3244=EDGE_CURVE('',#2627,#2446,#1324,.T.);
#3245=EDGE_CURVE('',#2627,#2626,#2269,.T.);
#3246=EDGE_CURVE('',#2628,#2445,#1325,.T.);
#3247=EDGE_CURVE('',#2627,#2628,#1326,.T.);
#3248=EDGE_CURVE('',#2629,#2564,#1327,.T.);
#3249=EDGE_CURVE('',#2629,#2573,#1328,.T.);
#3250=EDGE_CURVE('',#2630,#2563,#1329,.T.);
#3251=EDGE_CURVE('',#2630,#2629,#2270,.T.);
#3252=EDGE_CURVE('',#2631,#2562,#1330,.T.);
#3253=EDGE_CURVE('',#2631,#2630,#1331,.T.);
#3254=EDGE_CURVE('',#2632,#2561,#1332,.T.);
#3255=EDGE_CURVE('',#2632,#2631,#1333,.T.);
#3256=EDGE_CURVE('',#2633,#2560,#1334,.T.);
#3257=EDGE_CURVE('',#2633,#2632,#1335,.T.);
#3258=EDGE_CURVE('',#2634,#2559,#1336,.T.);
#3259=EDGE_CURVE('',#2634,#2633,#2271,.T.);
#3260=EDGE_CURVE('',#2635,#2558,#1337,.T.);
#3261=EDGE_CURVE('',#2635,#2634,#1338,.T.);
#3262=EDGE_CURVE('',#2566,#2635,#1339,.T.);
#3263=EDGE_CURVE('',#2636,#2548,#1340,.T.);
#3264=EDGE_CURVE('',#2636,#2582,#1341,.T.);
#3265=EDGE_CURVE('',#2637,#2547,#1342,.T.);
#3266=EDGE_CURVE('',#2637,#2636,#2272,.T.);
#3267=EDGE_CURVE('',#2638,#2546,#1343,.T.);
#3268=EDGE_CURVE('',#2638,#2637,#1344,.T.);
#3269=EDGE_CURVE('',#2639,#2545,#1345,.T.);
#3270=EDGE_CURVE('',#2639,#2638,#1346,.T.);
#3271=EDGE_CURVE('',#2640,#2544,#1347,.T.);
#3272=EDGE_CURVE('',#2640,#2639,#1348,.T.);
#3273=EDGE_CURVE('',#2641,#2543,#1349,.T.);
#3274=EDGE_CURVE('',#2641,#2640,#2273,.T.);
#3275=EDGE_CURVE('',#2642,#2542,#1350,.T.);
#3276=EDGE_CURVE('',#2642,#2641,#1351,.T.);
#3277=EDGE_CURVE('',#2575,#2642,#1352,.T.);
#3278=EDGE_CURVE('',#2643,#2532,#1353,.T.);
#3279=EDGE_CURVE('',#2643,#2587,#1354,.T.);
#3280=EDGE_CURVE('',#2644,#2531,#1355,.T.);
#3281=EDGE_CURVE('',#2644,#2643,#1356,.T.);
#3282=EDGE_CURVE('',#2645,#2530,#1357,.T.);
#3283=EDGE_CURVE('',#2645,#2644,#1358,.T.);
#3284=EDGE_CURVE('',#2584,#2645,#1359,.T.);
#3285=EDGE_CURVE('',#2646,#2524,#1360,.T.);
#3286=EDGE_CURVE('',#2628,#2646,#1361,.T.);
#3287=EDGE_CURVE('',#2647,#2523,#1362,.T.);
#3288=EDGE_CURVE('',#2646,#2647,#1363,.T.);
#3289=EDGE_CURVE('',#2648,#2522,#1364,.T.);
#3290=EDGE_CURVE('',#2647,#2648,#1365,.T.);
#3291=EDGE_CURVE('',#2649,#2521,#1366,.T.);
#3292=EDGE_CURVE('',#2648,#2649,#1367,.T.);
#3293=EDGE_CURVE('',#2650,#2520,#1368,.T.);
#3294=EDGE_CURVE('',#2649,#2650,#1369,.T.);
#3295=EDGE_CURVE('',#2651,#2519,#1370,.T.);
#3296=EDGE_CURVE('',#2651,#2650,#1371,.T.);
#3297=EDGE_CURVE('',#2652,#2518,#1372,.T.);
#3298=EDGE_CURVE('',#2652,#2651,#1373,.T.);
#3299=EDGE_CURVE('',#2653,#2517,#1374,.T.);
#3300=EDGE_CURVE('',#2653,#2652,#1375,.T.);
#3301=EDGE_CURVE('',#2654,#2516,#1376,.T.);
#3302=EDGE_CURVE('',#2653,#2654,#1377,.T.);
#3303=EDGE_CURVE('',#2655,#2515,#1378,.T.);
#3304=EDGE_CURVE('',#2655,#2654,#1379,.T.);
#3305=EDGE_CURVE('',#2656,#2514,#1380,.T.);
#3306=EDGE_CURVE('',#2655,#2656,#1381,.T.);
#3307=EDGE_CURVE('',#2657,#2513,#1382,.T.);
#3308=EDGE_CURVE('',#2656,#2657,#1383,.T.);
#3309=EDGE_CURVE('',#2658,#2512,#1384,.T.);
#3310=EDGE_CURVE('',#2658,#2657,#1385,.T.);
#3311=EDGE_CURVE('',#2659,#2511,#1386,.T.);
#3312=EDGE_CURVE('',#2658,#2659,#1387,.T.);
#3313=EDGE_CURVE('',#2660,#2510,#1388,.T.);
#3314=EDGE_CURVE('',#2660,#2659,#1389,.T.);
#3315=EDGE_CURVE('',#2661,#2509,#1390,.T.);
#3316=EDGE_CURVE('',#2660,#2661,#1391,.T.);
#3317=EDGE_CURVE('',#2662,#2508,#1392,.T.);
#3318=EDGE_CURVE('',#2661,#2662,#1393,.T.);
#3319=EDGE_CURVE('',#2663,#2507,#1394,.T.);
#3320=EDGE_CURVE('',#2663,#2662,#1395,.T.);
#3321=EDGE_CURVE('',#2664,#2506,#1396,.T.);
#3322=EDGE_CURVE('',#2664,#2663,#1397,.T.);
#3323=EDGE_CURVE('',#2665,#2505,#1398,.T.);
#3324=EDGE_CURVE('',#2665,#2664,#1399,.T.);
#3325=EDGE_CURVE('',#2666,#2504,#1400,.T.);
#3326=EDGE_CURVE('',#2666,#2665,#1401,.T.);
#3327=EDGE_CURVE('',#2667,#2503,#1402,.T.);
#3328=EDGE_CURVE('',#2667,#2666,#1403,.T.);
#3329=EDGE_CURVE('',#2668,#2502,#1404,.T.);
#3330=EDGE_CURVE('',#2668,#2667,#1405,.T.);
#3331=EDGE_CURVE('',#2669,#2501,#1406,.T.);
#3332=EDGE_CURVE('',#2668,#2669,#1407,.T.);
#3333=EDGE_CURVE('',#2670,#2500,#1408,.T.);
#3334=EDGE_CURVE('',#2670,#2669,#2274,.T.);
#3335=EDGE_CURVE('',#2671,#2499,#1409,.T.);
#3336=EDGE_CURVE('',#2670,#2671,#1410,.T.);
#3337=EDGE_CURVE('',#2672,#2498,#1411,.T.);
#3338=EDGE_CURVE('',#2672,#2671,#1412,.T.);
#3339=EDGE_CURVE('',#2673,#2497,#1413,.T.);
#3340=EDGE_CURVE('',#2672,#2673,#1414,.T.);
#3341=EDGE_CURVE('',#2674,#2496,#1415,.T.);
#3342=EDGE_CURVE('',#2674,#2673,#1416,.T.);
#3343=EDGE_CURVE('',#2675,#2495,#1417,.T.);
#3344=EDGE_CURVE('',#2674,#2675,#1418,.T.);
#3345=EDGE_CURVE('',#2676,#2494,#1419,.T.);
#3346=EDGE_CURVE('',#2675,#2676,#1420,.T.);
#3347=EDGE_CURVE('',#2677,#2493,#1421,.T.);
#3348=EDGE_CURVE('',#2677,#2676,#1422,.T.);
#3349=EDGE_CURVE('',#2678,#2492,#1423,.T.);
#3350=EDGE_CURVE('',#2678,#2677,#1424,.T.);
#3351=EDGE_CURVE('',#2679,#2491,#1425,.T.);
#3352=EDGE_CURVE('',#2679,#2678,#1426,.T.);
#3353=EDGE_CURVE('',#2680,#2490,#1427,.T.);
#3354=EDGE_CURVE('',#2680,#2679,#1428,.T.);
#3355=EDGE_CURVE('',#2681,#2489,#1429,.T.);
#3356=EDGE_CURVE('',#2681,#2680,#1430,.T.);
#3357=EDGE_CURVE('',#2682,#2488,#1431,.T.);
#3358=EDGE_CURVE('',#2682,#2681,#1432,.T.);
#3359=EDGE_CURVE('',#2683,#2487,#1433,.T.);
#3360=EDGE_CURVE('',#2682,#2683,#1434,.T.);
#3361=EDGE_CURVE('',#2684,#2486,#1435,.T.);
#3362=EDGE_CURVE('',#2684,#2683,#2275,.T.);
#3363=EDGE_CURVE('',#2684,#2589,#1436,.T.);
#3364=EDGE_CURVE('',#2685,#2686,#1437,.T.);
#3365=EDGE_CURVE('',#2687,#2686,#1438,.T.);
#3366=EDGE_CURVE('',#2688,#2687,#1439,.T.);
#3367=EDGE_CURVE('',#2685,#2688,#1440,.T.);
#3368=EDGE_CURVE('',#2689,#2690,#1441,.T.);
#3369=EDGE_CURVE('',#2691,#2689,#1442,.T.);
#3370=EDGE_CURVE('',#2692,#2691,#1443,.T.);
#3371=EDGE_CURVE('',#2690,#2692,#1444,.T.);
#3372=EDGE_CURVE('',#2690,#2693,#1445,.T.);
#3373=EDGE_CURVE('',#2693,#2694,#1446,.T.);
#3374=EDGE_CURVE('',#2694,#2689,#1447,.T.);
#3375=EDGE_CURVE('',#2695,#2692,#1448,.T.);
#3376=EDGE_CURVE('',#2693,#2695,#1449,.T.);
#3377=EDGE_CURVE('',#2696,#2697,#1450,.T.);
#3378=EDGE_CURVE('',#2697,#2698,#1451,.T.);
#3379=EDGE_CURVE('',#2698,#2699,#1452,.T.);
#3380=EDGE_CURVE('',#2699,#2696,#1453,.T.);
#3381=EDGE_CURVE('',#2700,#2701,#2276,.T.);
#3382=EDGE_CURVE('',#2702,#2700,#1454,.T.);
#3383=EDGE_CURVE('',#2703,#2702,#1455,.T.);
#3384=EDGE_CURVE('',#2701,#2703,#1456,.T.);
#3385=EDGE_CURVE('',#2704,#2704,#2277,.T.);
#3386=EDGE_CURVE('',#2700,#2705,#1457,.T.);
#3387=EDGE_CURVE('',#2706,#2705,#1458,.T.);
#3388=EDGE_CURVE('',#2702,#2706,#1459,.T.);
#3389=EDGE_CURVE('',#2701,#2707,#1460,.T.);
#3390=EDGE_CURVE('',#2705,#2707,#2278,.T.);
#3391=EDGE_CURVE('',#2708,#2708,#2279,.T.);
#3392=EDGE_CURVE('',#2708,#2704,#1461,.T.);
#3393=EDGE_CURVE('',#2709,#2703,#1462,.T.);
#3394=EDGE_CURVE('',#2707,#2709,#1463,.T.);
#3395=EDGE_CURVE('',#2706,#2709,#1464,.T.);
#3396=EDGE_CURVE('',#2710,#2711,#2280,.T.);
#3397=EDGE_CURVE('',#2712,#2710,#1465,.T.);
#3398=EDGE_CURVE('',#2713,#2712,#1466,.T.);
#3399=EDGE_CURVE('',#2711,#2713,#1467,.T.);
#3400=EDGE_CURVE('',#2714,#2714,#2281,.T.);
#3401=EDGE_CURVE('',#2710,#2715,#1468,.T.);
#3402=EDGE_CURVE('',#2716,#2715,#1469,.T.);
#3403=EDGE_CURVE('',#2712,#2716,#1470,.T.);
#3404=EDGE_CURVE('',#2711,#2717,#1471,.T.);
#3405=EDGE_CURVE('',#2715,#2717,#2282,.T.);
#3406=EDGE_CURVE('',#2718,#2718,#2283,.T.);
#3407=EDGE_CURVE('',#2718,#2714,#1472,.T.);
#3408=EDGE_CURVE('',#2719,#2713,#1473,.T.);
#3409=EDGE_CURVE('',#2717,#2719,#1474,.T.);
#3410=EDGE_CURVE('',#2716,#2719,#1475,.T.);
#3411=EDGE_CURVE('',#2720,#2721,#2284,.T.);
#3412=EDGE_CURVE('',#2721,#2722,#1476,.T.);
#3413=EDGE_CURVE('',#2722,#2723,#2285,.T.);
#3414=EDGE_CURVE('',#2723,#2720,#1477,.T.);
#3415=EDGE_CURVE('',#2724,#2721,#1478,.T.);
#3416=EDGE_CURVE('',#2725,#2724,#1479,.T.);
#3417=EDGE_CURVE('',#2722,#2725,#1480,.T.);
#3418=EDGE_CURVE('',#2726,#2727,#2286,.T.);
#3419=EDGE_CURVE('',#2727,#2728,#1481,.T.);
#3420=EDGE_CURVE('',#2728,#2729,#2287,.T.);
#3421=EDGE_CURVE('',#2729,#2726,#1482,.T.);
#3422=EDGE_CURVE('',#2727,#2730,#1483,.T.);
#3423=EDGE_CURVE('',#2730,#2731,#1484,.T.);
#3424=EDGE_CURVE('',#2728,#2731,#1485,.T.);
#3425=EDGE_CURVE('',#2732,#2733,#2288,.T.);
#3426=EDGE_CURVE('',#2733,#2734,#1486,.T.);
#3427=EDGE_CURVE('',#2734,#2735,#2289,.T.);
#3428=EDGE_CURVE('',#2735,#2732,#1487,.T.);
#3429=EDGE_CURVE('',#2736,#2733,#1488,.T.);
#3430=EDGE_CURVE('',#2737,#2736,#1489,.T.);
#3431=EDGE_CURVE('',#2734,#2737,#1490,.T.);
#3432=EDGE_CURVE('',#2732,#2696,#1491,.T.);
#3433=EDGE_CURVE('',#2699,#2729,#1492,.T.);
#3434=EDGE_CURVE('',#2731,#2724,#1493,.T.);
#3435=EDGE_CURVE('',#2720,#2738,#1494,.T.);
#3436=EDGE_CURVE('',#2739,#2738,#1495,.T.);
#3437=EDGE_CURVE('',#2739,#2740,#1496,.T.);
#3438=EDGE_CURVE('',#2741,#2740,#2290,.T.);
#3439=EDGE_CURVE('',#2741,#2742,#1497,.T.);
#3440=EDGE_CURVE('',#2743,#2742,#2291,.T.);
#3441=EDGE_CURVE('',#2743,#2744,#1498,.T.);
#3442=EDGE_CURVE('',#2736,#2744,#2292,.T.);
#3443=EDGE_CURVE('',#2740,#2745,#1499,.T.);
#3444=EDGE_CURVE('',#2745,#2746,#2293,.T.);
#3445=EDGE_CURVE('',#2746,#2741,#1500,.T.);
#3446=EDGE_CURVE('',#2747,#2739,#1501,.T.);
#3447=EDGE_CURVE('',#2747,#2745,#1502,.T.);
#3448=EDGE_CURVE('',#2748,#2749,#2294,.T.);
#3449=EDGE_CURVE('',#2749,#2743,#1503,.T.);
#3450=EDGE_CURVE('',#2742,#2748,#1504,.T.);
#3451=EDGE_CURVE('',#2749,#2750,#1505,.T.);
#3452=EDGE_CURVE('',#2744,#2750,#1506,.T.);
#3453=EDGE_CURVE('',#2751,#2751,#2295,.T.);
#3454=EDGE_CURVE('',#2750,#2737,#2296,.T.);
#3455=EDGE_CURVE('',#2694,#2752,#1507,.T.);
#3456=EDGE_CURVE('',#2752,#2691,#1508,.T.);
#3457=EDGE_CURVE('',#2738,#2753,#1509,.T.);
#3458=EDGE_CURVE('',#2753,#2747,#1510,.T.);
#3459=EDGE_CURVE('',#2751,#2754,#1511,.T.);
#3460=EDGE_CURVE('',#2754,#2754,#2297,.T.);
#3461=EDGE_CURVE('',#2725,#2730,#1512,.T.);
#3462=EDGE_CURVE('',#2723,#2753,#1513,.T.);
#3463=EDGE_CURVE('',#2698,#2726,#1514,.T.);
#3464=EDGE_CURVE('',#2735,#2697,#1515,.T.);
#3465=EDGE_CURVE('',#2746,#2748,#1516,.T.);
#3466=EDGE_CURVE('',#2688,#2755,#1517,.T.);
#3467=EDGE_CURVE('',#2755,#2756,#1518,.T.);
#3468=EDGE_CURVE('',#2685,#2756,#1519,.T.);
#3469=EDGE_CURVE('',#2756,#2757,#1520,.T.);
#3470=EDGE_CURVE('',#2758,#2755,#1521,.T.);
#3471=EDGE_CURVE('',#2757,#2758,#1522,.T.);
#3472=EDGE_CURVE('',#2757,#2686,#1523,.T.);
#3473=EDGE_CURVE('',#2758,#2687,#1524,.T.);
#3474=EDGE_CURVE('',#2752,#2695,#1525,.T.);
#3475=EDGE_CURVE('',#2759,#2760,#1526,.T.);
#3476=EDGE_CURVE('',#2761,#2759,#1527,.T.);
#3477=EDGE_CURVE('',#2761,#2762,#1528,.T.);
#3478=EDGE_CURVE('',#2760,#2762,#1529,.T.);
#3479=EDGE_CURVE('',#2763,#2761,#1530,.T.);
#3480=EDGE_CURVE('',#2764,#2763,#1531,.T.);
#3481=EDGE_CURVE('',#2762,#2764,#1532,.T.);
#3482=EDGE_CURVE('',#2765,#2764,#1533,.T.);
#3483=EDGE_CURVE('',#2765,#2766,#1534,.T.);
#3484=EDGE_CURVE('',#2760,#2766,#1535,.T.);
#3485=EDGE_CURVE('',#2767,#2768,#2298,.T.);
#3486=EDGE_CURVE('',#2767,#2769,#1536,.T.);
#3487=EDGE_CURVE('',#2770,#2769,#2299,.T.);
#3488=EDGE_CURVE('',#2768,#2770,#1537,.T.);
#3489=EDGE_CURVE('',#2771,#2772,#2300,.T.);
#3490=EDGE_CURVE('',#2772,#2773,#1538,.T.);
#3491=EDGE_CURVE('',#2774,#2773,#2301,.T.);
#3492=EDGE_CURVE('',#2771,#2774,#1539,.T.);
#3493=EDGE_CURVE('',#2775,#2775,#2302,.T.);
#3494=EDGE_CURVE('',#2775,#2776,#1540,.T.);
#3495=EDGE_CURVE('',#2776,#2776,#2303,.T.);
#3496=EDGE_CURVE('',#2768,#2777,#1541,.T.);
#3497=EDGE_CURVE('',#2778,#2777,#1542,.T.);
#3498=EDGE_CURVE('',#2778,#2767,#1543,.T.);
#3499=EDGE_CURVE('',#2779,#2779,#2304,.T.);
#3500=EDGE_CURVE('',#2773,#2780,#1544,.T.);
#3501=EDGE_CURVE('',#2781,#2780,#1545,.T.);
#3502=EDGE_CURVE('',#2781,#2774,#1546,.T.);
#3503=EDGE_CURVE('',#2779,#2782,#1547,.T.);
#3504=EDGE_CURVE('',#2782,#2782,#2305,.T.);
#3505=EDGE_CURVE('',#2769,#2783,#1548,.T.);
#3506=EDGE_CURVE('',#2784,#2783,#1549,.T.);
#3507=EDGE_CURVE('',#2784,#2770,#1550,.T.);
#3508=EDGE_CURVE('',#2785,#2771,#1551,.T.);
#3509=EDGE_CURVE('',#2786,#2785,#1552,.T.);
#3510=EDGE_CURVE('',#2772,#2786,#1553,.T.);
#3511=EDGE_CURVE('',#2785,#2781,#1554,.T.);
#3512=EDGE_CURVE('',#2787,#2788,#1555,.T.);
#3513=EDGE_CURVE('',#2789,#2788,#1556,.T.);
#3514=EDGE_CURVE('',#2789,#2790,#1557,.T.);
#3515=EDGE_CURVE('',#2790,#2787,#1558,.T.);
#3516=EDGE_CURVE('',#2780,#2786,#1559,.T.);
#3517=EDGE_CURVE('',#2777,#2784,#1560,.T.);
#3518=EDGE_CURVE('',#2783,#2778,#1561,.T.);
#3519=EDGE_CURVE('',#2791,#2792,#1562,.T.);
#3520=EDGE_CURVE('',#2788,#2791,#1563,.T.);
#3521=EDGE_CURVE('',#2792,#2787,#1564,.T.);
#3522=EDGE_CURVE('',#2793,#2790,#1565,.T.);
#3523=EDGE_CURVE('',#2793,#2792,#1566,.T.);
#3524=EDGE_CURVE('',#2766,#2794,#1567,.T.);
#3525=EDGE_CURVE('',#2795,#2765,#1568,.T.);
#3526=EDGE_CURVE('',#2795,#2794,#1569,.T.);
#3527=EDGE_CURVE('',#2794,#2759,#1570,.T.);
#3528=EDGE_CURVE('',#2763,#2795,#1571,.T.);
#3529=EDGE_CURVE('',#2796,#2791,#1572,.T.);
#3530=EDGE_CURVE('',#2796,#2789,#1573,.T.);
#3531=EDGE_CURVE('',#2796,#2793,#1574,.T.);
#3532=EDGE_CURVE('',#2797,#2797,#2306,.T.);
#3533=EDGE_CURVE('',#2798,#2798,#2307,.F.);
#3534=EDGE_CURVE('',#2799,#2799,#2308,.T.);
#3535=EDGE_CURVE('',#2799,#2797,#1575,.T.);
#3536=EDGE_CURVE('',#2800,#2800,#2309,.T.);
#3537=EDGE_CURVE('',#2800,#2798,#1576,.T.);
#3538=EDGE_CURVE('',#2801,#2802,#2310,.T.);
#3539=EDGE_CURVE('',#2803,#2803,#2311,.T.);
#3540=EDGE_CURVE('',#2803,#2804,#54,.T.);
#3541=EDGE_CURVE('',#2804,#2804,#2312,.T.);
#3542=ORIENTED_EDGE('',*,*,#2805,.F.);
#3543=ORIENTED_EDGE('',*,*,#2806,.T.);
#3544=ORIENTED_EDGE('',*,*,#2807,.F.);
#3545=ORIENTED_EDGE('',*,*,#2806,.F.);
#3546=ORIENTED_EDGE('',*,*,#2808,.F.);
#3547=ORIENTED_EDGE('',*,*,#2809,.T.);
#3548=ORIENTED_EDGE('',*,*,#2810,.F.);
#3549=ORIENTED_EDGE('',*,*,#2809,.F.);
#3550=ORIENTED_EDGE('',*,*,#2811,.F.);
#3551=ORIENTED_EDGE('',*,*,#2812,.T.);
#3552=ORIENTED_EDGE('',*,*,#2813,.F.);
#3553=ORIENTED_EDGE('',*,*,#2812,.F.);
#3554=ORIENTED_EDGE('',*,*,#2814,.F.);
#3555=ORIENTED_EDGE('',*,*,#2815,.T.);
#3556=ORIENTED_EDGE('',*,*,#2816,.F.);
#3557=ORIENTED_EDGE('',*,*,#2815,.F.);
#3558=ORIENTED_EDGE('',*,*,#2817,.T.);
#3559=ORIENTED_EDGE('',*,*,#2818,.T.);
#3560=ORIENTED_EDGE('',*,*,#2819,.T.);
#3561=ORIENTED_EDGE('',*,*,#2820,.T.);
#3562=ORIENTED_EDGE('',*,*,#2818,.F.);
#3563=ORIENTED_EDGE('',*,*,#2821,.T.);
#3564=ORIENTED_EDGE('',*,*,#2822,.F.);
#3565=ORIENTED_EDGE('',*,*,#2823,.F.);
#3566=ORIENTED_EDGE('',*,*,#2817,.F.);
#3567=ORIENTED_EDGE('',*,*,#2824,.F.);
#3568=ORIENTED_EDGE('',*,*,#2825,.F.);
#3569=ORIENTED_EDGE('',*,*,#2826,.F.);
#3570=ORIENTED_EDGE('',*,*,#2827,.F.);
#3571=ORIENTED_EDGE('',*,*,#2828,.F.);
#3572=ORIENTED_EDGE('',*,*,#2829,.F.);
#3573=ORIENTED_EDGE('',*,*,#2830,.T.);
#3574=ORIENTED_EDGE('',*,*,#2831,.F.);
#3575=ORIENTED_EDGE('',*,*,#2832,.F.);
#3576=ORIENTED_EDGE('',*,*,#2833,.F.);
#3577=ORIENTED_EDGE('',*,*,#2834,.T.);
#3578=ORIENTED_EDGE('',*,*,#2835,.F.);
#3579=ORIENTED_EDGE('',*,*,#2836,.T.);
#3580=ORIENTED_EDGE('',*,*,#2837,.F.);
#3581=ORIENTED_EDGE('',*,*,#2838,.F.);
#3582=ORIENTED_EDGE('',*,*,#2839,.F.);
#3583=ORIENTED_EDGE('',*,*,#2840,.T.);
#3584=ORIENTED_EDGE('',*,*,#2841,.T.);
#3585=ORIENTED_EDGE('',*,*,#2842,.T.);
#3586=ORIENTED_EDGE('',*,*,#2843,.F.);
#3587=ORIENTED_EDGE('',*,*,#2821,.F.);
#3588=ORIENTED_EDGE('',*,*,#2844,.T.);
#3589=ORIENTED_EDGE('',*,*,#2845,.T.);
#3590=ORIENTED_EDGE('',*,*,#2835,.T.);
#3591=ORIENTED_EDGE('',*,*,#2846,.T.);
#3592=ORIENTED_EDGE('',*,*,#2846,.F.);
#3593=ORIENTED_EDGE('',*,*,#2834,.F.);
#3594=ORIENTED_EDGE('',*,*,#2847,.F.);
#3595=ORIENTED_EDGE('',*,*,#2848,.T.);
#3596=ORIENTED_EDGE('',*,*,#2807,.T.);
#3597=ORIENTED_EDGE('',*,*,#2813,.T.);
#3598=ORIENTED_EDGE('',*,*,#2827,.T.);
#3599=ORIENTED_EDGE('',*,*,#2849,.T.);
#3600=ORIENTED_EDGE('',*,*,#2850,.T.);
#3601=ORIENTED_EDGE('',*,*,#2851,.T.);
#3602=ORIENTED_EDGE('',*,*,#2849,.F.);
#3603=ORIENTED_EDGE('',*,*,#2826,.T.);
#3604=ORIENTED_EDGE('',*,*,#2852,.F.);
#3605=ORIENTED_EDGE('',*,*,#2853,.T.);
#3606=ORIENTED_EDGE('',*,*,#2825,.T.);
#3607=ORIENTED_EDGE('',*,*,#2854,.T.);
#3608=ORIENTED_EDGE('',*,*,#2855,.T.);
#3609=ORIENTED_EDGE('',*,*,#2852,.T.);
#3610=ORIENTED_EDGE('',*,*,#2820,.F.);
#3611=ORIENTED_EDGE('',*,*,#2856,.F.);
#3612=ORIENTED_EDGE('',*,*,#2854,.F.);
#3613=ORIENTED_EDGE('',*,*,#2824,.T.);
#3614=ORIENTED_EDGE('',*,*,#2808,.T.);
#3615=ORIENTED_EDGE('',*,*,#2814,.T.);
#3616=ORIENTED_EDGE('',*,*,#2857,.T.);
#3617=ORIENTED_EDGE('',*,*,#2847,.T.);
#3618=ORIENTED_EDGE('',*,*,#2833,.T.);
#3619=ORIENTED_EDGE('',*,*,#2858,.T.);
#3620=ORIENTED_EDGE('',*,*,#2859,.T.);
#3621=ORIENTED_EDGE('',*,*,#2860,.T.);
#3622=ORIENTED_EDGE('',*,*,#2831,.T.);
#3623=ORIENTED_EDGE('',*,*,#2861,.T.);
#3624=ORIENTED_EDGE('',*,*,#2858,.F.);
#3625=ORIENTED_EDGE('',*,*,#2832,.T.);
#3626=ORIENTED_EDGE('',*,*,#2860,.F.);
#3627=ORIENTED_EDGE('',*,*,#2862,.T.);
#3628=ORIENTED_EDGE('',*,*,#2863,.F.);
#3629=ORIENTED_EDGE('',*,*,#2864,.T.);
#3630=ORIENTED_EDGE('',*,*,#2865,.F.);
#3631=ORIENTED_EDGE('',*,*,#2842,.F.);
#3632=ORIENTED_EDGE('',*,*,#2865,.T.);
#3633=ORIENTED_EDGE('',*,*,#2866,.T.);
#3634=ORIENTED_EDGE('',*,*,#2822,.T.);
#3635=ORIENTED_EDGE('',*,*,#2843,.T.);
#3636=ORIENTED_EDGE('',*,*,#2810,.T.);
#3637=ORIENTED_EDGE('',*,*,#2816,.T.);
#3638=ORIENTED_EDGE('',*,*,#2863,.T.);
#3639=ORIENTED_EDGE('',*,*,#2841,.F.);
#3640=ORIENTED_EDGE('',*,*,#2867,.F.);
#3641=ORIENTED_EDGE('',*,*,#2868,.T.);
#3642=ORIENTED_EDGE('',*,*,#2869,.F.);
#3643=ORIENTED_EDGE('',*,*,#2838,.T.);
#3644=ORIENTED_EDGE('',*,*,#2870,.F.);
#3645=ORIENTED_EDGE('',*,*,#2871,.F.);
#3646=ORIENTED_EDGE('',*,*,#2870,.T.);
#3647=ORIENTED_EDGE('',*,*,#2837,.T.);
#3648=ORIENTED_EDGE('',*,*,#2872,.T.);
#3649=ORIENTED_EDGE('',*,*,#2873,.T.);
#3650=ORIENTED_EDGE('',*,*,#2805,.T.);
#3651=ORIENTED_EDGE('',*,*,#2811,.T.);
#3652=ORIENTED_EDGE('',*,*,#2869,.T.);
#3653=ORIENTED_EDGE('',*,*,#2874,.F.);
#3654=ORIENTED_EDGE('',*,*,#2875,.F.);
#3655=ORIENTED_EDGE('',*,*,#2839,.T.);
#3656=ORIENTED_EDGE('',*,*,#2845,.F.);
#3657=ORIENTED_EDGE('',*,*,#2876,.T.);
#3658=ORIENTED_EDGE('',*,*,#2872,.F.);
#3659=ORIENTED_EDGE('',*,*,#2836,.F.);
#3660=ORIENTED_EDGE('',*,*,#2875,.T.);
#3661=ORIENTED_EDGE('',*,*,#2877,.F.);
#3662=ORIENTED_EDGE('',*,*,#2867,.T.);
#3663=ORIENTED_EDGE('',*,*,#2840,.F.);
#3664=ORIENTED_EDGE('',*,*,#2878,.T.);
#3665=ORIENTED_EDGE('',*,*,#2879,.T.);
#3666=ORIENTED_EDGE('',*,*,#2880,.T.);
#3667=ORIENTED_EDGE('',*,*,#2829,.T.);
#3668=ORIENTED_EDGE('',*,*,#2881,.T.);
#3669=ORIENTED_EDGE('',*,*,#2882,.T.);
#3670=ORIENTED_EDGE('',*,*,#2883,.T.);
#3671=ORIENTED_EDGE('',*,*,#2884,.T.);
#3672=ORIENTED_EDGE('',*,*,#2819,.F.);
#3673=ORIENTED_EDGE('',*,*,#2823,.T.);
#3674=ORIENTED_EDGE('',*,*,#2866,.F.);
#3675=ORIENTED_EDGE('',*,*,#2864,.F.);
#3676=ORIENTED_EDGE('',*,*,#2868,.F.);
#3677=ORIENTED_EDGE('',*,*,#2877,.T.);
#3678=ORIENTED_EDGE('',*,*,#2874,.T.);
#3679=ORIENTED_EDGE('',*,*,#2871,.T.);
#3680=ORIENTED_EDGE('',*,*,#2873,.F.);
#3681=ORIENTED_EDGE('',*,*,#2876,.F.);
#3682=ORIENTED_EDGE('',*,*,#2844,.F.);
#3683=ORIENTED_EDGE('',*,*,#2848,.F.);
#3684=ORIENTED_EDGE('',*,*,#2857,.F.);
#3685=ORIENTED_EDGE('',*,*,#2862,.F.);
#3686=ORIENTED_EDGE('',*,*,#2859,.F.);
#3687=ORIENTED_EDGE('',*,*,#2885,.F.);
#3688=ORIENTED_EDGE('',*,*,#2882,.F.);
#3689=ORIENTED_EDGE('',*,*,#2886,.T.);
#3690=ORIENTED_EDGE('',*,*,#2850,.F.);
#3691=ORIENTED_EDGE('',*,*,#2853,.F.);
#3692=ORIENTED_EDGE('',*,*,#2855,.F.);
#3693=ORIENTED_EDGE('',*,*,#2856,.T.);
#3694=ORIENTED_EDGE('',*,*,#2851,.F.);
#3695=ORIENTED_EDGE('',*,*,#2886,.F.);
#3696=ORIENTED_EDGE('',*,*,#2881,.F.);
#3697=ORIENTED_EDGE('',*,*,#2887,.T.);
#3698=ORIENTED_EDGE('',*,*,#2888,.T.);
#3699=ORIENTED_EDGE('',*,*,#2828,.T.);
#3700=ORIENTED_EDGE('',*,*,#2884,.F.);
#3701=ORIENTED_EDGE('',*,*,#2889,.T.);
#3702=ORIENTED_EDGE('',*,*,#2890,.T.);
#3703=ORIENTED_EDGE('',*,*,#2891,.T.);
#3704=ORIENTED_EDGE('',*,*,#2892,.T.);
#3705=ORIENTED_EDGE('',*,*,#2893,.T.);
#3706=ORIENTED_EDGE('',*,*,#2894,.T.);
#3707=ORIENTED_EDGE('',*,*,#2895,.T.);
#3708=ORIENTED_EDGE('',*,*,#2879,.F.);
#3709=ORIENTED_EDGE('',*,*,#2896,.T.);
#3710=ORIENTED_EDGE('',*,*,#2897,.T.);
#3711=ORIENTED_EDGE('',*,*,#2898,.T.);
#3712=ORIENTED_EDGE('',*,*,#2899,.T.);
#3713=ORIENTED_EDGE('',*,*,#2900,.T.);
#3714=ORIENTED_EDGE('',*,*,#2901,.T.);
#3715=ORIENTED_EDGE('',*,*,#2902,.T.);
#3716=ORIENTED_EDGE('',*,*,#2901,.F.);
#3717=ORIENTED_EDGE('',*,*,#2903,.T.);
#3718=ORIENTED_EDGE('',*,*,#2904,.T.);
#3719=ORIENTED_EDGE('',*,*,#2903,.F.);
#3720=ORIENTED_EDGE('',*,*,#2902,.F.);
#3721=ORIENTED_EDGE('',*,*,#2905,.T.);
#3722=ORIENTED_EDGE('',*,*,#2906,.T.);
#3723=ORIENTED_EDGE('',*,*,#2905,.F.);
#3724=ORIENTED_EDGE('',*,*,#2895,.F.);
#3725=ORIENTED_EDGE('',*,*,#2907,.T.);
#3726=ORIENTED_EDGE('',*,*,#2908,.T.);
#3727=ORIENTED_EDGE('',*,*,#2907,.F.);
#3728=ORIENTED_EDGE('',*,*,#2894,.F.);
#3729=ORIENTED_EDGE('',*,*,#2909,.T.);
#3730=ORIENTED_EDGE('',*,*,#2910,.T.);
#3731=ORIENTED_EDGE('',*,*,#2909,.F.);
#3732=ORIENTED_EDGE('',*,*,#2911,.F.);
#3733=ORIENTED_EDGE('',*,*,#2912,.T.);
#3734=ORIENTED_EDGE('',*,*,#2898,.F.);
#3735=ORIENTED_EDGE('',*,*,#2913,.F.);
#3736=ORIENTED_EDGE('',*,*,#2914,.T.);
#3737=ORIENTED_EDGE('',*,*,#2913,.T.);
#3738=ORIENTED_EDGE('',*,*,#2897,.F.);
#3739=ORIENTED_EDGE('',*,*,#2915,.F.);
#3740=ORIENTED_EDGE('',*,*,#2916,.F.);
#3741=ORIENTED_EDGE('',*,*,#2915,.T.);
#3742=ORIENTED_EDGE('',*,*,#2896,.F.);
#3743=ORIENTED_EDGE('',*,*,#2878,.F.);
#3744=ORIENTED_EDGE('',*,*,#2888,.F.);
#3745=ORIENTED_EDGE('',*,*,#2887,.F.);
#3746=ORIENTED_EDGE('',*,*,#2893,.F.);
#3747=ORIENTED_EDGE('',*,*,#2917,.F.);
#3748=ORIENTED_EDGE('',*,*,#2918,.T.);
#3749=ORIENTED_EDGE('',*,*,#2917,.T.);
#3750=ORIENTED_EDGE('',*,*,#2892,.F.);
#3751=ORIENTED_EDGE('',*,*,#2919,.F.);
#3752=ORIENTED_EDGE('',*,*,#2920,.F.);
#3753=ORIENTED_EDGE('',*,*,#2919,.T.);
#3754=ORIENTED_EDGE('',*,*,#2891,.F.);
#3755=ORIENTED_EDGE('',*,*,#2921,.F.);
#3756=ORIENTED_EDGE('',*,*,#2922,.T.);
#3757=ORIENTED_EDGE('',*,*,#2921,.T.);
#3758=ORIENTED_EDGE('',*,*,#2890,.F.);
#3759=ORIENTED_EDGE('',*,*,#2923,.F.);
#3760=ORIENTED_EDGE('',*,*,#2861,.F.);
#3761=ORIENTED_EDGE('',*,*,#2830,.F.);
#3762=ORIENTED_EDGE('',*,*,#2880,.F.);
#3763=ORIENTED_EDGE('',*,*,#2900,.F.);
#3764=ORIENTED_EDGE('',*,*,#2924,.F.);
#3765=ORIENTED_EDGE('',*,*,#2925,.F.);
#3766=ORIENTED_EDGE('',*,*,#2923,.T.);
#3767=ORIENTED_EDGE('',*,*,#2889,.F.);
#3768=ORIENTED_EDGE('',*,*,#2883,.F.);
#3769=ORIENTED_EDGE('',*,*,#2885,.T.);
#3770=ORIENTED_EDGE('',*,*,#2926,.T.);
#3771=ORIENTED_EDGE('',*,*,#2924,.T.);
#3772=ORIENTED_EDGE('',*,*,#2899,.F.);
#3773=ORIENTED_EDGE('',*,*,#2912,.F.);
#3774=ORIENTED_EDGE('',*,*,#2926,.F.);
#3775=ORIENTED_EDGE('',*,*,#2911,.T.);
#3776=ORIENTED_EDGE('',*,*,#2914,.F.);
#3777=ORIENTED_EDGE('',*,*,#2916,.T.);
#3778=ORIENTED_EDGE('',*,*,#2918,.F.);
#3779=ORIENTED_EDGE('',*,*,#2920,.T.);
#3780=ORIENTED_EDGE('',*,*,#2922,.F.);
#3781=ORIENTED_EDGE('',*,*,#2925,.T.);
#3782=ORIENTED_EDGE('',*,*,#2910,.F.);
#3783=ORIENTED_EDGE('',*,*,#2908,.F.);
#3784=ORIENTED_EDGE('',*,*,#2906,.F.);
#3785=ORIENTED_EDGE('',*,*,#2904,.F.);
#3786=ORIENTED_EDGE('',*,*,#2927,.F.);
#3787=ORIENTED_EDGE('',*,*,#2928,.T.);
#3788=ORIENTED_EDGE('',*,*,#2929,.T.);
#3789=ORIENTED_EDGE('',*,*,#2928,.F.);
#3790=ORIENTED_EDGE('',*,*,#2929,.F.);
#3791=ORIENTED_EDGE('',*,*,#2930,.T.);
#3792=ORIENTED_EDGE('',*,*,#2931,.T.);
#3793=ORIENTED_EDGE('',*,*,#2932,.T.);
#3794=ORIENTED_EDGE('',*,*,#2931,.F.);
#3795=ORIENTED_EDGE('',*,*,#2932,.F.);
#3796=ORIENTED_EDGE('',*,*,#2933,.T.);
#3797=ORIENTED_EDGE('',*,*,#2934,.T.);
#3798=ORIENTED_EDGE('',*,*,#2933,.F.);
#3799=ORIENTED_EDGE('',*,*,#2935,.T.);
#3800=ORIENTED_EDGE('',*,*,#2936,.T.);
#3801=ORIENTED_EDGE('',*,*,#2937,.T.);
#3802=ORIENTED_EDGE('',*,*,#2938,.T.);
#3803=ORIENTED_EDGE('',*,*,#2939,.T.);
#3804=ORIENTED_EDGE('',*,*,#2940,.T.);
#3805=ORIENTED_EDGE('',*,*,#2941,.T.);
#3806=ORIENTED_EDGE('',*,*,#2942,.T.);
#3807=ORIENTED_EDGE('',*,*,#2943,.T.);
#3808=ORIENTED_EDGE('',*,*,#2944,.T.);
#3809=ORIENTED_EDGE('',*,*,#2945,.T.);
#3810=ORIENTED_EDGE('',*,*,#2946,.T.);
#3811=ORIENTED_EDGE('',*,*,#2930,.F.);
#3812=ORIENTED_EDGE('',*,*,#2934,.F.);
#3813=ORIENTED_EDGE('',*,*,#2927,.T.);
#3814=ORIENTED_EDGE('',*,*,#2946,.F.);
#3815=ORIENTED_EDGE('',*,*,#2947,.T.);
#3816=ORIENTED_EDGE('',*,*,#2948,.T.);
#3817=ORIENTED_EDGE('',*,*,#2947,.F.);
#3818=ORIENTED_EDGE('',*,*,#2948,.F.);
#3819=ORIENTED_EDGE('',*,*,#2945,.F.);
#3820=ORIENTED_EDGE('',*,*,#2949,.T.);
#3821=ORIENTED_EDGE('',*,*,#2950,.T.);
#3822=ORIENTED_EDGE('',*,*,#2949,.F.);
#3823=ORIENTED_EDGE('',*,*,#2950,.F.);
#3824=ORIENTED_EDGE('',*,*,#2944,.F.);
#3825=ORIENTED_EDGE('',*,*,#2951,.T.);
#3826=ORIENTED_EDGE('',*,*,#2952,.T.);
#3827=ORIENTED_EDGE('',*,*,#2951,.F.);
#3828=ORIENTED_EDGE('',*,*,#2952,.F.);
#3829=ORIENTED_EDGE('',*,*,#2943,.F.);
#3830=ORIENTED_EDGE('',*,*,#2953,.T.);
#3831=ORIENTED_EDGE('',*,*,#2954,.T.);
#3832=ORIENTED_EDGE('',*,*,#2953,.F.);
#3833=ORIENTED_EDGE('',*,*,#2954,.F.);
#3834=ORIENTED_EDGE('',*,*,#2955,.F.);
#3835=ORIENTED_EDGE('',*,*,#2956,.F.);
#3836=ORIENTED_EDGE('',*,*,#2957,.F.);
#3837=ORIENTED_EDGE('',*,*,#2936,.F.);
#3838=ORIENTED_EDGE('',*,*,#2957,.T.);
#3839=ORIENTED_EDGE('',*,*,#2958,.F.);
#3840=ORIENTED_EDGE('',*,*,#2959,.F.);
#3841=ORIENTED_EDGE('',*,*,#2937,.F.);
#3842=ORIENTED_EDGE('',*,*,#2959,.T.);
#3843=ORIENTED_EDGE('',*,*,#2960,.F.);
#3844=ORIENTED_EDGE('',*,*,#2961,.F.);
#3845=ORIENTED_EDGE('',*,*,#2938,.F.);
#3846=ORIENTED_EDGE('',*,*,#2961,.T.);
#3847=ORIENTED_EDGE('',*,*,#2962,.F.);
#3848=ORIENTED_EDGE('',*,*,#2963,.F.);
#3849=ORIENTED_EDGE('',*,*,#2939,.F.);
#3850=ORIENTED_EDGE('',*,*,#2963,.T.);
#3851=ORIENTED_EDGE('',*,*,#2964,.F.);
#3852=ORIENTED_EDGE('',*,*,#2965,.F.);
#3853=ORIENTED_EDGE('',*,*,#2940,.F.);
#3854=ORIENTED_EDGE('',*,*,#2965,.T.);
#3855=ORIENTED_EDGE('',*,*,#2966,.F.);
#3856=ORIENTED_EDGE('',*,*,#2967,.F.);
#3857=ORIENTED_EDGE('',*,*,#2941,.F.);
#3858=ORIENTED_EDGE('',*,*,#2967,.T.);
#3859=ORIENTED_EDGE('',*,*,#2968,.F.);
#3860=ORIENTED_EDGE('',*,*,#2969,.F.);
#3861=ORIENTED_EDGE('',*,*,#2942,.F.);
#3862=ORIENTED_EDGE('',*,*,#2969,.T.);
#3863=ORIENTED_EDGE('',*,*,#2970,.F.);
#3864=ORIENTED_EDGE('',*,*,#2955,.T.);
#3865=ORIENTED_EDGE('',*,*,#2935,.F.);
#3866=ORIENTED_EDGE('',*,*,#2970,.T.);
#3867=ORIENTED_EDGE('',*,*,#2968,.T.);
#3868=ORIENTED_EDGE('',*,*,#2966,.T.);
#3869=ORIENTED_EDGE('',*,*,#2964,.T.);
#3870=ORIENTED_EDGE('',*,*,#2962,.T.);
#3871=ORIENTED_EDGE('',*,*,#2960,.T.);
#3872=ORIENTED_EDGE('',*,*,#2958,.T.);
#3873=ORIENTED_EDGE('',*,*,#2956,.T.);
#3874=ORIENTED_EDGE('',*,*,#2971,.F.);
#3875=ORIENTED_EDGE('',*,*,#2972,.F.);
#3876=ORIENTED_EDGE('',*,*,#2973,.F.);
#3877=ORIENTED_EDGE('',*,*,#2974,.F.);
#3878=ORIENTED_EDGE('',*,*,#2975,.F.);
#3879=ORIENTED_EDGE('',*,*,#2976,.F.);
#3880=ORIENTED_EDGE('',*,*,#2972,.T.);
#3881=ORIENTED_EDGE('',*,*,#2977,.F.);
#3882=ORIENTED_EDGE('',*,*,#2978,.F.);
#3883=ORIENTED_EDGE('',*,*,#2975,.T.);
#3884=ORIENTED_EDGE('',*,*,#2977,.T.);
#3885=ORIENTED_EDGE('',*,*,#2974,.T.);
#3886=ORIENTED_EDGE('',*,*,#2971,.T.);
#3887=ORIENTED_EDGE('',*,*,#2979,.F.);
#3888=ORIENTED_EDGE('',*,*,#2980,.F.);
#3889=ORIENTED_EDGE('',*,*,#2981,.F.);
#3890=ORIENTED_EDGE('',*,*,#2982,.T.);
#3891=ORIENTED_EDGE('',*,*,#2983,.F.);
#3892=ORIENTED_EDGE('',*,*,#2982,.F.);
#3893=ORIENTED_EDGE('',*,*,#2984,.F.);
#3894=ORIENTED_EDGE('',*,*,#2985,.F.);
#3895=ORIENTED_EDGE('',*,*,#2986,.F.);
#3896=ORIENTED_EDGE('',*,*,#2978,.T.);
#3897=ORIENTED_EDGE('',*,*,#2983,.T.);
#3898=ORIENTED_EDGE('',*,*,#2986,.T.);
#3899=ORIENTED_EDGE('',*,*,#2987,.F.);
#3900=ORIENTED_EDGE('',*,*,#2988,.T.);
#3901=ORIENTED_EDGE('',*,*,#2979,.T.);
#3902=ORIENTED_EDGE('',*,*,#2973,.T.);
#3903=ORIENTED_EDGE('',*,*,#2976,.T.);
#3904=ORIENTED_EDGE('',*,*,#2984,.T.);
#3905=ORIENTED_EDGE('',*,*,#2981,.T.);
#3906=ORIENTED_EDGE('',*,*,#2989,.T.);
#3907=ORIENTED_EDGE('',*,*,#2990,.F.);
#3908=ORIENTED_EDGE('',*,*,#2980,.T.);
#3909=ORIENTED_EDGE('',*,*,#2988,.F.);
#3910=ORIENTED_EDGE('',*,*,#2991,.F.);
#3911=ORIENTED_EDGE('',*,*,#2989,.F.);
#3912=ORIENTED_EDGE('',*,*,#2985,.T.);
#3913=ORIENTED_EDGE('',*,*,#2990,.T.);
#3914=ORIENTED_EDGE('',*,*,#2991,.T.);
#3915=ORIENTED_EDGE('',*,*,#2987,.T.);
#3916=ORIENTED_EDGE('',*,*,#2992,.T.);
#3917=ORIENTED_EDGE('',*,*,#2993,.F.);
#3918=ORIENTED_EDGE('',*,*,#2994,.F.);
#3919=ORIENTED_EDGE('',*,*,#2995,.F.);
#3920=ORIENTED_EDGE('',*,*,#2996,.T.);
#3921=ORIENTED_EDGE('',*,*,#2997,.F.);
#3922=ORIENTED_EDGE('',*,*,#2994,.T.);
#3923=ORIENTED_EDGE('',*,*,#2998,.T.);
#3924=ORIENTED_EDGE('',*,*,#2999,.T.);
#3925=ORIENTED_EDGE('',*,*,#2998,.F.);
#3926=ORIENTED_EDGE('',*,*,#2993,.T.);
#3927=ORIENTED_EDGE('',*,*,#3000,.T.);
#3928=ORIENTED_EDGE('',*,*,#3001,.T.);
#3929=ORIENTED_EDGE('',*,*,#3000,.F.);
#3930=ORIENTED_EDGE('',*,*,#2992,.F.);
#3931=ORIENTED_EDGE('',*,*,#3002,.F.);
#3932=ORIENTED_EDGE('',*,*,#3003,.T.);
#3933=ORIENTED_EDGE('',*,*,#3002,.T.);
#3934=ORIENTED_EDGE('',*,*,#2995,.T.);
#3935=ORIENTED_EDGE('',*,*,#2997,.T.);
#3936=ORIENTED_EDGE('',*,*,#3001,.F.);
#3937=ORIENTED_EDGE('',*,*,#3003,.F.);
#3938=ORIENTED_EDGE('',*,*,#2996,.F.);
#3939=ORIENTED_EDGE('',*,*,#2999,.F.);
#3940=ORIENTED_EDGE('',*,*,#3004,.T.);
#3941=ORIENTED_EDGE('',*,*,#3005,.T.);
#3942=ORIENTED_EDGE('',*,*,#3006,.T.);
#3943=ORIENTED_EDGE('',*,*,#3007,.T.);
#3944=ORIENTED_EDGE('',*,*,#3008,.T.);
#3945=ORIENTED_EDGE('',*,*,#3009,.T.);
#3946=ORIENTED_EDGE('',*,*,#3010,.T.);
#3947=ORIENTED_EDGE('',*,*,#3011,.T.);
#3948=ORIENTED_EDGE('',*,*,#3012,.T.);
#3949=ORIENTED_EDGE('',*,*,#3013,.T.);
#3950=ORIENTED_EDGE('',*,*,#3014,.T.);
#3951=ORIENTED_EDGE('',*,*,#3015,.T.);
#3952=ORIENTED_EDGE('',*,*,#3016,.T.);
#3953=ORIENTED_EDGE('',*,*,#3017,.T.);
#3954=ORIENTED_EDGE('',*,*,#3018,.T.);
#3955=ORIENTED_EDGE('',*,*,#3019,.T.);
#3956=ORIENTED_EDGE('',*,*,#3020,.T.);
#3957=ORIENTED_EDGE('',*,*,#3021,.T.);
#3958=ORIENTED_EDGE('',*,*,#3022,.T.);
#3959=ORIENTED_EDGE('',*,*,#3023,.T.);
#3960=ORIENTED_EDGE('',*,*,#3024,.T.);
#3961=ORIENTED_EDGE('',*,*,#3025,.T.);
#3962=ORIENTED_EDGE('',*,*,#3026,.T.);
#3963=ORIENTED_EDGE('',*,*,#3027,.T.);
#3964=ORIENTED_EDGE('',*,*,#3028,.T.);
#3965=ORIENTED_EDGE('',*,*,#3029,.T.);
#3966=ORIENTED_EDGE('',*,*,#3030,.T.);
#3967=ORIENTED_EDGE('',*,*,#3031,.T.);
#3968=ORIENTED_EDGE('',*,*,#3032,.T.);
#3969=ORIENTED_EDGE('',*,*,#3033,.T.);
#3970=ORIENTED_EDGE('',*,*,#3034,.T.);
#3971=ORIENTED_EDGE('',*,*,#3035,.T.);
#3972=ORIENTED_EDGE('',*,*,#3036,.T.);
#3973=ORIENTED_EDGE('',*,*,#3037,.T.);
#3974=ORIENTED_EDGE('',*,*,#3038,.T.);
#3975=ORIENTED_EDGE('',*,*,#3039,.T.);
#3976=ORIENTED_EDGE('',*,*,#3040,.T.);
#3977=ORIENTED_EDGE('',*,*,#3041,.T.);
#3978=ORIENTED_EDGE('',*,*,#3042,.T.);
#3979=ORIENTED_EDGE('',*,*,#3043,.T.);
#3980=ORIENTED_EDGE('',*,*,#3044,.T.);
#3981=ORIENTED_EDGE('',*,*,#3045,.T.);
#3982=ORIENTED_EDGE('',*,*,#3046,.T.);
#3983=ORIENTED_EDGE('',*,*,#3047,.T.);
#3984=ORIENTED_EDGE('',*,*,#3048,.T.);
#3985=ORIENTED_EDGE('',*,*,#3049,.T.);
#3986=ORIENTED_EDGE('',*,*,#3050,.T.);
#3987=ORIENTED_EDGE('',*,*,#3051,.T.);
#3988=ORIENTED_EDGE('',*,*,#3052,.T.);
#3989=ORIENTED_EDGE('',*,*,#3053,.T.);
#3990=ORIENTED_EDGE('',*,*,#3054,.T.);
#3991=ORIENTED_EDGE('',*,*,#3055,.T.);
#3992=ORIENTED_EDGE('',*,*,#3056,.T.);
#3993=ORIENTED_EDGE('',*,*,#3057,.T.);
#3994=ORIENTED_EDGE('',*,*,#3058,.T.);
#3995=ORIENTED_EDGE('',*,*,#3059,.T.);
#3996=ORIENTED_EDGE('',*,*,#3060,.T.);
#3997=ORIENTED_EDGE('',*,*,#3061,.T.);
#3998=ORIENTED_EDGE('',*,*,#3062,.T.);
#3999=ORIENTED_EDGE('',*,*,#3063,.T.);
#4000=ORIENTED_EDGE('',*,*,#3064,.T.);
#4001=ORIENTED_EDGE('',*,*,#3065,.T.);
#4002=ORIENTED_EDGE('',*,*,#3066,.T.);
#4003=ORIENTED_EDGE('',*,*,#3067,.T.);
#4004=ORIENTED_EDGE('',*,*,#3068,.T.);
#4005=ORIENTED_EDGE('',*,*,#3069,.T.);
#4006=ORIENTED_EDGE('',*,*,#3070,.T.);
#4007=ORIENTED_EDGE('',*,*,#3071,.T.);
#4008=ORIENTED_EDGE('',*,*,#3072,.T.);
#4009=ORIENTED_EDGE('',*,*,#3073,.T.);
#4010=ORIENTED_EDGE('',*,*,#3074,.T.);
#4011=ORIENTED_EDGE('',*,*,#3075,.T.);
#4012=ORIENTED_EDGE('',*,*,#3076,.T.);
#4013=ORIENTED_EDGE('',*,*,#3077,.T.);
#4014=ORIENTED_EDGE('',*,*,#3078,.T.);
#4015=ORIENTED_EDGE('',*,*,#3079,.T.);
#4016=ORIENTED_EDGE('',*,*,#3080,.T.);
#4017=ORIENTED_EDGE('',*,*,#3081,.T.);
#4018=ORIENTED_EDGE('',*,*,#3082,.T.);
#4019=ORIENTED_EDGE('',*,*,#3083,.T.);
#4020=ORIENTED_EDGE('',*,*,#3084,.T.);
#4021=ORIENTED_EDGE('',*,*,#3085,.T.);
#4022=ORIENTED_EDGE('',*,*,#3086,.T.);
#4023=ORIENTED_EDGE('',*,*,#3087,.T.);
#4024=ORIENTED_EDGE('',*,*,#3088,.T.);
#4025=ORIENTED_EDGE('',*,*,#3089,.T.);
#4026=ORIENTED_EDGE('',*,*,#3090,.T.);
#4027=ORIENTED_EDGE('',*,*,#3091,.T.);
#4028=ORIENTED_EDGE('',*,*,#3092,.T.);
#4029=ORIENTED_EDGE('',*,*,#3093,.T.);
#4030=ORIENTED_EDGE('',*,*,#3094,.T.);
#4031=ORIENTED_EDGE('',*,*,#3095,.T.);
#4032=ORIENTED_EDGE('',*,*,#3096,.T.);
#4033=ORIENTED_EDGE('',*,*,#3097,.T.);
#4034=ORIENTED_EDGE('',*,*,#3098,.T.);
#4035=ORIENTED_EDGE('',*,*,#3099,.T.);
#4036=ORIENTED_EDGE('',*,*,#3100,.T.);
#4037=ORIENTED_EDGE('',*,*,#3101,.T.);
#4038=ORIENTED_EDGE('',*,*,#3102,.T.);
#4039=ORIENTED_EDGE('',*,*,#3103,.T.);
#4040=ORIENTED_EDGE('',*,*,#3104,.T.);
#4041=ORIENTED_EDGE('',*,*,#3105,.T.);
#4042=ORIENTED_EDGE('',*,*,#3106,.T.);
#4043=ORIENTED_EDGE('',*,*,#3107,.T.);
#4044=ORIENTED_EDGE('',*,*,#3108,.T.);
#4045=ORIENTED_EDGE('',*,*,#3109,.T.);
#4046=ORIENTED_EDGE('',*,*,#3110,.T.);
#4047=ORIENTED_EDGE('',*,*,#3111,.T.);
#4048=ORIENTED_EDGE('',*,*,#3112,.T.);
#4049=ORIENTED_EDGE('',*,*,#3113,.T.);
#4050=ORIENTED_EDGE('',*,*,#3114,.T.);
#4051=ORIENTED_EDGE('',*,*,#3115,.T.);
#4052=ORIENTED_EDGE('',*,*,#3116,.T.);
#4053=ORIENTED_EDGE('',*,*,#3117,.T.);
#4054=ORIENTED_EDGE('',*,*,#3118,.T.);
#4055=ORIENTED_EDGE('',*,*,#3119,.T.);
#4056=ORIENTED_EDGE('',*,*,#3120,.T.);
#4057=ORIENTED_EDGE('',*,*,#3121,.T.);
#4058=ORIENTED_EDGE('',*,*,#3122,.T.);
#4059=ORIENTED_EDGE('',*,*,#3123,.T.);
#4060=ORIENTED_EDGE('',*,*,#3124,.F.);
#4061=ORIENTED_EDGE('',*,*,#3125,.T.);
#4062=ORIENTED_EDGE('',*,*,#3126,.T.);
#4063=ORIENTED_EDGE('',*,*,#3115,.F.);
#4064=ORIENTED_EDGE('',*,*,#3127,.F.);
#4065=ORIENTED_EDGE('',*,*,#3128,.T.);
#4066=ORIENTED_EDGE('',*,*,#3124,.T.);
#4067=ORIENTED_EDGE('',*,*,#3114,.F.);
#4068=ORIENTED_EDGE('',*,*,#3129,.F.);
#4069=ORIENTED_EDGE('',*,*,#3130,.T.);
#4070=ORIENTED_EDGE('',*,*,#3127,.T.);
#4071=ORIENTED_EDGE('',*,*,#3113,.F.);
#4072=ORIENTED_EDGE('',*,*,#3131,.F.);
#4073=ORIENTED_EDGE('',*,*,#3132,.T.);
#4074=ORIENTED_EDGE('',*,*,#3129,.T.);
#4075=ORIENTED_EDGE('',*,*,#3112,.F.);
#4076=ORIENTED_EDGE('',*,*,#3133,.F.);
#4077=ORIENTED_EDGE('',*,*,#3134,.T.);
#4078=ORIENTED_EDGE('',*,*,#3131,.T.);
#4079=ORIENTED_EDGE('',*,*,#3111,.F.);
#4080=ORIENTED_EDGE('',*,*,#3135,.F.);
#4081=ORIENTED_EDGE('',*,*,#3136,.T.);
#4082=ORIENTED_EDGE('',*,*,#3133,.T.);
#4083=ORIENTED_EDGE('',*,*,#3110,.F.);
#4084=ORIENTED_EDGE('',*,*,#3137,.F.);
#4085=ORIENTED_EDGE('',*,*,#3138,.T.);
#4086=ORIENTED_EDGE('',*,*,#3135,.T.);
#4087=ORIENTED_EDGE('',*,*,#3109,.F.);
#4088=ORIENTED_EDGE('',*,*,#3139,.F.);
#4089=ORIENTED_EDGE('',*,*,#3140,.T.);
#4090=ORIENTED_EDGE('',*,*,#3137,.T.);
#4091=ORIENTED_EDGE('',*,*,#3108,.F.);
#4092=ORIENTED_EDGE('',*,*,#3141,.F.);
#4093=ORIENTED_EDGE('',*,*,#3142,.T.);
#4094=ORIENTED_EDGE('',*,*,#3143,.T.);
#4095=ORIENTED_EDGE('',*,*,#3099,.F.);
#4096=ORIENTED_EDGE('',*,*,#3144,.F.);
#4097=ORIENTED_EDGE('',*,*,#3145,.T.);
#4098=ORIENTED_EDGE('',*,*,#3141,.T.);
#4099=ORIENTED_EDGE('',*,*,#3098,.F.);
#4100=ORIENTED_EDGE('',*,*,#3146,.F.);
#4101=ORIENTED_EDGE('',*,*,#3147,.T.);
#4102=ORIENTED_EDGE('',*,*,#3144,.T.);
#4103=ORIENTED_EDGE('',*,*,#3097,.F.);
#4104=ORIENTED_EDGE('',*,*,#3148,.F.);
#4105=ORIENTED_EDGE('',*,*,#3149,.T.);
#4106=ORIENTED_EDGE('',*,*,#3146,.T.);
#4107=ORIENTED_EDGE('',*,*,#3096,.F.);
#4108=ORIENTED_EDGE('',*,*,#3150,.F.);
#4109=ORIENTED_EDGE('',*,*,#3151,.T.);
#4110=ORIENTED_EDGE('',*,*,#3148,.T.);
#4111=ORIENTED_EDGE('',*,*,#3095,.F.);
#4112=ORIENTED_EDGE('',*,*,#3152,.F.);
#4113=ORIENTED_EDGE('',*,*,#3153,.T.);
#4114=ORIENTED_EDGE('',*,*,#3150,.T.);
#4115=ORIENTED_EDGE('',*,*,#3094,.F.);
#4116=ORIENTED_EDGE('',*,*,#3154,.F.);
#4117=ORIENTED_EDGE('',*,*,#3155,.T.);
#4118=ORIENTED_EDGE('',*,*,#3152,.T.);
#4119=ORIENTED_EDGE('',*,*,#3093,.F.);
#4120=ORIENTED_EDGE('',*,*,#3156,.F.);
#4121=ORIENTED_EDGE('',*,*,#3157,.T.);
#4122=ORIENTED_EDGE('',*,*,#3154,.T.);
#4123=ORIENTED_EDGE('',*,*,#3092,.F.);
#4124=ORIENTED_EDGE('',*,*,#3158,.F.);
#4125=ORIENTED_EDGE('',*,*,#3159,.T.);
#4126=ORIENTED_EDGE('',*,*,#3160,.T.);
#4127=ORIENTED_EDGE('',*,*,#3087,.F.);
#4128=ORIENTED_EDGE('',*,*,#3161,.F.);
#4129=ORIENTED_EDGE('',*,*,#3162,.T.);
#4130=ORIENTED_EDGE('',*,*,#3158,.T.);
#4131=ORIENTED_EDGE('',*,*,#3086,.F.);
#4132=ORIENTED_EDGE('',*,*,#3163,.F.);
#4133=ORIENTED_EDGE('',*,*,#3164,.T.);
#4134=ORIENTED_EDGE('',*,*,#3161,.T.);
#4135=ORIENTED_EDGE('',*,*,#3085,.F.);
#4136=ORIENTED_EDGE('',*,*,#3165,.F.);
#4137=ORIENTED_EDGE('',*,*,#3166,.T.);
#4138=ORIENTED_EDGE('',*,*,#3163,.T.);
#4139=ORIENTED_EDGE('',*,*,#3084,.F.);
#4140=ORIENTED_EDGE('',*,*,#3167,.F.);
#4141=ORIENTED_EDGE('',*,*,#3168,.T.);
#4142=ORIENTED_EDGE('',*,*,#3169,.T.);
#4143=ORIENTED_EDGE('',*,*,#3043,.F.);
#4144=ORIENTED_EDGE('',*,*,#3170,.F.);
#4145=ORIENTED_EDGE('',*,*,#3171,.F.);
#4146=ORIENTED_EDGE('',*,*,#3167,.T.);
#4147=ORIENTED_EDGE('',*,*,#3042,.F.);
#4148=ORIENTED_EDGE('',*,*,#3172,.F.);
#4149=ORIENTED_EDGE('',*,*,#3173,.T.);
#4150=ORIENTED_EDGE('',*,*,#3170,.T.);
#4151=ORIENTED_EDGE('',*,*,#3041,.F.);
#4152=ORIENTED_EDGE('',*,*,#3174,.F.);
#4153=ORIENTED_EDGE('',*,*,#3175,.F.);
#4154=ORIENTED_EDGE('',*,*,#3172,.T.);
#4155=ORIENTED_EDGE('',*,*,#3040,.F.);
#4156=ORIENTED_EDGE('',*,*,#3176,.F.);
#4157=ORIENTED_EDGE('',*,*,#3177,.F.);
#4158=ORIENTED_EDGE('',*,*,#3174,.T.);
#4159=ORIENTED_EDGE('',*,*,#3039,.F.);
#4160=ORIENTED_EDGE('',*,*,#3178,.F.);
#4161=ORIENTED_EDGE('',*,*,#3179,.T.);
#4162=ORIENTED_EDGE('',*,*,#3176,.T.);
#4163=ORIENTED_EDGE('',*,*,#3038,.F.);
#4164=ORIENTED_EDGE('',*,*,#3180,.F.);
#4165=ORIENTED_EDGE('',*,*,#3181,.T.);
#4166=ORIENTED_EDGE('',*,*,#3178,.T.);
#4167=ORIENTED_EDGE('',*,*,#3037,.F.);
#4168=ORIENTED_EDGE('',*,*,#3182,.F.);
#4169=ORIENTED_EDGE('',*,*,#3183,.T.);
#4170=ORIENTED_EDGE('',*,*,#3180,.T.);
#4171=ORIENTED_EDGE('',*,*,#3036,.F.);
#4172=ORIENTED_EDGE('',*,*,#3184,.F.);
#4173=ORIENTED_EDGE('',*,*,#3185,.T.);
#4174=ORIENTED_EDGE('',*,*,#3182,.T.);
#4175=ORIENTED_EDGE('',*,*,#3035,.F.);
#4176=ORIENTED_EDGE('',*,*,#3186,.F.);
#4177=ORIENTED_EDGE('',*,*,#3187,.T.);
#4178=ORIENTED_EDGE('',*,*,#3184,.T.);
#4179=ORIENTED_EDGE('',*,*,#3034,.F.);
#4180=ORIENTED_EDGE('',*,*,#3188,.F.);
#4181=ORIENTED_EDGE('',*,*,#3189,.T.);
#4182=ORIENTED_EDGE('',*,*,#3186,.T.);
#4183=ORIENTED_EDGE('',*,*,#3033,.F.);
#4184=ORIENTED_EDGE('',*,*,#3190,.F.);
#4185=ORIENTED_EDGE('',*,*,#3191,.F.);
#4186=ORIENTED_EDGE('',*,*,#3188,.T.);
#4187=ORIENTED_EDGE('',*,*,#3032,.F.);
#4188=ORIENTED_EDGE('',*,*,#3192,.F.);
#4189=ORIENTED_EDGE('',*,*,#3193,.F.);
#4190=ORIENTED_EDGE('',*,*,#3190,.T.);
#4191=ORIENTED_EDGE('',*,*,#3031,.F.);
#4192=ORIENTED_EDGE('',*,*,#3194,.F.);
#4193=ORIENTED_EDGE('',*,*,#3195,.F.);
#4194=ORIENTED_EDGE('',*,*,#3192,.T.);
#4195=ORIENTED_EDGE('',*,*,#3030,.F.);
#4196=ORIENTED_EDGE('',*,*,#3196,.F.);
#4197=ORIENTED_EDGE('',*,*,#3197,.F.);
#4198=ORIENTED_EDGE('',*,*,#3194,.T.);
#4199=ORIENTED_EDGE('',*,*,#3029,.F.);
#4200=ORIENTED_EDGE('',*,*,#3198,.F.);
#4201=ORIENTED_EDGE('',*,*,#3199,.F.);
#4202=ORIENTED_EDGE('',*,*,#3196,.T.);
#4203=ORIENTED_EDGE('',*,*,#3028,.F.);
#4204=ORIENTED_EDGE('',*,*,#3200,.F.);
#4205=ORIENTED_EDGE('',*,*,#3201,.F.);
#4206=ORIENTED_EDGE('',*,*,#3198,.T.);
#4207=ORIENTED_EDGE('',*,*,#3027,.F.);
#4208=ORIENTED_EDGE('',*,*,#3202,.F.);
#4209=ORIENTED_EDGE('',*,*,#3203,.T.);
#4210=ORIENTED_EDGE('',*,*,#3200,.T.);
#4211=ORIENTED_EDGE('',*,*,#3026,.F.);
#4212=ORIENTED_EDGE('',*,*,#3204,.F.);
#4213=ORIENTED_EDGE('',*,*,#3205,.T.);
#4214=ORIENTED_EDGE('',*,*,#3202,.T.);
#4215=ORIENTED_EDGE('',*,*,#3025,.F.);
#4216=ORIENTED_EDGE('',*,*,#3206,.F.);
#4217=ORIENTED_EDGE('',*,*,#3207,.T.);
#4218=ORIENTED_EDGE('',*,*,#3204,.T.);
#4219=ORIENTED_EDGE('',*,*,#3024,.F.);
#4220=ORIENTED_EDGE('',*,*,#3208,.F.);
#4221=ORIENTED_EDGE('',*,*,#3209,.F.);
#4222=ORIENTED_EDGE('',*,*,#3206,.T.);
#4223=ORIENTED_EDGE('',*,*,#3023,.F.);
#4224=ORIENTED_EDGE('',*,*,#3210,.F.);
#4225=ORIENTED_EDGE('',*,*,#3211,.T.);
#4226=ORIENTED_EDGE('',*,*,#3208,.T.);
#4227=ORIENTED_EDGE('',*,*,#3022,.F.);
#4228=ORIENTED_EDGE('',*,*,#3212,.F.);
#4229=ORIENTED_EDGE('',*,*,#3213,.F.);
#4230=ORIENTED_EDGE('',*,*,#3210,.T.);
#4231=ORIENTED_EDGE('',*,*,#3021,.F.);
#4232=ORIENTED_EDGE('',*,*,#3214,.F.);
#4233=ORIENTED_EDGE('',*,*,#3215,.F.);
#4234=ORIENTED_EDGE('',*,*,#3212,.T.);
#4235=ORIENTED_EDGE('',*,*,#3020,.F.);
#4236=ORIENTED_EDGE('',*,*,#3216,.F.);
#4237=ORIENTED_EDGE('',*,*,#3217,.T.);
#4238=ORIENTED_EDGE('',*,*,#3214,.T.);
#4239=ORIENTED_EDGE('',*,*,#3019,.F.);
#4240=ORIENTED_EDGE('',*,*,#3218,.F.);
#4241=ORIENTED_EDGE('',*,*,#3219,.F.);
#4242=ORIENTED_EDGE('',*,*,#3216,.T.);
#4243=ORIENTED_EDGE('',*,*,#3018,.F.);
#4244=ORIENTED_EDGE('',*,*,#3220,.F.);
#4245=ORIENTED_EDGE('',*,*,#3221,.F.);
#4246=ORIENTED_EDGE('',*,*,#3218,.T.);
#4247=ORIENTED_EDGE('',*,*,#3017,.F.);
#4248=ORIENTED_EDGE('',*,*,#3222,.F.);
#4249=ORIENTED_EDGE('',*,*,#3223,.F.);
#4250=ORIENTED_EDGE('',*,*,#3220,.T.);
#4251=ORIENTED_EDGE('',*,*,#3016,.F.);
#4252=ORIENTED_EDGE('',*,*,#3224,.F.);
#4253=ORIENTED_EDGE('',*,*,#3225,.F.);
#4254=ORIENTED_EDGE('',*,*,#3222,.T.);
#4255=ORIENTED_EDGE('',*,*,#3015,.F.);
#4256=ORIENTED_EDGE('',*,*,#3226,.F.);
#4257=ORIENTED_EDGE('',*,*,#3227,.F.);
#4258=ORIENTED_EDGE('',*,*,#3224,.T.);
#4259=ORIENTED_EDGE('',*,*,#3014,.F.);
#4260=ORIENTED_EDGE('',*,*,#3228,.F.);
#4261=ORIENTED_EDGE('',*,*,#3229,.F.);
#4262=ORIENTED_EDGE('',*,*,#3226,.T.);
#4263=ORIENTED_EDGE('',*,*,#3013,.F.);
#4264=ORIENTED_EDGE('',*,*,#3230,.F.);
#4265=ORIENTED_EDGE('',*,*,#3231,.T.);
#4266=ORIENTED_EDGE('',*,*,#3228,.T.);
#4267=ORIENTED_EDGE('',*,*,#3012,.F.);
#4268=ORIENTED_EDGE('',*,*,#3232,.F.);
#4269=ORIENTED_EDGE('',*,*,#3233,.T.);
#4270=ORIENTED_EDGE('',*,*,#3230,.T.);
#4271=ORIENTED_EDGE('',*,*,#3011,.F.);
#4272=ORIENTED_EDGE('',*,*,#3234,.F.);
#4273=ORIENTED_EDGE('',*,*,#3235,.T.);
#4274=ORIENTED_EDGE('',*,*,#3232,.T.);
#4275=ORIENTED_EDGE('',*,*,#3010,.F.);
#4276=ORIENTED_EDGE('',*,*,#3236,.F.);
#4277=ORIENTED_EDGE('',*,*,#3237,.F.);
#4278=ORIENTED_EDGE('',*,*,#3234,.T.);
#4279=ORIENTED_EDGE('',*,*,#3009,.F.);
#4280=ORIENTED_EDGE('',*,*,#3238,.F.);
#4281=ORIENTED_EDGE('',*,*,#3239,.T.);
#4282=ORIENTED_EDGE('',*,*,#3236,.T.);
#4283=ORIENTED_EDGE('',*,*,#3008,.F.);
#4284=ORIENTED_EDGE('',*,*,#3240,.F.);
#4285=ORIENTED_EDGE('',*,*,#3241,.F.);
#4286=ORIENTED_EDGE('',*,*,#3238,.T.);
#4287=ORIENTED_EDGE('',*,*,#3007,.F.);
#4288=ORIENTED_EDGE('',*,*,#3242,.F.);
#4289=ORIENTED_EDGE('',*,*,#3243,.F.);
#4290=ORIENTED_EDGE('',*,*,#3240,.T.);
#4291=ORIENTED_EDGE('',*,*,#3006,.F.);
#4292=ORIENTED_EDGE('',*,*,#3244,.F.);
#4293=ORIENTED_EDGE('',*,*,#3245,.T.);
#4294=ORIENTED_EDGE('',*,*,#3242,.T.);
#4295=ORIENTED_EDGE('',*,*,#3005,.F.);
#4296=ORIENTED_EDGE('',*,*,#3246,.F.);
#4297=ORIENTED_EDGE('',*,*,#3247,.F.);
#4298=ORIENTED_EDGE('',*,*,#3244,.T.);
#4299=ORIENTED_EDGE('',*,*,#3004,.F.);
#4300=ORIENTED_EDGE('',*,*,#3248,.F.);
#4301=ORIENTED_EDGE('',*,*,#3249,.T.);
#4302=ORIENTED_EDGE('',*,*,#3139,.T.);
#4303=ORIENTED_EDGE('',*,*,#3123,.F.);
#4304=ORIENTED_EDGE('',*,*,#3250,.F.);
#4305=ORIENTED_EDGE('',*,*,#3251,.T.);
#4306=ORIENTED_EDGE('',*,*,#3248,.T.);
#4307=ORIENTED_EDGE('',*,*,#3122,.F.);
#4308=ORIENTED_EDGE('',*,*,#3252,.F.);
#4309=ORIENTED_EDGE('',*,*,#3253,.T.);
#4310=ORIENTED_EDGE('',*,*,#3250,.T.);
#4311=ORIENTED_EDGE('',*,*,#3121,.F.);
#4312=ORIENTED_EDGE('',*,*,#3254,.F.);
#4313=ORIENTED_EDGE('',*,*,#3255,.T.);
#4314=ORIENTED_EDGE('',*,*,#3252,.T.);
#4315=ORIENTED_EDGE('',*,*,#3120,.F.);
#4316=ORIENTED_EDGE('',*,*,#3256,.F.);
#4317=ORIENTED_EDGE('',*,*,#3257,.T.);
#4318=ORIENTED_EDGE('',*,*,#3254,.T.);
#4319=ORIENTED_EDGE('',*,*,#3119,.F.);
#4320=ORIENTED_EDGE('',*,*,#3258,.F.);
#4321=ORIENTED_EDGE('',*,*,#3259,.T.);
#4322=ORIENTED_EDGE('',*,*,#3256,.T.);
#4323=ORIENTED_EDGE('',*,*,#3118,.F.);
#4324=ORIENTED_EDGE('',*,*,#3260,.F.);
#4325=ORIENTED_EDGE('',*,*,#3261,.T.);
#4326=ORIENTED_EDGE('',*,*,#3258,.T.);
#4327=ORIENTED_EDGE('',*,*,#3117,.F.);
#4328=ORIENTED_EDGE('',*,*,#3126,.F.);
#4329=ORIENTED_EDGE('',*,*,#3262,.T.);
#4330=ORIENTED_EDGE('',*,*,#3260,.T.);
#4331=ORIENTED_EDGE('',*,*,#3116,.F.);
#4332=ORIENTED_EDGE('',*,*,#3263,.F.);
#4333=ORIENTED_EDGE('',*,*,#3264,.T.);
#4334=ORIENTED_EDGE('',*,*,#3156,.T.);
#4335=ORIENTED_EDGE('',*,*,#3107,.F.);
#4336=ORIENTED_EDGE('',*,*,#3265,.F.);
#4337=ORIENTED_EDGE('',*,*,#3266,.T.);
#4338=ORIENTED_EDGE('',*,*,#3263,.T.);
#4339=ORIENTED_EDGE('',*,*,#3106,.F.);
#4340=ORIENTED_EDGE('',*,*,#3267,.F.);
#4341=ORIENTED_EDGE('',*,*,#3268,.T.);
#4342=ORIENTED_EDGE('',*,*,#3265,.T.);
#4343=ORIENTED_EDGE('',*,*,#3105,.F.);
#4344=ORIENTED_EDGE('',*,*,#3269,.F.);
#4345=ORIENTED_EDGE('',*,*,#3270,.T.);
#4346=ORIENTED_EDGE('',*,*,#3267,.T.);
#4347=ORIENTED_EDGE('',*,*,#3104,.F.);
#4348=ORIENTED_EDGE('',*,*,#3271,.F.);
#4349=ORIENTED_EDGE('',*,*,#3272,.T.);
#4350=ORIENTED_EDGE('',*,*,#3269,.T.);
#4351=ORIENTED_EDGE('',*,*,#3103,.F.);
#4352=ORIENTED_EDGE('',*,*,#3273,.F.);
#4353=ORIENTED_EDGE('',*,*,#3274,.T.);
#4354=ORIENTED_EDGE('',*,*,#3271,.T.);
#4355=ORIENTED_EDGE('',*,*,#3102,.F.);
#4356=ORIENTED_EDGE('',*,*,#3275,.F.);
#4357=ORIENTED_EDGE('',*,*,#3276,.T.);
#4358=ORIENTED_EDGE('',*,*,#3273,.T.);
#4359=ORIENTED_EDGE('',*,*,#3101,.F.);
#4360=ORIENTED_EDGE('',*,*,#3143,.F.);
#4361=ORIENTED_EDGE('',*,*,#3277,.T.);
#4362=ORIENTED_EDGE('',*,*,#3275,.T.);
#4363=ORIENTED_EDGE('',*,*,#3100,.F.);
#4364=ORIENTED_EDGE('',*,*,#3278,.F.);
#4365=ORIENTED_EDGE('',*,*,#3279,.T.);
#4366=ORIENTED_EDGE('',*,*,#3165,.T.);
#4367=ORIENTED_EDGE('',*,*,#3091,.F.);
#4368=ORIENTED_EDGE('',*,*,#3280,.F.);
#4369=ORIENTED_EDGE('',*,*,#3281,.T.);
#4370=ORIENTED_EDGE('',*,*,#3278,.T.);
#4371=ORIENTED_EDGE('',*,*,#3090,.F.);
#4372=ORIENTED_EDGE('',*,*,#3282,.F.);
#4373=ORIENTED_EDGE('',*,*,#3283,.T.);
#4374=ORIENTED_EDGE('',*,*,#3280,.T.);
#4375=ORIENTED_EDGE('',*,*,#3089,.F.);
#4376=ORIENTED_EDGE('',*,*,#3160,.F.);
#4377=ORIENTED_EDGE('',*,*,#3284,.T.);
#4378=ORIENTED_EDGE('',*,*,#3282,.T.);
#4379=ORIENTED_EDGE('',*,*,#3088,.F.);
#4380=ORIENTED_EDGE('',*,*,#3285,.F.);
#4381=ORIENTED_EDGE('',*,*,#3286,.F.);
#4382=ORIENTED_EDGE('',*,*,#3246,.T.);
#4383=ORIENTED_EDGE('',*,*,#3083,.F.);
#4384=ORIENTED_EDGE('',*,*,#3287,.F.);
#4385=ORIENTED_EDGE('',*,*,#3288,.F.);
#4386=ORIENTED_EDGE('',*,*,#3285,.T.);
#4387=ORIENTED_EDGE('',*,*,#3082,.F.);
#4388=ORIENTED_EDGE('',*,*,#3289,.F.);
#4389=ORIENTED_EDGE('',*,*,#3290,.F.);
#4390=ORIENTED_EDGE('',*,*,#3287,.T.);
#4391=ORIENTED_EDGE('',*,*,#3081,.F.);
#4392=ORIENTED_EDGE('',*,*,#3291,.F.);
#4393=ORIENTED_EDGE('',*,*,#3292,.F.);
#4394=ORIENTED_EDGE('',*,*,#3289,.T.);
#4395=ORIENTED_EDGE('',*,*,#3080,.F.);
#4396=ORIENTED_EDGE('',*,*,#3293,.F.);
#4397=ORIENTED_EDGE('',*,*,#3294,.F.);
#4398=ORIENTED_EDGE('',*,*,#3291,.T.);
#4399=ORIENTED_EDGE('',*,*,#3079,.F.);
#4400=ORIENTED_EDGE('',*,*,#3295,.F.);
#4401=ORIENTED_EDGE('',*,*,#3296,.T.);
#4402=ORIENTED_EDGE('',*,*,#3293,.T.);
#4403=ORIENTED_EDGE('',*,*,#3078,.F.);
#4404=ORIENTED_EDGE('',*,*,#3297,.F.);
#4405=ORIENTED_EDGE('',*,*,#3298,.T.);
#4406=ORIENTED_EDGE('',*,*,#3295,.T.);
#4407=ORIENTED_EDGE('',*,*,#3077,.F.);
#4408=ORIENTED_EDGE('',*,*,#3299,.F.);
#4409=ORIENTED_EDGE('',*,*,#3300,.T.);
#4410=ORIENTED_EDGE('',*,*,#3297,.T.);
#4411=ORIENTED_EDGE('',*,*,#3076,.F.);
#4412=ORIENTED_EDGE('',*,*,#3301,.F.);
#4413=ORIENTED_EDGE('',*,*,#3302,.F.);
#4414=ORIENTED_EDGE('',*,*,#3299,.T.);
#4415=ORIENTED_EDGE('',*,*,#3075,.F.);
#4416=ORIENTED_EDGE('',*,*,#3303,.F.);
#4417=ORIENTED_EDGE('',*,*,#3304,.T.);
#4418=ORIENTED_EDGE('',*,*,#3301,.T.);
#4419=ORIENTED_EDGE('',*,*,#3074,.F.);
#4420=ORIENTED_EDGE('',*,*,#3305,.F.);
#4421=ORIENTED_EDGE('',*,*,#3306,.F.);
#4422=ORIENTED_EDGE('',*,*,#3303,.T.);
#4423=ORIENTED_EDGE('',*,*,#3073,.F.);
#4424=ORIENTED_EDGE('',*,*,#3307,.F.);
#4425=ORIENTED_EDGE('',*,*,#3308,.F.);
#4426=ORIENTED_EDGE('',*,*,#3305,.T.);
#4427=ORIENTED_EDGE('',*,*,#3072,.F.);
#4428=ORIENTED_EDGE('',*,*,#3309,.F.);
#4429=ORIENTED_EDGE('',*,*,#3310,.T.);
#4430=ORIENTED_EDGE('',*,*,#3307,.T.);
#4431=ORIENTED_EDGE('',*,*,#3071,.F.);
#4432=ORIENTED_EDGE('',*,*,#3311,.F.);
#4433=ORIENTED_EDGE('',*,*,#3312,.F.);
#4434=ORIENTED_EDGE('',*,*,#3309,.T.);
#4435=ORIENTED_EDGE('',*,*,#3070,.F.);
#4436=ORIENTED_EDGE('',*,*,#3313,.F.);
#4437=ORIENTED_EDGE('',*,*,#3314,.T.);
#4438=ORIENTED_EDGE('',*,*,#3311,.T.);
#4439=ORIENTED_EDGE('',*,*,#3069,.F.);
#4440=ORIENTED_EDGE('',*,*,#3315,.F.);
#4441=ORIENTED_EDGE('',*,*,#3316,.F.);
#4442=ORIENTED_EDGE('',*,*,#3313,.T.);
#4443=ORIENTED_EDGE('',*,*,#3068,.F.);
#4444=ORIENTED_EDGE('',*,*,#3317,.F.);
#4445=ORIENTED_EDGE('',*,*,#3318,.F.);
#4446=ORIENTED_EDGE('',*,*,#3315,.T.);
#4447=ORIENTED_EDGE('',*,*,#3067,.F.);
#4448=ORIENTED_EDGE('',*,*,#3319,.F.);
#4449=ORIENTED_EDGE('',*,*,#3320,.T.);
#4450=ORIENTED_EDGE('',*,*,#3317,.T.);
#4451=ORIENTED_EDGE('',*,*,#3066,.F.);
#4452=ORIENTED_EDGE('',*,*,#3321,.F.);
#4453=ORIENTED_EDGE('',*,*,#3322,.T.);
#4454=ORIENTED_EDGE('',*,*,#3319,.T.);
#4455=ORIENTED_EDGE('',*,*,#3065,.F.);
#4456=ORIENTED_EDGE('',*,*,#3323,.F.);
#4457=ORIENTED_EDGE('',*,*,#3324,.T.);
#4458=ORIENTED_EDGE('',*,*,#3321,.T.);
#4459=ORIENTED_EDGE('',*,*,#3064,.F.);
#4460=ORIENTED_EDGE('',*,*,#3325,.F.);
#4461=ORIENTED_EDGE('',*,*,#3326,.T.);
#4462=ORIENTED_EDGE('',*,*,#3323,.T.);
#4463=ORIENTED_EDGE('',*,*,#3063,.F.);
#4464=ORIENTED_EDGE('',*,*,#3327,.F.);
#4465=ORIENTED_EDGE('',*,*,#3328,.T.);
#4466=ORIENTED_EDGE('',*,*,#3325,.T.);
#4467=ORIENTED_EDGE('',*,*,#3062,.F.);
#4468=ORIENTED_EDGE('',*,*,#3329,.F.);
#4469=ORIENTED_EDGE('',*,*,#3330,.T.);
#4470=ORIENTED_EDGE('',*,*,#3327,.T.);
#4471=ORIENTED_EDGE('',*,*,#3061,.F.);
#4472=ORIENTED_EDGE('',*,*,#3331,.F.);
#4473=ORIENTED_EDGE('',*,*,#3332,.F.);
#4474=ORIENTED_EDGE('',*,*,#3329,.T.);
#4475=ORIENTED_EDGE('',*,*,#3060,.F.);
#4476=ORIENTED_EDGE('',*,*,#3333,.F.);
#4477=ORIENTED_EDGE('',*,*,#3334,.T.);
#4478=ORIENTED_EDGE('',*,*,#3331,.T.);
#4479=ORIENTED_EDGE('',*,*,#3059,.F.);
#4480=ORIENTED_EDGE('',*,*,#3335,.F.);
#4481=ORIENTED_EDGE('',*,*,#3336,.F.);
#4482=ORIENTED_EDGE('',*,*,#3333,.T.);
#4483=ORIENTED_EDGE('',*,*,#3058,.F.);
#4484=ORIENTED_EDGE('',*,*,#3337,.F.);
#4485=ORIENTED_EDGE('',*,*,#3338,.T.);
#4486=ORIENTED_EDGE('',*,*,#3335,.T.);
#4487=ORIENTED_EDGE('',*,*,#3057,.F.);
#4488=ORIENTED_EDGE('',*,*,#3339,.F.);
#4489=ORIENTED_EDGE('',*,*,#3340,.F.);
#4490=ORIENTED_EDGE('',*,*,#3337,.T.);
#4491=ORIENTED_EDGE('',*,*,#3056,.F.);
#4492=ORIENTED_EDGE('',*,*,#3341,.F.);
#4493=ORIENTED_EDGE('',*,*,#3342,.T.);
#4494=ORIENTED_EDGE('',*,*,#3339,.T.);
#4495=ORIENTED_EDGE('',*,*,#3055,.F.);
#4496=ORIENTED_EDGE('',*,*,#3343,.F.);
#4497=ORIENTED_EDGE('',*,*,#3344,.F.);
#4498=ORIENTED_EDGE('',*,*,#3341,.T.);
#4499=ORIENTED_EDGE('',*,*,#3054,.F.);
#4500=ORIENTED_EDGE('',*,*,#3345,.F.);
#4501=ORIENTED_EDGE('',*,*,#3346,.F.);
#4502=ORIENTED_EDGE('',*,*,#3343,.T.);
#4503=ORIENTED_EDGE('',*,*,#3053,.F.);
#4504=ORIENTED_EDGE('',*,*,#3347,.F.);
#4505=ORIENTED_EDGE('',*,*,#3348,.T.);
#4506=ORIENTED_EDGE('',*,*,#3345,.T.);
#4507=ORIENTED_EDGE('',*,*,#3052,.F.);
#4508=ORIENTED_EDGE('',*,*,#3349,.F.);
#4509=ORIENTED_EDGE('',*,*,#3350,.T.);
#4510=ORIENTED_EDGE('',*,*,#3347,.T.);
#4511=ORIENTED_EDGE('',*,*,#3051,.F.);
#4512=ORIENTED_EDGE('',*,*,#3351,.F.);
#4513=ORIENTED_EDGE('',*,*,#3352,.T.);
#4514=ORIENTED_EDGE('',*,*,#3349,.T.);
#4515=ORIENTED_EDGE('',*,*,#3050,.F.);
#4516=ORIENTED_EDGE('',*,*,#3353,.F.);
#4517=ORIENTED_EDGE('',*,*,#3354,.T.);
#4518=ORIENTED_EDGE('',*,*,#3351,.T.);
#4519=ORIENTED_EDGE('',*,*,#3049,.F.);
#4520=ORIENTED_EDGE('',*,*,#3355,.F.);
#4521=ORIENTED_EDGE('',*,*,#3356,.T.);
#4522=ORIENTED_EDGE('',*,*,#3353,.T.);
#4523=ORIENTED_EDGE('',*,*,#3048,.F.);
#4524=ORIENTED_EDGE('',*,*,#3357,.F.);
#4525=ORIENTED_EDGE('',*,*,#3358,.T.);
#4526=ORIENTED_EDGE('',*,*,#3355,.T.);
#4527=ORIENTED_EDGE('',*,*,#3047,.F.);
#4528=ORIENTED_EDGE('',*,*,#3359,.F.);
#4529=ORIENTED_EDGE('',*,*,#3360,.F.);
#4530=ORIENTED_EDGE('',*,*,#3357,.T.);
#4531=ORIENTED_EDGE('',*,*,#3046,.F.);
#4532=ORIENTED_EDGE('',*,*,#3361,.F.);
#4533=ORIENTED_EDGE('',*,*,#3362,.T.);
#4534=ORIENTED_EDGE('',*,*,#3359,.T.);
#4535=ORIENTED_EDGE('',*,*,#3045,.F.);
#4536=ORIENTED_EDGE('',*,*,#3169,.F.);
#4537=ORIENTED_EDGE('',*,*,#3363,.F.);
#4538=ORIENTED_EDGE('',*,*,#3361,.T.);
#4539=ORIENTED_EDGE('',*,*,#3044,.F.);
#4540=ORIENTED_EDGE('',*,*,#3247,.T.);
#4541=ORIENTED_EDGE('',*,*,#3286,.T.);
#4542=ORIENTED_EDGE('',*,*,#3288,.T.);
#4543=ORIENTED_EDGE('',*,*,#3290,.T.);
#4544=ORIENTED_EDGE('',*,*,#3292,.T.);
#4545=ORIENTED_EDGE('',*,*,#3294,.T.);
#4546=ORIENTED_EDGE('',*,*,#3296,.F.);
#4547=ORIENTED_EDGE('',*,*,#3298,.F.);
#4548=ORIENTED_EDGE('',*,*,#3300,.F.);
#4549=ORIENTED_EDGE('',*,*,#3302,.T.);
#4550=ORIENTED_EDGE('',*,*,#3304,.F.);
#4551=ORIENTED_EDGE('',*,*,#3306,.T.);
#4552=ORIENTED_EDGE('',*,*,#3308,.T.);
#4553=ORIENTED_EDGE('',*,*,#3310,.F.);
#4554=ORIENTED_EDGE('',*,*,#3312,.T.);
#4555=ORIENTED_EDGE('',*,*,#3314,.F.);
#4556=ORIENTED_EDGE('',*,*,#3316,.T.);
#4557=ORIENTED_EDGE('',*,*,#3318,.T.);
#4558=ORIENTED_EDGE('',*,*,#3320,.F.);
#4559=ORIENTED_EDGE('',*,*,#3322,.F.);
#4560=ORIENTED_EDGE('',*,*,#3324,.F.);
#4561=ORIENTED_EDGE('',*,*,#3326,.F.);
#4562=ORIENTED_EDGE('',*,*,#3328,.F.);
#4563=ORIENTED_EDGE('',*,*,#3330,.F.);
#4564=ORIENTED_EDGE('',*,*,#3332,.T.);
#4565=ORIENTED_EDGE('',*,*,#3334,.F.);
#4566=ORIENTED_EDGE('',*,*,#3336,.T.);
#4567=ORIENTED_EDGE('',*,*,#3338,.F.);
#4568=ORIENTED_EDGE('',*,*,#3340,.T.);
#4569=ORIENTED_EDGE('',*,*,#3342,.F.);
#4570=ORIENTED_EDGE('',*,*,#3344,.T.);
#4571=ORIENTED_EDGE('',*,*,#3346,.T.);
#4572=ORIENTED_EDGE('',*,*,#3348,.F.);
#4573=ORIENTED_EDGE('',*,*,#3350,.F.);
#4574=ORIENTED_EDGE('',*,*,#3352,.F.);
#4575=ORIENTED_EDGE('',*,*,#3354,.F.);
#4576=ORIENTED_EDGE('',*,*,#3356,.F.);
#4577=ORIENTED_EDGE('',*,*,#3358,.F.);
#4578=ORIENTED_EDGE('',*,*,#3360,.T.);
#4579=ORIENTED_EDGE('',*,*,#3362,.F.);
#4580=ORIENTED_EDGE('',*,*,#3363,.T.);
#4581=ORIENTED_EDGE('',*,*,#3168,.F.);
#4582=ORIENTED_EDGE('',*,*,#3171,.T.);
#4583=ORIENTED_EDGE('',*,*,#3173,.F.);
#4584=ORIENTED_EDGE('',*,*,#3175,.T.);
#4585=ORIENTED_EDGE('',*,*,#3177,.T.);
#4586=ORIENTED_EDGE('',*,*,#3179,.F.);
#4587=ORIENTED_EDGE('',*,*,#3181,.F.);
#4588=ORIENTED_EDGE('',*,*,#3183,.F.);
#4589=ORIENTED_EDGE('',*,*,#3185,.F.);
#4590=ORIENTED_EDGE('',*,*,#3187,.F.);
#4591=ORIENTED_EDGE('',*,*,#3189,.F.);
#4592=ORIENTED_EDGE('',*,*,#3191,.T.);
#4593=ORIENTED_EDGE('',*,*,#3193,.T.);
#4594=ORIENTED_EDGE('',*,*,#3195,.T.);
#4595=ORIENTED_EDGE('',*,*,#3197,.T.);
#4596=ORIENTED_EDGE('',*,*,#3199,.T.);
#4597=ORIENTED_EDGE('',*,*,#3201,.T.);
#4598=ORIENTED_EDGE('',*,*,#3203,.F.);
#4599=ORIENTED_EDGE('',*,*,#3205,.F.);
#4600=ORIENTED_EDGE('',*,*,#3207,.F.);
#4601=ORIENTED_EDGE('',*,*,#3209,.T.);
#4602=ORIENTED_EDGE('',*,*,#3211,.F.);
#4603=ORIENTED_EDGE('',*,*,#3213,.T.);
#4604=ORIENTED_EDGE('',*,*,#3215,.T.);
#4605=ORIENTED_EDGE('',*,*,#3217,.F.);
#4606=ORIENTED_EDGE('',*,*,#3219,.T.);
#4607=ORIENTED_EDGE('',*,*,#3221,.T.);
#4608=ORIENTED_EDGE('',*,*,#3223,.T.);
#4609=ORIENTED_EDGE('',*,*,#3225,.T.);
#4610=ORIENTED_EDGE('',*,*,#3227,.T.);
#4611=ORIENTED_EDGE('',*,*,#3229,.T.);
#4612=ORIENTED_EDGE('',*,*,#3231,.F.);
#4613=ORIENTED_EDGE('',*,*,#3233,.F.);
#4614=ORIENTED_EDGE('',*,*,#3235,.F.);
#4615=ORIENTED_EDGE('',*,*,#3237,.T.);
#4616=ORIENTED_EDGE('',*,*,#3239,.F.);
#4617=ORIENTED_EDGE('',*,*,#3241,.T.);
#4618=ORIENTED_EDGE('',*,*,#3243,.T.);
#4619=ORIENTED_EDGE('',*,*,#3245,.F.);
#4620=ORIENTED_EDGE('',*,*,#3166,.F.);
#4621=ORIENTED_EDGE('',*,*,#3279,.F.);
#4622=ORIENTED_EDGE('',*,*,#3281,.F.);
#4623=ORIENTED_EDGE('',*,*,#3283,.F.);
#4624=ORIENTED_EDGE('',*,*,#3284,.F.);
#4625=ORIENTED_EDGE('',*,*,#3159,.F.);
#4626=ORIENTED_EDGE('',*,*,#3162,.F.);
#4627=ORIENTED_EDGE('',*,*,#3164,.F.);
#4628=ORIENTED_EDGE('',*,*,#3157,.F.);
#4629=ORIENTED_EDGE('',*,*,#3264,.F.);
#4630=ORIENTED_EDGE('',*,*,#3266,.F.);
#4631=ORIENTED_EDGE('',*,*,#3268,.F.);
#4632=ORIENTED_EDGE('',*,*,#3270,.F.);
#4633=ORIENTED_EDGE('',*,*,#3272,.F.);
#4634=ORIENTED_EDGE('',*,*,#3274,.F.);
#4635=ORIENTED_EDGE('',*,*,#3276,.F.);
#4636=ORIENTED_EDGE('',*,*,#3277,.F.);
#4637=ORIENTED_EDGE('',*,*,#3142,.F.);
#4638=ORIENTED_EDGE('',*,*,#3145,.F.);
#4639=ORIENTED_EDGE('',*,*,#3147,.F.);
#4640=ORIENTED_EDGE('',*,*,#3149,.F.);
#4641=ORIENTED_EDGE('',*,*,#3151,.F.);
#4642=ORIENTED_EDGE('',*,*,#3153,.F.);
#4643=ORIENTED_EDGE('',*,*,#3155,.F.);
#4644=ORIENTED_EDGE('',*,*,#3140,.F.);
#4645=ORIENTED_EDGE('',*,*,#3249,.F.);
#4646=ORIENTED_EDGE('',*,*,#3251,.F.);
#4647=ORIENTED_EDGE('',*,*,#3253,.F.);
#4648=ORIENTED_EDGE('',*,*,#3255,.F.);
#4649=ORIENTED_EDGE('',*,*,#3257,.F.);
#4650=ORIENTED_EDGE('',*,*,#3259,.F.);
#4651=ORIENTED_EDGE('',*,*,#3261,.F.);
#4652=ORIENTED_EDGE('',*,*,#3262,.F.);
#4653=ORIENTED_EDGE('',*,*,#3125,.F.);
#4654=ORIENTED_EDGE('',*,*,#3128,.F.);
#4655=ORIENTED_EDGE('',*,*,#3130,.F.);
#4656=ORIENTED_EDGE('',*,*,#3132,.F.);
#4657=ORIENTED_EDGE('',*,*,#3134,.F.);
#4658=ORIENTED_EDGE('',*,*,#3136,.F.);
#4659=ORIENTED_EDGE('',*,*,#3138,.F.);
#4660=ORIENTED_EDGE('',*,*,#3364,.T.);
#4661=ORIENTED_EDGE('',*,*,#3365,.F.);
#4662=ORIENTED_EDGE('',*,*,#3366,.F.);
#4663=ORIENTED_EDGE('',*,*,#3367,.F.);
#4664=ORIENTED_EDGE('',*,*,#3368,.F.);
#4665=ORIENTED_EDGE('',*,*,#3369,.F.);
#4666=ORIENTED_EDGE('',*,*,#3370,.F.);
#4667=ORIENTED_EDGE('',*,*,#3371,.F.);
#4668=ORIENTED_EDGE('',*,*,#3368,.T.);
#4669=ORIENTED_EDGE('',*,*,#3372,.T.);
#4670=ORIENTED_EDGE('',*,*,#3373,.T.);
#4671=ORIENTED_EDGE('',*,*,#3374,.T.);
#4672=ORIENTED_EDGE('',*,*,#3371,.T.);
#4673=ORIENTED_EDGE('',*,*,#3375,.F.);
#4674=ORIENTED_EDGE('',*,*,#3376,.F.);
#4675=ORIENTED_EDGE('',*,*,#3372,.F.);
#4676=ORIENTED_EDGE('',*,*,#3377,.T.);
#4677=ORIENTED_EDGE('',*,*,#3378,.T.);
#4678=ORIENTED_EDGE('',*,*,#3379,.T.);
#4679=ORIENTED_EDGE('',*,*,#3380,.T.);
#4680=ORIENTED_EDGE('',*,*,#3381,.F.);
#4681=ORIENTED_EDGE('',*,*,#3382,.F.);
#4682=ORIENTED_EDGE('',*,*,#3383,.F.);
#4683=ORIENTED_EDGE('',*,*,#3384,.F.);
#4684=ORIENTED_EDGE('',*,*,#3385,.F.);
#4685=ORIENTED_EDGE('',*,*,#3382,.T.);
#4686=ORIENTED_EDGE('',*,*,#3386,.T.);
#4687=ORIENTED_EDGE('',*,*,#3387,.F.);
#4688=ORIENTED_EDGE('',*,*,#3388,.F.);
#4689=ORIENTED_EDGE('',*,*,#3381,.T.);
#4690=ORIENTED_EDGE('',*,*,#3389,.T.);
#4691=ORIENTED_EDGE('',*,*,#3390,.F.);
#4692=ORIENTED_EDGE('',*,*,#3386,.F.);
#4693=ORIENTED_EDGE('',*,*,#3391,.F.);
#4694=ORIENTED_EDGE('',*,*,#3392,.T.);
#4695=ORIENTED_EDGE('',*,*,#3385,.T.);
#4696=ORIENTED_EDGE('',*,*,#3392,.F.);
#4697=ORIENTED_EDGE('',*,*,#3384,.T.);
#4698=ORIENTED_EDGE('',*,*,#3393,.F.);
#4699=ORIENTED_EDGE('',*,*,#3394,.F.);
#4700=ORIENTED_EDGE('',*,*,#3389,.F.);
#4701=ORIENTED_EDGE('',*,*,#3390,.T.);
#4702=ORIENTED_EDGE('',*,*,#3394,.T.);
#4703=ORIENTED_EDGE('',*,*,#3395,.F.);
#4704=ORIENTED_EDGE('',*,*,#3387,.T.);
#4705=ORIENTED_EDGE('',*,*,#3391,.T.);
#4706=ORIENTED_EDGE('',*,*,#3396,.F.);
#4707=ORIENTED_EDGE('',*,*,#3397,.F.);
#4708=ORIENTED_EDGE('',*,*,#3398,.F.);
#4709=ORIENTED_EDGE('',*,*,#3399,.F.);
#4710=ORIENTED_EDGE('',*,*,#3400,.F.);
#4711=ORIENTED_EDGE('',*,*,#3397,.T.);
#4712=ORIENTED_EDGE('',*,*,#3401,.T.);
#4713=ORIENTED_EDGE('',*,*,#3402,.F.);
#4714=ORIENTED_EDGE('',*,*,#3403,.F.);
#4715=ORIENTED_EDGE('',*,*,#3396,.T.);
#4716=ORIENTED_EDGE('',*,*,#3404,.T.);
#4717=ORIENTED_EDGE('',*,*,#3405,.F.);
#4718=ORIENTED_EDGE('',*,*,#3401,.F.);
#4719=ORIENTED_EDGE('',*,*,#3406,.F.);
#4720=ORIENTED_EDGE('',*,*,#3407,.T.);
#4721=ORIENTED_EDGE('',*,*,#3400,.T.);
#4722=ORIENTED_EDGE('',*,*,#3407,.F.);
#4723=ORIENTED_EDGE('',*,*,#3399,.T.);
#4724=ORIENTED_EDGE('',*,*,#3408,.F.);
#4725=ORIENTED_EDGE('',*,*,#3409,.F.);
#4726=ORIENTED_EDGE('',*,*,#3404,.F.);
#4727=ORIENTED_EDGE('',*,*,#3405,.T.);
#4728=ORIENTED_EDGE('',*,*,#3409,.T.);
#4729=ORIENTED_EDGE('',*,*,#3410,.F.);
#4730=ORIENTED_EDGE('',*,*,#3402,.T.);
#4731=ORIENTED_EDGE('',*,*,#3406,.T.);
#4732=ORIENTED_EDGE('',*,*,#3411,.T.);
#4733=ORIENTED_EDGE('',*,*,#3412,.T.);
#4734=ORIENTED_EDGE('',*,*,#3413,.T.);
#4735=ORIENTED_EDGE('',*,*,#3414,.T.);
#4736=ORIENTED_EDGE('',*,*,#3412,.F.);
#4737=ORIENTED_EDGE('',*,*,#3415,.F.);
#4738=ORIENTED_EDGE('',*,*,#3416,.F.);
#4739=ORIENTED_EDGE('',*,*,#3417,.F.);
#4740=ORIENTED_EDGE('',*,*,#3418,.T.);
#4741=ORIENTED_EDGE('',*,*,#3419,.T.);
#4742=ORIENTED_EDGE('',*,*,#3420,.T.);
#4743=ORIENTED_EDGE('',*,*,#3421,.T.);
#4744=ORIENTED_EDGE('',*,*,#3419,.F.);
#4745=ORIENTED_EDGE('',*,*,#3422,.T.);
#4746=ORIENTED_EDGE('',*,*,#3423,.T.);
#4747=ORIENTED_EDGE('',*,*,#3424,.F.);
#4748=ORIENTED_EDGE('',*,*,#3425,.T.);
#4749=ORIENTED_EDGE('',*,*,#3426,.T.);
#4750=ORIENTED_EDGE('',*,*,#3427,.T.);
#4751=ORIENTED_EDGE('',*,*,#3428,.T.);
#4752=ORIENTED_EDGE('',*,*,#3426,.F.);
#4753=ORIENTED_EDGE('',*,*,#3429,.F.);
#4754=ORIENTED_EDGE('',*,*,#3430,.F.);
#4755=ORIENTED_EDGE('',*,*,#3431,.F.);
#4756=ORIENTED_EDGE('',*,*,#3425,.F.);
#4757=ORIENTED_EDGE('',*,*,#3432,.T.);
#4758=ORIENTED_EDGE('',*,*,#3380,.F.);
#4759=ORIENTED_EDGE('',*,*,#3433,.T.);
#4760=ORIENTED_EDGE('',*,*,#3420,.F.);
#4761=ORIENTED_EDGE('',*,*,#3424,.T.);
#4762=ORIENTED_EDGE('',*,*,#3434,.T.);
#4763=ORIENTED_EDGE('',*,*,#3415,.T.);
#4764=ORIENTED_EDGE('',*,*,#3411,.F.);
#4765=ORIENTED_EDGE('',*,*,#3435,.T.);
#4766=ORIENTED_EDGE('',*,*,#3436,.F.);
#4767=ORIENTED_EDGE('',*,*,#3437,.T.);
#4768=ORIENTED_EDGE('',*,*,#3438,.F.);
#4769=ORIENTED_EDGE('',*,*,#3439,.T.);
#4770=ORIENTED_EDGE('',*,*,#3440,.F.);
#4771=ORIENTED_EDGE('',*,*,#3441,.T.);
#4772=ORIENTED_EDGE('',*,*,#3442,.F.);
#4773=ORIENTED_EDGE('',*,*,#3429,.T.);
#4774=ORIENTED_EDGE('',*,*,#3438,.T.);
#4775=ORIENTED_EDGE('',*,*,#3443,.T.);
#4776=ORIENTED_EDGE('',*,*,#3444,.T.);
#4777=ORIENTED_EDGE('',*,*,#3445,.T.);
#4778=ORIENTED_EDGE('',*,*,#3443,.F.);
#4779=ORIENTED_EDGE('',*,*,#3437,.F.);
#4780=ORIENTED_EDGE('',*,*,#3446,.F.);
#4781=ORIENTED_EDGE('',*,*,#3447,.T.);
#4782=ORIENTED_EDGE('',*,*,#3448,.T.);
#4783=ORIENTED_EDGE('',*,*,#3449,.T.);
#4784=ORIENTED_EDGE('',*,*,#3440,.T.);
#4785=ORIENTED_EDGE('',*,*,#3450,.T.);
#4786=ORIENTED_EDGE('',*,*,#3449,.F.);
#4787=ORIENTED_EDGE('',*,*,#3451,.T.);
#4788=ORIENTED_EDGE('',*,*,#3452,.F.);
#4789=ORIENTED_EDGE('',*,*,#3441,.F.);
#4790=ORIENTED_EDGE('',*,*,#3453,.T.);
#4791=ORIENTED_EDGE('',*,*,#3442,.T.);
#4792=ORIENTED_EDGE('',*,*,#3452,.T.);
#4793=ORIENTED_EDGE('',*,*,#3454,.T.);
#4794=ORIENTED_EDGE('',*,*,#3430,.T.);
#4795=ORIENTED_EDGE('',*,*,#3369,.T.);
#4796=ORIENTED_EDGE('',*,*,#3374,.F.);
#4797=ORIENTED_EDGE('',*,*,#3455,.T.);
#4798=ORIENTED_EDGE('',*,*,#3456,.T.);
#4799=ORIENTED_EDGE('',*,*,#3446,.T.);
#4800=ORIENTED_EDGE('',*,*,#3436,.T.);
#4801=ORIENTED_EDGE('',*,*,#3457,.T.);
#4802=ORIENTED_EDGE('',*,*,#3458,.T.);
#4803=ORIENTED_EDGE('',*,*,#3453,.F.);
#4804=ORIENTED_EDGE('',*,*,#3459,.T.);
#4805=ORIENTED_EDGE('',*,*,#3460,.F.);
#4806=ORIENTED_EDGE('',*,*,#3459,.F.);
#4807=ORIENTED_EDGE('',*,*,#3423,.F.);
#4808=ORIENTED_EDGE('',*,*,#3461,.F.);
#4809=ORIENTED_EDGE('',*,*,#3416,.T.);
#4810=ORIENTED_EDGE('',*,*,#3434,.F.);
#4811=ORIENTED_EDGE('',*,*,#3383,.T.);
#4812=ORIENTED_EDGE('',*,*,#3388,.T.);
#4813=ORIENTED_EDGE('',*,*,#3395,.T.);
#4814=ORIENTED_EDGE('',*,*,#3393,.T.);
#4815=ORIENTED_EDGE('',*,*,#3398,.T.);
#4816=ORIENTED_EDGE('',*,*,#3403,.T.);
#4817=ORIENTED_EDGE('',*,*,#3410,.T.);
#4818=ORIENTED_EDGE('',*,*,#3408,.T.);
#4819=ORIENTED_EDGE('',*,*,#3460,.T.);
#4820=ORIENTED_EDGE('',*,*,#3414,.F.);
#4821=ORIENTED_EDGE('',*,*,#3462,.T.);
#4822=ORIENTED_EDGE('',*,*,#3457,.F.);
#4823=ORIENTED_EDGE('',*,*,#3435,.F.);
#4824=ORIENTED_EDGE('',*,*,#3421,.F.);
#4825=ORIENTED_EDGE('',*,*,#3433,.F.);
#4826=ORIENTED_EDGE('',*,*,#3379,.F.);
#4827=ORIENTED_EDGE('',*,*,#3463,.T.);
#4828=ORIENTED_EDGE('',*,*,#3428,.F.);
#4829=ORIENTED_EDGE('',*,*,#3464,.T.);
#4830=ORIENTED_EDGE('',*,*,#3377,.F.);
#4831=ORIENTED_EDGE('',*,*,#3432,.F.);
#4832=ORIENTED_EDGE('',*,*,#3427,.F.);
#4833=ORIENTED_EDGE('',*,*,#3431,.T.);
#4834=ORIENTED_EDGE('',*,*,#3454,.F.);
#4835=ORIENTED_EDGE('',*,*,#3451,.F.);
#4836=ORIENTED_EDGE('',*,*,#3448,.F.);
#4837=ORIENTED_EDGE('',*,*,#3465,.F.);
#4838=ORIENTED_EDGE('',*,*,#3444,.F.);
#4839=ORIENTED_EDGE('',*,*,#3447,.F.);
#4840=ORIENTED_EDGE('',*,*,#3458,.F.);
#4841=ORIENTED_EDGE('',*,*,#3462,.F.);
#4842=ORIENTED_EDGE('',*,*,#3413,.F.);
#4843=ORIENTED_EDGE('',*,*,#3417,.T.);
#4844=ORIENTED_EDGE('',*,*,#3461,.T.);
#4845=ORIENTED_EDGE('',*,*,#3422,.F.);
#4846=ORIENTED_EDGE('',*,*,#3418,.F.);
#4847=ORIENTED_EDGE('',*,*,#3463,.F.);
#4848=ORIENTED_EDGE('',*,*,#3378,.F.);
#4849=ORIENTED_EDGE('',*,*,#3464,.F.);
#4850=ORIENTED_EDGE('',*,*,#3445,.F.);
#4851=ORIENTED_EDGE('',*,*,#3465,.T.);
#4852=ORIENTED_EDGE('',*,*,#3450,.F.);
#4853=ORIENTED_EDGE('',*,*,#3439,.F.);
#4854=ORIENTED_EDGE('',*,*,#3367,.T.);
#4855=ORIENTED_EDGE('',*,*,#3466,.T.);
#4856=ORIENTED_EDGE('',*,*,#3467,.T.);
#4857=ORIENTED_EDGE('',*,*,#3468,.F.);
#4858=ORIENTED_EDGE('',*,*,#3469,.F.);
#4859=ORIENTED_EDGE('',*,*,#3467,.F.);
#4860=ORIENTED_EDGE('',*,*,#3470,.F.);
#4861=ORIENTED_EDGE('',*,*,#3471,.F.);
#4862=ORIENTED_EDGE('',*,*,#3365,.T.);
#4863=ORIENTED_EDGE('',*,*,#3472,.F.);
#4864=ORIENTED_EDGE('',*,*,#3471,.T.);
#4865=ORIENTED_EDGE('',*,*,#3473,.T.);
#4866=ORIENTED_EDGE('',*,*,#3366,.T.);
#4867=ORIENTED_EDGE('',*,*,#3473,.F.);
#4868=ORIENTED_EDGE('',*,*,#3470,.T.);
#4869=ORIENTED_EDGE('',*,*,#3466,.F.);
#4870=ORIENTED_EDGE('',*,*,#3373,.F.);
#4871=ORIENTED_EDGE('',*,*,#3376,.T.);
#4872=ORIENTED_EDGE('',*,*,#3474,.F.);
#4873=ORIENTED_EDGE('',*,*,#3455,.F.);
#4874=ORIENTED_EDGE('',*,*,#3370,.T.);
#4875=ORIENTED_EDGE('',*,*,#3456,.F.);
#4876=ORIENTED_EDGE('',*,*,#3474,.T.);
#4877=ORIENTED_EDGE('',*,*,#3375,.T.);
#4878=ORIENTED_EDGE('',*,*,#3472,.T.);
#4879=ORIENTED_EDGE('',*,*,#3364,.F.);
#4880=ORIENTED_EDGE('',*,*,#3468,.T.);
#4881=ORIENTED_EDGE('',*,*,#3469,.T.);
#4882=ORIENTED_EDGE('',*,*,#3475,.F.);
#4883=ORIENTED_EDGE('',*,*,#3476,.F.);
#4884=ORIENTED_EDGE('',*,*,#3477,.T.);
#4885=ORIENTED_EDGE('',*,*,#3478,.F.);
#4886=ORIENTED_EDGE('',*,*,#3477,.F.);
#4887=ORIENTED_EDGE('',*,*,#3479,.F.);
#4888=ORIENTED_EDGE('',*,*,#3480,.F.);
#4889=ORIENTED_EDGE('',*,*,#3481,.F.);
#4890=ORIENTED_EDGE('',*,*,#3478,.T.);
#4891=ORIENTED_EDGE('',*,*,#3481,.T.);
#4892=ORIENTED_EDGE('',*,*,#3482,.F.);
#4893=ORIENTED_EDGE('',*,*,#3483,.T.);
#4894=ORIENTED_EDGE('',*,*,#3484,.F.);
#4895=ORIENTED_EDGE('',*,*,#3485,.F.);
#4896=ORIENTED_EDGE('',*,*,#3486,.T.);
#4897=ORIENTED_EDGE('',*,*,#3487,.F.);
#4898=ORIENTED_EDGE('',*,*,#3488,.F.);
#4899=ORIENTED_EDGE('',*,*,#3489,.T.);
#4900=ORIENTED_EDGE('',*,*,#3490,.T.);
#4901=ORIENTED_EDGE('',*,*,#3491,.F.);
#4902=ORIENTED_EDGE('',*,*,#3492,.F.);
#4903=ORIENTED_EDGE('',*,*,#3493,.F.);
#4904=ORIENTED_EDGE('',*,*,#3494,.T.);
#4905=ORIENTED_EDGE('',*,*,#3495,.F.);
#4906=ORIENTED_EDGE('',*,*,#3494,.F.);
#4907=ORIENTED_EDGE('',*,*,#3496,.T.);
#4908=ORIENTED_EDGE('',*,*,#3497,.F.);
#4909=ORIENTED_EDGE('',*,*,#3498,.T.);
#4910=ORIENTED_EDGE('',*,*,#3485,.T.);
#4911=ORIENTED_EDGE('',*,*,#3499,.F.);
#4912=ORIENTED_EDGE('',*,*,#3500,.T.);
#4913=ORIENTED_EDGE('',*,*,#3501,.F.);
#4914=ORIENTED_EDGE('',*,*,#3502,.T.);
#4915=ORIENTED_EDGE('',*,*,#3491,.T.);
#4916=ORIENTED_EDGE('',*,*,#3495,.T.);
#4917=ORIENTED_EDGE('',*,*,#3499,.T.);
#4918=ORIENTED_EDGE('',*,*,#3503,.T.);
#4919=ORIENTED_EDGE('',*,*,#3504,.F.);
#4920=ORIENTED_EDGE('',*,*,#3503,.F.);
#4921=ORIENTED_EDGE('',*,*,#3487,.T.);
#4922=ORIENTED_EDGE('',*,*,#3505,.T.);
#4923=ORIENTED_EDGE('',*,*,#3506,.F.);
#4924=ORIENTED_EDGE('',*,*,#3507,.T.);
#4925=ORIENTED_EDGE('',*,*,#3504,.T.);
#4926=ORIENTED_EDGE('',*,*,#3489,.F.);
#4927=ORIENTED_EDGE('',*,*,#3508,.F.);
#4928=ORIENTED_EDGE('',*,*,#3509,.F.);
#4929=ORIENTED_EDGE('',*,*,#3510,.F.);
#4930=ORIENTED_EDGE('',*,*,#3493,.T.);
#4931=ORIENTED_EDGE('',*,*,#3508,.T.);
#4932=ORIENTED_EDGE('',*,*,#3492,.T.);
#4933=ORIENTED_EDGE('',*,*,#3502,.F.);
#4934=ORIENTED_EDGE('',*,*,#3511,.F.);
#4935=ORIENTED_EDGE('',*,*,#3512,.T.);
#4936=ORIENTED_EDGE('',*,*,#3513,.F.);
#4937=ORIENTED_EDGE('',*,*,#3514,.T.);
#4938=ORIENTED_EDGE('',*,*,#3515,.T.);
#4939=ORIENTED_EDGE('',*,*,#3511,.T.);
#4940=ORIENTED_EDGE('',*,*,#3501,.T.);
#4941=ORIENTED_EDGE('',*,*,#3516,.T.);
#4942=ORIENTED_EDGE('',*,*,#3509,.T.);
#4943=ORIENTED_EDGE('',*,*,#3517,.T.);
#4944=ORIENTED_EDGE('',*,*,#3506,.T.);
#4945=ORIENTED_EDGE('',*,*,#3518,.T.);
#4946=ORIENTED_EDGE('',*,*,#3497,.T.);
#4947=ORIENTED_EDGE('',*,*,#3486,.F.);
#4948=ORIENTED_EDGE('',*,*,#3498,.F.);
#4949=ORIENTED_EDGE('',*,*,#3518,.F.);
#4950=ORIENTED_EDGE('',*,*,#3505,.F.);
#4951=ORIENTED_EDGE('',*,*,#3510,.T.);
#4952=ORIENTED_EDGE('',*,*,#3516,.F.);
#4953=ORIENTED_EDGE('',*,*,#3500,.F.);
#4954=ORIENTED_EDGE('',*,*,#3490,.F.);
#4955=ORIENTED_EDGE('',*,*,#3517,.F.);
#4956=ORIENTED_EDGE('',*,*,#3496,.F.);
#4957=ORIENTED_EDGE('',*,*,#3488,.T.);
#4958=ORIENTED_EDGE('',*,*,#3507,.F.);
#4959=ORIENTED_EDGE('',*,*,#3519,.F.);
#4960=ORIENTED_EDGE('',*,*,#3520,.F.);
#4961=ORIENTED_EDGE('',*,*,#3512,.F.);
#4962=ORIENTED_EDGE('',*,*,#3521,.F.);
#4963=ORIENTED_EDGE('',*,*,#3521,.T.);
#4964=ORIENTED_EDGE('',*,*,#3515,.F.);
#4965=ORIENTED_EDGE('',*,*,#3522,.F.);
#4966=ORIENTED_EDGE('',*,*,#3523,.T.);
#4967=ORIENTED_EDGE('',*,*,#3524,.F.);
#4968=ORIENTED_EDGE('',*,*,#3483,.F.);
#4969=ORIENTED_EDGE('',*,*,#3525,.F.);
#4970=ORIENTED_EDGE('',*,*,#3526,.T.);
#4971=ORIENTED_EDGE('',*,*,#3476,.T.);
#4972=ORIENTED_EDGE('',*,*,#3527,.F.);
#4973=ORIENTED_EDGE('',*,*,#3526,.F.);
#4974=ORIENTED_EDGE('',*,*,#3528,.F.);
#4975=ORIENTED_EDGE('',*,*,#3479,.T.);
#4976=ORIENTED_EDGE('',*,*,#3480,.T.);
#4977=ORIENTED_EDGE('',*,*,#3528,.T.);
#4978=ORIENTED_EDGE('',*,*,#3525,.T.);
#4979=ORIENTED_EDGE('',*,*,#3482,.T.);
#4980=ORIENTED_EDGE('',*,*,#3520,.T.);
#4981=ORIENTED_EDGE('',*,*,#3529,.F.);
#4982=ORIENTED_EDGE('',*,*,#3530,.T.);
#4983=ORIENTED_EDGE('',*,*,#3513,.T.);
#4984=ORIENTED_EDGE('',*,*,#3531,.T.);
#4985=ORIENTED_EDGE('',*,*,#3522,.T.);
#4986=ORIENTED_EDGE('',*,*,#3514,.F.);
#4987=ORIENTED_EDGE('',*,*,#3530,.F.);
#4988=ORIENTED_EDGE('',*,*,#3519,.T.);
#4989=ORIENTED_EDGE('',*,*,#3523,.F.);
#4990=ORIENTED_EDGE('',*,*,#3531,.F.);
#4991=ORIENTED_EDGE('',*,*,#3529,.T.);
#4992=ORIENTED_EDGE('',*,*,#3524,.T.);
#4993=ORIENTED_EDGE('',*,*,#3527,.T.);
#4994=ORIENTED_EDGE('',*,*,#3475,.T.);
#4995=ORIENTED_EDGE('',*,*,#3484,.T.);
#4996=ORIENTED_EDGE('',*,*,#3532,.F.);
#4997=ORIENTED_EDGE('',*,*,#3533,.T.);
#4998=ORIENTED_EDGE('',*,*,#3534,.F.);
#4999=ORIENTED_EDGE('',*,*,#3535,.T.);
#5000=ORIENTED_EDGE('',*,*,#3532,.T.);
#5001=ORIENTED_EDGE('',*,*,#3535,.F.);
#5002=ORIENTED_EDGE('',*,*,#3534,.T.);
#5003=ORIENTED_EDGE('',*,*,#3536,.T.);
#5004=ORIENTED_EDGE('',*,*,#3536,.F.);
#5005=ORIENTED_EDGE('',*,*,#3537,.T.);
#5006=ORIENTED_EDGE('',*,*,#3533,.F.);
#5007=ORIENTED_EDGE('',*,*,#3537,.F.);
#5008=ORIENTED_EDGE('',*,*,#3538,.T.);
#5009=ORIENTED_EDGE('',*,*,#3538,.F.);
#5010=ORIENTED_EDGE('',*,*,#3539,.T.);
#5011=ORIENTED_EDGE('',*,*,#3540,.T.);
#5012=ORIENTED_EDGE('',*,*,#3541,.F.);
#5013=ORIENTED_EDGE('',*,*,#3540,.F.);
#5014=ORIENTED_EDGE('',*,*,#3541,.T.);
#5015=ORIENTED_EDGE('',*,*,#3539,.F.);
#5016=CYLINDRICAL_SURFACE('',#5465,0.999999999999996);
#5017=CYLINDRICAL_SURFACE('',#5468,0.999999999999996);
#5018=CYLINDRICAL_SURFACE('',#5471,0.999999999999999);
#5019=CYLINDRICAL_SURFACE('',#5474,0.999999999999999);
#5020=CYLINDRICAL_SURFACE('',#5477,1.5);
#5021=CYLINDRICAL_SURFACE('',#5487,1.5);
#5022=CYLINDRICAL_SURFACE('',#5490,1.5);
#5023=CYLINDRICAL_SURFACE('',#5493,1.5);
#5024=CYLINDRICAL_SURFACE('',#5496,1.5);
#5025=CYLINDRICAL_SURFACE('',#5498,1.5);
#5026=CYLINDRICAL_SURFACE('',#5509,5.5);
#5027=CYLINDRICAL_SURFACE('',#5512,5.5);
#5028=CYLINDRICAL_SURFACE('',#5527,1.2645);
#5029=CYLINDRICAL_SURFACE('',#5529,1.2645);
#5030=CYLINDRICAL_SURFACE('',#5531,1.2645);
#5031=CYLINDRICAL_SURFACE('',#5533,1.2645);
#5032=CYLINDRICAL_SURFACE('',#5536,2.5);
#5033=CYLINDRICAL_SURFACE('',#5539,2.50000000000001);
#5034=CYLINDRICAL_SURFACE('',#5542,2.5);
#5035=CYLINDRICAL_SURFACE('',#5545,2.5);
#5036=CYLINDRICAL_SURFACE('',#5549,0.250000000000001);
#5037=CYLINDRICAL_SURFACE('',#5556,2.5);
#5038=CYLINDRICAL_SURFACE('',#5568,0.750000000000002);
#5039=CYLINDRICAL_SURFACE('',#5571,0.750000000000002);
#5040=CYLINDRICAL_SURFACE('',#5574,0.750000000000002);
#5041=CYLINDRICAL_SURFACE('',#5577,0.750000000000002);
#5042=CYLINDRICAL_SURFACE('',#5581,0.499999999999998);
#5043=CYLINDRICAL_SURFACE('',#5584,0.499999999999998);
#5044=CYLINDRICAL_SURFACE('',#5587,0.499999999999998);
#5045=CYLINDRICAL_SURFACE('',#5590,0.499999999999998);
#5046=CYLINDRICAL_SURFACE('',#5624,2.75);
#5047=CYLINDRICAL_SURFACE('',#5629,2.75);
#5048=CYLINDRICAL_SURFACE('',#5634,2.75);
#5049=CYLINDRICAL_SURFACE('',#5639,2.75);
#5050=CYLINDRICAL_SURFACE('',#5671,0.500000000000003);
#5051=CYLINDRICAL_SURFACE('',#5686,0.5);
#5052=CYLINDRICAL_SURFACE('',#5690,2.75);
#5053=CYLINDRICAL_SURFACE('',#5695,2.75);
#5054=CYLINDRICAL_SURFACE('',#5700,2.75);
#5055=CYLINDRICAL_SURFACE('',#5705,2.75);
#5056=CYLINDRICAL_SURFACE('',#5737,0.500000000000003);
#5057=CYLINDRICAL_SURFACE('',#5752,0.499999999999999);
#5058=CYLINDRICAL_SURFACE('',#5765,2.50000007450581);
#5059=CYLINDRICAL_SURFACE('',#5767,0.999999999999996);
#5060=CYLINDRICAL_SURFACE('',#5775,2.50000007450581);
#5061=CYLINDRICAL_SURFACE('',#5777,0.999999999999996);
#5062=CYLINDRICAL_SURFACE('',#5781,2.5);
#5063=CYLINDRICAL_SURFACE('',#5785,2.5);
#5064=CYLINDRICAL_SURFACE('',#5789,2.5);
#5065=CYLINDRICAL_SURFACE('',#5797,2.5);
#5066=CYLINDRICAL_SURFACE('',#5800,2.5);
#5067=CYLINDRICAL_SURFACE('',#5804,2.5);
#5068=CYLINDRICAL_SURFACE('',#5807,2.4);
#5069=CYLINDRICAL_SURFACE('',#5825,2.5);
#5070=CYLINDRICAL_SURFACE('',#5828,2.5);
#5071=CYLINDRICAL_SURFACE('',#5831,1.00000000000001);
#5072=CYLINDRICAL_SURFACE('',#5837,1.00000000000001);
#5073=CYLINDRICAL_SURFACE('',#5858,7.5);
#5074=CYLINDRICAL_SURFACE('',#5863,2.204);
#5075=ADVANCED_FACE('',(#360),#5016,.F.);
#5076=ADVANCED_FACE('',(#361),#5017,.F.);
#5077=ADVANCED_FACE('',(#362),#5018,.F.);
#5078=ADVANCED_FACE('',(#363),#5019,.F.);
#5079=ADVANCED_FACE('',(#364),#5020,.T.);
#5080=ADVANCED_FACE('',(#365),#144,.T.);
#5081=ADVANCED_FACE('',(#366),#145,.T.);
#5082=ADVANCED_FACE('',(#367),#5021,.T.);
#5083=ADVANCED_FACE('',(#368,#97,#98),#146,.T.);
#5084=ADVANCED_FACE('',(#369),#5022,.T.);
#5085=ADVANCED_FACE('',(#370),#147,.T.);
#5086=ADVANCED_FACE('',(#371),#5023,.F.);
#5087=ADVANCED_FACE('',(#372,#99,#100),#148,.T.);
#5088=ADVANCED_FACE('',(#373),#5024,.F.);
#5089=ADVANCED_FACE('',(#374),#5025,.T.);
#5090=ADVANCED_FACE('',(#375),#149,.T.);
#5091=ADVANCED_FACE('',(#376),#150,.T.);
#5092=ADVANCED_FACE('',(#377,#101,#102),#151,.T.);
#5093=ADVANCED_FACE('',(#378),#152,.T.);
#5094=ADVANCED_FACE('',(#379),#153,.T.);
#5095=ADVANCED_FACE('',(#380,#103,#104),#154,.T.);
#5096=ADVANCED_FACE('',(#381),#155,.T.);
#5097=ADVANCED_FACE('',(#382),#156,.T.);
#5098=ADVANCED_FACE('',(#383),#157,.F.);
#5099=ADVANCED_FACE('',(#384),#5026,.F.);
#5100=ADVANCED_FACE('',(#385),#5027,.F.);
#5101=ADVANCED_FACE('',(#386),#158,.T.);
#5102=ADVANCED_FACE('',(#387),#159,.T.);
#5103=ADVANCED_FACE('',(#388,#105,#106),#160,.T.);
#5104=ADVANCED_FACE('',(#389,#107,#108),#161,.T.);
#5105=ADVANCED_FACE('',(#390),#5028,.F.);
#5106=ADVANCED_FACE('',(#391),#5029,.F.);
#5107=ADVANCED_FACE('',(#392),#5030,.F.);
#5108=ADVANCED_FACE('',(#393),#5031,.F.);
#5109=ADVANCED_FACE('',(#394),#162,.T.);
#5110=ADVANCED_FACE('',(#395),#5032,.T.);
#5111=ADVANCED_FACE('',(#396),#163,.T.);
#5112=ADVANCED_FACE('',(#397),#5033,.T.);
#5113=ADVANCED_FACE('',(#398),#164,.T.);
#5114=ADVANCED_FACE('',(#399),#5034,.T.);
#5115=ADVANCED_FACE('',(#400),#165,.T.);
#5116=ADVANCED_FACE('',(#401),#5035,.T.);
#5117=ADVANCED_FACE('',(#402,#109,#110,#111,#112),#166,.F.);
#5118=ADVANCED_FACE('',(#403),#5036,.F.);
#5119=ADVANCED_FACE('',(#404),#167,.T.);
#5120=ADVANCED_FACE('',(#405),#57,.F.);
#5121=ADVANCED_FACE('',(#406),#5037,.F.);
#5122=ADVANCED_FACE('',(#407,#113,#114,#115,#116,#117),#168,.F.);
#5123=ADVANCED_FACE('',(#408,#118),#169,.T.);
#5124=ADVANCED_FACE('',(#409),#5038,.F.);
#5125=ADVANCED_FACE('',(#410),#170,.T.);
#5126=ADVANCED_FACE('',(#411),#5039,.F.);
#5127=ADVANCED_FACE('',(#412),#171,.T.);
#5128=ADVANCED_FACE('',(#413),#5040,.F.);
#5129=ADVANCED_FACE('',(#414),#172,.T.);
#5130=ADVANCED_FACE('',(#415),#5041,.F.);
#5131=ADVANCED_FACE('',(#416),#173,.T.);
#5132=ADVANCED_FACE('',(#417),#174,.T.);
#5133=ADVANCED_FACE('',(#418),#5042,.T.);
#5134=ADVANCED_FACE('',(#419),#175,.T.);
#5135=ADVANCED_FACE('',(#420),#5043,.T.);
#5136=ADVANCED_FACE('',(#421),#176,.T.);
#5137=ADVANCED_FACE('',(#422),#5044,.T.);
#5138=ADVANCED_FACE('',(#423),#177,.T.);
#5139=ADVANCED_FACE('',(#424),#5045,.T.);
#5140=ADVANCED_FACE('',(#425),#178,.T.);
#5141=ADVANCED_FACE('',(#426),#179,.F.);
#5142=ADVANCED_FACE('',(#427),#180,.F.);
#5143=ADVANCED_FACE('',(#428),#181,.F.);
#5144=ADVANCED_FACE('',(#429),#182,.F.);
#5145=ADVANCED_FACE('',(#430),#183,.F.);
#5146=ADVANCED_FACE('',(#431),#184,.T.);
#5147=ADVANCED_FACE('',(#432),#185,.T.);
#5148=ADVANCED_FACE('',(#433),#186,.F.);
#5149=ADVANCED_FACE('',(#434),#187,.T.);
#5150=ADVANCED_FACE('',(#435),#188,.F.);
#5151=ADVANCED_FACE('',(#436),#189,.T.);
#5152=ADVANCED_FACE('',(#437),#190,.T.);
#5153=ADVANCED_FACE('',(#438),#191,.F.);
#5154=ADVANCED_FACE('',(#439),#192,.T.);
#5155=ADVANCED_FACE('',(#440),#193,.F.);
#5156=ADVANCED_FACE('',(#441,#119,#120,#121),#194,.T.);
#5157=ADVANCED_FACE('',(#442),#195,.T.);
#5158=ADVANCED_FACE('',(#443),#5046,.F.);
#5159=ADVANCED_FACE('',(#444),#196,.T.);
#5160=ADVANCED_FACE('',(#445),#197,.T.);
#5161=ADVANCED_FACE('',(#446),#198,.T.);
#5162=ADVANCED_FACE('',(#447),#5047,.F.);
#5163=ADVANCED_FACE('',(#448),#199,.T.);
#5164=ADVANCED_FACE('',(#449),#200,.T.);
#5165=ADVANCED_FACE('',(#450),#201,.T.);
#5166=ADVANCED_FACE('',(#451),#5048,.F.);
#5167=ADVANCED_FACE('',(#452),#202,.T.);
#5168=ADVANCED_FACE('',(#453),#203,.T.);
#5169=ADVANCED_FACE('',(#454),#204,.T.);
#5170=ADVANCED_FACE('',(#455),#5049,.F.);
#5171=ADVANCED_FACE('',(#456),#205,.T.);
#5172=ADVANCED_FACE('',(#457),#206,.T.);
#5173=ADVANCED_FACE('',(#458),#207,.T.);
#5174=ADVANCED_FACE('',(#459),#208,.T.);
#5175=ADVANCED_FACE('',(#460),#209,.T.);
#5176=ADVANCED_FACE('',(#461),#210,.T.);
#5177=ADVANCED_FACE('',(#462),#211,.T.);
#5178=ADVANCED_FACE('',(#463),#212,.T.);
#5179=ADVANCED_FACE('',(#464),#213,.T.);
#5180=ADVANCED_FACE('',(#465),#214,.T.);
#5181=ADVANCED_FACE('',(#466),#215,.T.);
#5182=ADVANCED_FACE('',(#467),#216,.T.);
#5183=ADVANCED_FACE('',(#468),#217,.T.);
#5184=ADVANCED_FACE('',(#469),#218,.T.);
#5185=ADVANCED_FACE('',(#470),#219,.T.);
#5186=ADVANCED_FACE('',(#471),#220,.T.);
#5187=ADVANCED_FACE('',(#472),#221,.T.);
#5188=ADVANCED_FACE('',(#473),#222,.T.);
#5189=ADVANCED_FACE('',(#474),#223,.T.);
#5190=ADVANCED_FACE('',(#475),#224,.T.);
#5191=ADVANCED_FACE('',(#476),#225,.T.);
#5192=ADVANCED_FACE('',(#477),#226,.T.);
#5193=ADVANCED_FACE('',(#478),#227,.T.);
#5194=ADVANCED_FACE('',(#479),#228,.T.);
#5195=ADVANCED_FACE('',(#480),#229,.T.);
#5196=ADVANCED_FACE('',(#481),#230,.T.);
#5197=ADVANCED_FACE('',(#482),#231,.T.);
#5198=ADVANCED_FACE('',(#483),#232,.T.);
#5199=ADVANCED_FACE('',(#484),#233,.T.);
#5200=ADVANCED_FACE('',(#485),#234,.T.);
#5201=ADVANCED_FACE('',(#486),#5050,.T.);
#5202=ADVANCED_FACE('',(#487),#235,.T.);
#5203=ADVANCED_FACE('',(#488),#236,.T.);
#5204=ADVANCED_FACE('',(#489),#237,.T.);
#5205=ADVANCED_FACE('',(#490),#238,.T.);
#5206=ADVANCED_FACE('',(#491),#239,.T.);
#5207=ADVANCED_FACE('',(#492),#240,.T.);
#5208=ADVANCED_FACE('',(#493),#241,.T.);
#5209=ADVANCED_FACE('',(#494),#242,.T.);
#5210=ADVANCED_FACE('',(#495),#243,.T.);
#5211=ADVANCED_FACE('',(#496),#244,.T.);
#5212=ADVANCED_FACE('',(#497),#245,.T.);
#5213=ADVANCED_FACE('',(#498),#246,.T.);
#5214=ADVANCED_FACE('',(#499),#247,.T.);
#5215=ADVANCED_FACE('',(#500),#5051,.T.);
#5216=ADVANCED_FACE('',(#501),#248,.T.);
#5217=ADVANCED_FACE('',(#502),#249,.T.);
#5218=ADVANCED_FACE('',(#503),#5052,.F.);
#5219=ADVANCED_FACE('',(#504),#250,.T.);
#5220=ADVANCED_FACE('',(#505),#251,.T.);
#5221=ADVANCED_FACE('',(#506),#252,.T.);
#5222=ADVANCED_FACE('',(#507),#5053,.F.);
#5223=ADVANCED_FACE('',(#508),#253,.T.);
#5224=ADVANCED_FACE('',(#509),#254,.T.);
#5225=ADVANCED_FACE('',(#510),#255,.T.);
#5226=ADVANCED_FACE('',(#511),#5054,.F.);
#5227=ADVANCED_FACE('',(#512),#256,.T.);
#5228=ADVANCED_FACE('',(#513),#257,.T.);
#5229=ADVANCED_FACE('',(#514),#258,.T.);
#5230=ADVANCED_FACE('',(#515),#5055,.F.);
#5231=ADVANCED_FACE('',(#516),#259,.T.);
#5232=ADVANCED_FACE('',(#517),#260,.T.);
#5233=ADVANCED_FACE('',(#518),#261,.T.);
#5234=ADVANCED_FACE('',(#519),#262,.T.);
#5235=ADVANCED_FACE('',(#520),#263,.T.);
#5236=ADVANCED_FACE('',(#521),#264,.T.);
#5237=ADVANCED_FACE('',(#522),#265,.T.);
#5238=ADVANCED_FACE('',(#523),#266,.T.);
#5239=ADVANCED_FACE('',(#524),#267,.T.);
#5240=ADVANCED_FACE('',(#525),#268,.T.);
#5241=ADVANCED_FACE('',(#526),#269,.T.);
#5242=ADVANCED_FACE('',(#527),#270,.T.);
#5243=ADVANCED_FACE('',(#528),#271,.T.);
#5244=ADVANCED_FACE('',(#529),#272,.T.);
#5245=ADVANCED_FACE('',(#530),#273,.T.);
#5246=ADVANCED_FACE('',(#531),#274,.T.);
#5247=ADVANCED_FACE('',(#532),#275,.T.);
#5248=ADVANCED_FACE('',(#533),#276,.T.);
#5249=ADVANCED_FACE('',(#534),#277,.T.);
#5250=ADVANCED_FACE('',(#535),#278,.T.);
#5251=ADVANCED_FACE('',(#536),#279,.T.);
#5252=ADVANCED_FACE('',(#537),#280,.T.);
#5253=ADVANCED_FACE('',(#538),#281,.T.);
#5254=ADVANCED_FACE('',(#539),#282,.T.);
#5255=ADVANCED_FACE('',(#540),#283,.T.);
#5256=ADVANCED_FACE('',(#541),#284,.T.);
#5257=ADVANCED_FACE('',(#542),#285,.T.);
#5258=ADVANCED_FACE('',(#543),#286,.T.);
#5259=ADVANCED_FACE('',(#544),#287,.T.);
#5260=ADVANCED_FACE('',(#545),#288,.T.);
#5261=ADVANCED_FACE('',(#546),#5056,.T.);
#5262=ADVANCED_FACE('',(#547),#289,.T.);
#5263=ADVANCED_FACE('',(#548),#290,.T.);
#5264=ADVANCED_FACE('',(#549),#291,.T.);
#5265=ADVANCED_FACE('',(#550),#292,.T.);
#5266=ADVANCED_FACE('',(#551),#293,.T.);
#5267=ADVANCED_FACE('',(#552),#294,.T.);
#5268=ADVANCED_FACE('',(#553),#295,.T.);
#5269=ADVANCED_FACE('',(#554),#296,.T.);
#5270=ADVANCED_FACE('',(#555),#297,.T.);
#5271=ADVANCED_FACE('',(#556),#298,.T.);
#5272=ADVANCED_FACE('',(#557),#299,.T.);
#5273=ADVANCED_FACE('',(#558),#300,.T.);
#5274=ADVANCED_FACE('',(#559),#301,.T.);
#5275=ADVANCED_FACE('',(#560),#5057,.T.);
#5276=ADVANCED_FACE('',(#561),#302,.T.);
#5277=ADVANCED_FACE('',(#562,#122,#123,#124),#303,.F.);
#5278=ADVANCED_FACE('',(#563),#304,.T.);
#5279=ADVANCED_FACE('',(#564),#305,.F.);
#5280=ADVANCED_FACE('',(#565),#306,.F.);
#5281=ADVANCED_FACE('',(#566,#125),#307,.T.);
#5282=ADVANCED_FACE('',(#567,#126),#308,.F.);
#5283=ADVANCED_FACE('',(#568),#309,.T.);
#5284=ADVANCED_FACE('',(#569),#5058,.T.);
#5285=ADVANCED_FACE('',(#570),#5059,.F.);
#5286=ADVANCED_FACE('',(#571),#310,.T.);
#5287=ADVANCED_FACE('',(#572,#127),#311,.T.);
#5288=ADVANCED_FACE('',(#573,#128),#312,.F.);
#5289=ADVANCED_FACE('',(#574),#313,.T.);
#5290=ADVANCED_FACE('',(#575),#5060,.T.);
#5291=ADVANCED_FACE('',(#576),#5061,.F.);
#5292=ADVANCED_FACE('',(#577),#314,.T.);
#5293=ADVANCED_FACE('',(#578,#129),#315,.T.);
#5294=ADVANCED_FACE('',(#579),#5062,.F.);
#5295=ADVANCED_FACE('',(#580),#316,.T.);
#5296=ADVANCED_FACE('',(#581),#5063,.F.);
#5297=ADVANCED_FACE('',(#582),#317,.T.);
#5298=ADVANCED_FACE('',(#583),#5064,.T.);
#5299=ADVANCED_FACE('',(#584),#318,.T.);
#5300=ADVANCED_FACE('',(#585),#319,.T.);
#5301=ADVANCED_FACE('',(#586),#5065,.T.);
#5302=ADVANCED_FACE('',(#587),#320,.T.);
#5303=ADVANCED_FACE('',(#588),#5066,.T.);
#5304=ADVANCED_FACE('',(#589,#130),#321,.T.);
#5305=ADVANCED_FACE('',(#590),#5067,.T.);
#5306=ADVANCED_FACE('',(#591,#131),#322,.T.);
#5307=ADVANCED_FACE('',(#592),#5068,.F.);
#5308=ADVANCED_FACE('',(#593,#132,#133,#134),#323,.F.);
#5309=ADVANCED_FACE('',(#594),#324,.T.);
#5310=ADVANCED_FACE('',(#595),#325,.T.);
#5311=ADVANCED_FACE('',(#596),#326,.T.);
#5312=ADVANCED_FACE('',(#597),#327,.T.);
#5313=ADVANCED_FACE('',(#598),#328,.T.);
#5314=ADVANCED_FACE('',(#599),#329,.F.);
#5315=ADVANCED_FACE('',(#600),#330,.F.);
#5316=ADVANCED_FACE('',(#601),#331,.F.);
#5317=ADVANCED_FACE('',(#602),#332,.F.);
#5318=ADVANCED_FACE('',(#603),#333,.T.);
#5319=ADVANCED_FACE('',(#604,#135),#334,.T.);
#5320=ADVANCED_FACE('',(#605),#335,.F.);
#5321=ADVANCED_FACE('',(#606),#336,.F.);
#5322=ADVANCED_FACE('',(#607),#337,.T.);
#5323=ADVANCED_FACE('',(#608),#5069,.T.);
#5324=ADVANCED_FACE('',(#609),#5070,.T.);
#5325=ADVANCED_FACE('',(#610),#5071,.F.);
#5326=ADVANCED_FACE('',(#611,#136),#338,.T.);
#5327=ADVANCED_FACE('',(#612,#137),#339,.T.);
#5328=ADVANCED_FACE('',(#613),#5072,.F.);
#5329=ADVANCED_FACE('',(#614,#138),#340,.T.);
#5330=ADVANCED_FACE('',(#615,#139),#341,.F.);
#5331=ADVANCED_FACE('',(#616),#342,.T.);
#5332=ADVANCED_FACE('',(#617,#140,#141),#343,.T.);
#5333=ADVANCED_FACE('',(#618),#344,.T.);
#5334=ADVANCED_FACE('',(#619),#345,.T.);
#5335=ADVANCED_FACE('',(#620),#346,.T.);
#5336=ADVANCED_FACE('',(#621),#347,.F.);
#5337=ADVANCED_FACE('',(#622),#348,.T.);
#5338=ADVANCED_FACE('',(#623),#349,.T.);
#5339=ADVANCED_FACE('',(#624),#350,.T.);
#5340=ADVANCED_FACE('',(#625),#351,.F.);
#5341=ADVANCED_FACE('',(#626),#352,.T.);
#5342=ADVANCED_FACE('',(#627),#353,.T.);
#5343=ADVANCED_FACE('',(#628,#142),#354,.F.);
#5344=ADVANCED_FACE('',(#629,#143),#355,.F.);
#5345=ADVANCED_FACE('',(#630),#5073,.T.);
#5346=ADVANCED_FACE('',(#631),#356,.T.);
#5347=ADVANCED_FACE('',(#632),#357,.F.);
#5348=ADVANCED_FACE('',(#633),#5074,.T.);
#5349=ADVANCED_FACE('',(#634),#56,.F.);
#5350=ADVANCED_FACE('',(#635),#55,.T.);
#5351=ADVANCED_FACE('',(#636),#358,.T.);
#5352=ADVANCED_FACE('',(#637),#359,.F.);
#5353=CLOSED_SHELL('',(#5075,#5076,#5077,#5078,#5079,#5080,#5081,#5082,
#5083,#5084,#5085,#5086,#5087,#5088,#5089,#5090,#5091,#5092,#5093,#5094,
#5095,#5096,#5097,#5098,#5099,#5100,#5101,#5102,#5103,#5104,#5105,#5106,
#5107,#5108,#5109,#5110,#5111,#5112,#5113,#5114,#5115,#5116,#5117));
#5354=CLOSED_SHELL('',(#5118,#5119,#5120,#5121,#5122,#5123,#5124,#5125,
#5126,#5127,#5128,#5129,#5130,#5131,#5132,#5133,#5134,#5135,#5136,#5137,
#5138,#5139,#5140));
#5355=CLOSED_SHELL('',(#5141,#5142,#5143,#5144,#5145,#5146,#5147,#5148,
#5149));
#5356=CLOSED_SHELL('',(#5150,#5151,#5152,#5153,#5154,#5155));
#5357=CLOSED_SHELL('',(#5156,#5157,#5158,#5159,#5160,#5161,#5162,#5163,
#5164,#5165,#5166,#5167,#5168,#5169,#5170,#5171,#5172,#5173,#5174,#5175,
#5176,#5177,#5178,#5179,#5180,#5181,#5182,#5183,#5184,#5185,#5186,#5187,
#5188,#5189,#5190,#5191,#5192,#5193,#5194,#5195,#5196,#5197,#5198,#5199,
#5200,#5201,#5202,#5203,#5204,#5205,#5206,#5207,#5208,#5209,#5210,#5211,
#5212,#5213,#5214,#5215,#5216,#5217,#5218,#5219,#5220,#5221,#5222,#5223,
#5224,#5225,#5226,#5227,#5228,#5229,#5230,#5231,#5232,#5233,#5234,#5235,
#5236,#5237,#5238,#5239,#5240,#5241,#5242,#5243,#5244,#5245,#5246,#5247,
#5248,#5249,#5250,#5251,#5252,#5253,#5254,#5255,#5256,#5257,#5258,#5259,
#5260,#5261,#5262,#5263,#5264,#5265,#5266,#5267,#5268,#5269,#5270,#5271,
#5272,#5273,#5274,#5275,#5276,#5277));
#5358=CLOSED_SHELL('',(#5278,#5279,#5280,#5281,#5282,#5283,#5284,#5285,
#5286,#5287,#5288,#5289,#5290,#5291,#5292,#5293,#5294,#5295,#5296,#5297,
#5298,#5299,#5300,#5301,#5302,#5303,#5304,#5305,#5306,#5307,#5308,#5309,
#5310,#5311,#5312,#5313,#5314,#5315,#5316,#5317,#5318,#5319));
#5359=CLOSED_SHELL('',(#5320,#5321,#5322,#5323,#5324,#5325,#5326,#5327,
#5328,#5329,#5330,#5331,#5332,#5333,#5334,#5335,#5336,#5337,#5338,#5339,
#5340,#5341,#5342,#5343));
#5360=CLOSED_SHELL('',(#5344,#5345,#5346,#5347,#5348));
#5361=CLOSED_SHELL('',(#5349));
#5362=CLOSED_SHELL('',(#5350,#5351,#5352));
#5363=DERIVED_UNIT_ELEMENT(#5381,1.);
#5364=DERIVED_UNIT_ELEMENT(#9378,-3.);
#5365=DERIVED_UNIT_ELEMENT(#5381,1.);
#5366=DERIVED_UNIT_ELEMENT(#9378,-3.);
#5367=DERIVED_UNIT_ELEMENT(#5381,1.);
#5368=DERIVED_UNIT_ELEMENT(#9378,-3.);
#5369=DERIVED_UNIT_ELEMENT(#5381,1.);
#5370=DERIVED_UNIT_ELEMENT(#9378,-3.);
#5371=DERIVED_UNIT_ELEMENT(#5381,1.);
#5372=DERIVED_UNIT_ELEMENT(#9378,-3.);
#5373=DERIVED_UNIT_ELEMENT(#5381,1.);
#5374=DERIVED_UNIT_ELEMENT(#9378,-3.);
#5375=DERIVED_UNIT_ELEMENT(#5381,1.);
#5376=DERIVED_UNIT_ELEMENT(#9378,-3.);
#5377=DERIVED_UNIT_ELEMENT(#5381,1.);
#5378=DERIVED_UNIT_ELEMENT(#9378,-3.);
#5379=DERIVED_UNIT_ELEMENT(#5381,1.);
#5380=DERIVED_UNIT_ELEMENT(#9378,-3.);
#5381=(
MASS_UNIT()
NAMED_UNIT(*)
SI_UNIT(.KILO.,.GRAM.)
);
#5382=DERIVED_UNIT((#5363,#5364));
#5383=DERIVED_UNIT((#5365,#5366));
#5384=DERIVED_UNIT((#5367,#5368));
#5385=DERIVED_UNIT((#5369,#5370));
#5386=DERIVED_UNIT((#5371,#5372));
#5387=DERIVED_UNIT((#5373,#5374));
#5388=DERIVED_UNIT((#5375,#5376));
#5389=DERIVED_UNIT((#5377,#5378));
#5390=DERIVED_UNIT((#5379,#5380));
#5391=MEASURE_REPRESENTATION_ITEM('density measure',
POSITIVE_RATIO_MEASURE(7850.),#5382);
#5392=MEASURE_REPRESENTATION_ITEM('density measure',
POSITIVE_RATIO_MEASURE(7850.),#5383);
#5393=MEASURE_REPRESENTATION_ITEM('density measure',
POSITIVE_RATIO_MEASURE(7850.),#5384);
#5394=MEASURE_REPRESENTATION_ITEM('density measure',
POSITIVE_RATIO_MEASURE(7850.),#5385);
#5395=MEASURE_REPRESENTATION_ITEM('density measure',
POSITIVE_RATIO_MEASURE(7850.),#5386);
#5396=MEASURE_REPRESENTATION_ITEM('density measure',
POSITIVE_RATIO_MEASURE(7850.),#5387);
#5397=MEASURE_REPRESENTATION_ITEM('density measure',
POSITIVE_RATIO_MEASURE(7850.),#5388);
#5398=MEASURE_REPRESENTATION_ITEM('density measure',
POSITIVE_RATIO_MEASURE(7850.),#5389);
#5399=MEASURE_REPRESENTATION_ITEM('density measure',
POSITIVE_RATIO_MEASURE(7850.),#5390);
#5400=PROPERTY_DEFINITION_REPRESENTATION(#5445,#5418);
#5401=PROPERTY_DEFINITION_REPRESENTATION(#5446,#5419);
#5402=PROPERTY_DEFINITION_REPRESENTATION(#5447,#5420);
#5403=PROPERTY_DEFINITION_REPRESENTATION(#5448,#5421);
#5404=PROPERTY_DEFINITION_REPRESENTATION(#5449,#5422);
#5405=PROPERTY_DEFINITION_REPRESENTATION(#5450,#5423);
#5406=PROPERTY_DEFINITION_REPRESENTATION(#5451,#5424);
#5407=PROPERTY_DEFINITION_REPRESENTATION(#5452,#5425);
#5408=PROPERTY_DEFINITION_REPRESENTATION(#5453,#5426);
#5409=PROPERTY_DEFINITION_REPRESENTATION(#5454,#5427);
#5410=PROPERTY_DEFINITION_REPRESENTATION(#5455,#5428);
#5411=PROPERTY_DEFINITION_REPRESENTATION(#5456,#5429);
#5412=PROPERTY_DEFINITION_REPRESENTATION(#5457,#5430);
#5413=PROPERTY_DEFINITION_REPRESENTATION(#5458,#5431);
#5414=PROPERTY_DEFINITION_REPRESENTATION(#5459,#5432);
#5415=PROPERTY_DEFINITION_REPRESENTATION(#5460,#5433);
#5416=PROPERTY_DEFINITION_REPRESENTATION(#5461,#5434);
#5417=PROPERTY_DEFINITION_REPRESENTATION(#5462,#5435);
#5418=REPRESENTATION('material name',(#5436),#9367);
#5419=REPRESENTATION('density',(#5391),#9367);
#5420=REPRESENTATION('material name',(#5437),#9368);
#5421=REPRESENTATION('density',(#5392),#9368);
#5422=REPRESENTATION('material name',(#5438),#9369);
#5423=REPRESENTATION('density',(#5393),#9369);
#5424=REPRESENTATION('material name',(#5439),#9370);
#5425=REPRESENTATION('density',(#5394),#9370);
#5426=REPRESENTATION('material name',(#5440),#9371);
#5427=REPRESENTATION('density',(#5395),#9371);
#5428=REPRESENTATION('material name',(#5441),#9372);
#5429=REPRESENTATION('density',(#5396),#9372);
#5430=REPRESENTATION('material name',(#5442),#9373);
#5431=REPRESENTATION('density',(#5397),#9373);
#5432=REPRESENTATION('material name',(#5443),#9374);
#5433=REPRESENTATION('density',(#5398),#9374);
#5434=REPRESENTATION('material name',(#5444),#9375);
#5435=REPRESENTATION('density',(#5399),#9375);
#5436=DESCRIPTIVE_REPRESENTATION_ITEM('Acier','Acier');
#5437=DESCRIPTIVE_REPRESENTATION_ITEM('Acier','Acier');
#5438=DESCRIPTIVE_REPRESENTATION_ITEM('Acier','Acier');
#5439=DESCRIPTIVE_REPRESENTATION_ITEM('Acier','Acier');
#5440=DESCRIPTIVE_REPRESENTATION_ITEM('Acier','Acier');
#5441=DESCRIPTIVE_REPRESENTATION_ITEM('Acier','Acier');
#5442=DESCRIPTIVE_REPRESENTATION_ITEM('Acier','Acier');
#5443=DESCRIPTIVE_REPRESENTATION_ITEM('Acier','Acier');
#5444=DESCRIPTIVE_REPRESENTATION_ITEM('Acier','Acier');
#5445=PROPERTY_DEFINITION('material property','material name',#9423);
#5446=PROPERTY_DEFINITION('material property','density of part',#9423);
#5447=PROPERTY_DEFINITION('material property','material name',#9424);
#5448=PROPERTY_DEFINITION('material property','density of part',#9424);
#5449=PROPERTY_DEFINITION('material property','material name',#9425);
#5450=PROPERTY_DEFINITION('material property','density of part',#9425);
#5451=PROPERTY_DEFINITION('material property','material name',#9426);
#5452=PROPERTY_DEFINITION('material property','density of part',#9426);
#5453=PROPERTY_DEFINITION('material property','material name',#9427);
#5454=PROPERTY_DEFINITION('material property','density of part',#9427);
#5455=PROPERTY_DEFINITION('material property','material name',#9428);
#5456=PROPERTY_DEFINITION('material property','density of part',#9428);
#5457=PROPERTY_DEFINITION('material property','material name',#9429);
#5458=PROPERTY_DEFINITION('material property','density of part',#9429);
#5459=PROPERTY_DEFINITION('material property','material name',#9430);
#5460=PROPERTY_DEFINITION('material property','density of part',#9430);
#5461=PROPERTY_DEFINITION('material property','material name',#9431);
#5462=PROPERTY_DEFINITION('material property','density of part',#9431);
#5463=AXIS2_PLACEMENT_3D('',#7334,#5882,#5883);
#5464=AXIS2_PLACEMENT_3D('',#7335,#5884,#5885);
#5465=AXIS2_PLACEMENT_3D('',#7336,#5886,#5887);
#5466=AXIS2_PLACEMENT_3D('',#7338,#5888,#5889);
#5467=AXIS2_PLACEMENT_3D('',#7341,#5891,#5892);
#5468=AXIS2_PLACEMENT_3D('',#7342,#5893,#5894);
#5469=AXIS2_PLACEMENT_3D('',#7344,#5895,#5896);
#5470=AXIS2_PLACEMENT_3D('',#7347,#5898,#5899);
#5471=AXIS2_PLACEMENT_3D('',#7348,#5900,#5901);
#5472=AXIS2_PLACEMENT_3D('',#7350,#5902,#5903);
#5473=AXIS2_PLACEMENT_3D('',#7353,#5905,#5906);
#5474=AXIS2_PLACEMENT_3D('',#7354,#5907,#5908);
#5475=AXIS2_PLACEMENT_3D('',#7356,#5909,#5910);
#5476=AXIS2_PLACEMENT_3D('',#7359,#5912,#5913);
#5477=AXIS2_PLACEMENT_3D('',#7360,#5914,#5915);
#5478=AXIS2_PLACEMENT_3D('',#7363,#5916,#5917);
#5479=AXIS2_PLACEMENT_3D('',#7367,#5919,#5920);
#5480=AXIS2_PLACEMENT_3D('',#7369,#5922,#5923);
#5481=AXIS2_PLACEMENT_3D('',#7375,#5927,#5928);
#5482=AXIS2_PLACEMENT_3D('',#7379,#5930,#5931);
#5483=AXIS2_PLACEMENT_3D('',#7383,#5933,#5934);
#5484=AXIS2_PLACEMENT_3D('',#7391,#5938,#5939);
#5485=AXIS2_PLACEMENT_3D('',#7395,#5941,#5942);
#5486=AXIS2_PLACEMENT_3D('',#7399,#5944,#5945);
#5487=AXIS2_PLACEMENT_3D('',#7415,#5954,#5955);
#5488=AXIS2_PLACEMENT_3D('',#7418,#5956,#5957);
#5489=AXIS2_PLACEMENT_3D('',#7421,#5960,#5961);
#5490=AXIS2_PLACEMENT_3D('',#7425,#5964,#5965);
#5491=AXIS2_PLACEMENT_3D('',#7429,#5967,#5968);
#5492=AXIS2_PLACEMENT_3D('',#7431,#5970,#5971);
#5493=AXIS2_PLACEMENT_3D('',#7435,#5974,#5975);
#5494=AXIS2_PLACEMENT_3D('',#7438,#5977,#5978);
#5495=AXIS2_PLACEMENT_3D('',#7439,#5979,#5980);
#5496=AXIS2_PLACEMENT_3D('',#7441,#5982,#5983);
#5497=AXIS2_PLACEMENT_3D('',#7443,#5984,#5985);
#5498=AXIS2_PLACEMENT_3D('',#7445,#5987,#5988);
#5499=AXIS2_PLACEMENT_3D('',#7448,#5989,#5990);
#5500=AXIS2_PLACEMENT_3D('',#7451,#5993,#5994);
#5501=AXIS2_PLACEMENT_3D('',#7453,#5996,#5997);
#5502=AXIS2_PLACEMENT_3D('',#7459,#6001,#6002);
#5503=AXIS2_PLACEMENT_3D('',#7461,#6004,#6005);
#5504=AXIS2_PLACEMENT_3D('',#7465,#6008,#6009);
#5505=AXIS2_PLACEMENT_3D('',#7471,#6013,#6014);
#5506=AXIS2_PLACEMENT_3D('',#7475,#6017,#6018);
#5507=AXIS2_PLACEMENT_3D('',#7479,#6021,#6022);
#5508=AXIS2_PLACEMENT_3D('',#7481,#6024,#6025);
#5509=AXIS2_PLACEMENT_3D('',#7483,#6027,#6028);
#5510=AXIS2_PLACEMENT_3D('',#7485,#6029,#6030);
#5511=AXIS2_PLACEMENT_3D('',#7488,#6032,#6033);
#5512=AXIS2_PLACEMENT_3D('',#7489,#6034,#6035);
#5513=AXIS2_PLACEMENT_3D('',#7492,#6036,#6037);
#5514=AXIS2_PLACEMENT_3D('',#7496,#6039,#6040);
#5515=AXIS2_PLACEMENT_3D('',#7498,#6042,#6043);
#5516=AXIS2_PLACEMENT_3D('',#7501,#6046,#6047);
#5517=AXIS2_PLACEMENT_3D('',#7505,#6050,#6051);
#5518=AXIS2_PLACEMENT_3D('',#7509,#6053,#6054);
#5519=AXIS2_PLACEMENT_3D('',#7513,#6056,#6057);
#5520=AXIS2_PLACEMENT_3D('',#7516,#6059,#6060);
#5521=AXIS2_PLACEMENT_3D('',#7518,#6061,#6062);
#5522=AXIS2_PLACEMENT_3D('',#7519,#6063,#6064);
#5523=AXIS2_PLACEMENT_3D('',#7523,#6066,#6067);
#5524=AXIS2_PLACEMENT_3D('',#7527,#6069,#6070);
#5525=AXIS2_PLACEMENT_3D('',#7530,#6072,#6073);
#5526=AXIS2_PLACEMENT_3D('',#7532,#6074,#6075);
#5527=AXIS2_PLACEMENT_3D('',#7533,#6076,#6077);
#5528=AXIS2_PLACEMENT_3D('',#7536,#6079,#6080);
#5529=AXIS2_PLACEMENT_3D('',#7537,#6081,#6082);
#5530=AXIS2_PLACEMENT_3D('',#7540,#6084,#6085);
#5531=AXIS2_PLACEMENT_3D('',#7541,#6086,#6087);
#5532=AXIS2_PLACEMENT_3D('',#7544,#6089,#6090);
#5533=AXIS2_PLACEMENT_3D('',#7545,#6091,#6092);
#5534=AXIS2_PLACEMENT_3D('',#7548,#6094,#6095);
#5535=AXIS2_PLACEMENT_3D('',#7549,#6096,#6097);
#5536=AXIS2_PLACEMENT_3D('',#7555,#6101,#6102);
#5537=AXIS2_PLACEMENT_3D('',#7557,#6103,#6104);
#5538=AXIS2_PLACEMENT_3D('',#7559,#6106,#6107);
#5539=AXIS2_PLACEMENT_3D('',#7563,#6110,#6111);
#5540=AXIS2_PLACEMENT_3D('',#7565,#6112,#6113);
#5541=AXIS2_PLACEMENT_3D('',#7567,#6115,#6116);
#5542=AXIS2_PLACEMENT_3D('',#7571,#6119,#6120);
#5543=AXIS2_PLACEMENT_3D('',#7573,#6121,#6122);
#5544=AXIS2_PLACEMENT_3D('',#7575,#6124,#6125);
#5545=AXIS2_PLACEMENT_3D('',#7579,#6128,#6129);
#5546=AXIS2_PLACEMENT_3D('',#7580,#6130,#6131);
#5547=AXIS2_PLACEMENT_3D('',#7581,#6132,#6133);
#5548=AXIS2_PLACEMENT_3D('',#7582,#6134,#6135);
#5549=AXIS2_PLACEMENT_3D('',#7583,#6136,#6137);
#5550=AXIS2_PLACEMENT_3D('',#7585,#6138,#6139);
#5551=AXIS2_PLACEMENT_3D('',#7588,#6141,#6142);
#5552=AXIS2_PLACEMENT_3D('',#7589,#6143,#6144);
#5553=AXIS2_PLACEMENT_3D('',#7590,#6145,#6146);
#5554=AXIS2_PLACEMENT_3D('',#7592,#6147,#6148);
#5555=AXIS2_PLACEMENT_3D('',#7595,#6150,#6151);
#5556=AXIS2_PLACEMENT_3D('',#7596,#6152,#6153);
#5557=AXIS2_PLACEMENT_3D('',#7599,#6155,#6156);
#5558=AXIS2_PLACEMENT_3D('',#7600,#6157,#6158);
#5559=AXIS2_PLACEMENT_3D('',#7603,#6159,#6160);
#5560=AXIS2_PLACEMENT_3D('',#7607,#6162,#6163);
#5561=AXIS2_PLACEMENT_3D('',#7611,#6165,#6166);
#5562=AXIS2_PLACEMENT_3D('',#7615,#6168,#6169);
#5563=AXIS2_PLACEMENT_3D('',#7618,#6171,#6172);
#5564=AXIS2_PLACEMENT_3D('',#7620,#6173,#6174);
#5565=AXIS2_PLACEMENT_3D('',#7622,#6175,#6176);
#5566=AXIS2_PLACEMENT_3D('',#7624,#6177,#6178);
#5567=AXIS2_PLACEMENT_3D('',#7625,#6179,#6180);
#5568=AXIS2_PLACEMENT_3D('',#7626,#6181,#6182);
#5569=AXIS2_PLACEMENT_3D('',#7629,#6184,#6185);
#5570=AXIS2_PLACEMENT_3D('',#7630,#6186,#6187);
#5571=AXIS2_PLACEMENT_3D('',#7631,#6188,#6189);
#5572=AXIS2_PLACEMENT_3D('',#7634,#6191,#6192);
#5573=AXIS2_PLACEMENT_3D('',#7635,#6193,#6194);
#5574=AXIS2_PLACEMENT_3D('',#7636,#6195,#6196);
#5575=AXIS2_PLACEMENT_3D('',#7639,#6198,#6199);
#5576=AXIS2_PLACEMENT_3D('',#7640,#6200,#6201);
#5577=AXIS2_PLACEMENT_3D('',#7641,#6202,#6203);
#5578=AXIS2_PLACEMENT_3D('',#7644,#6205,#6206);
#5579=AXIS2_PLACEMENT_3D('',#7645,#6207,#6208);
#5580=AXIS2_PLACEMENT_3D('',#7646,#6209,#6210);
#5581=AXIS2_PLACEMENT_3D('',#7652,#6214,#6215);
#5582=AXIS2_PLACEMENT_3D('',#7654,#6216,#6217);
#5583=AXIS2_PLACEMENT_3D('',#7656,#6219,#6220);
#5584=AXIS2_PLACEMENT_3D('',#7660,#6223,#6224);
#5585=AXIS2_PLACEMENT_3D('',#7662,#6225,#6226);
#5586=AXIS2_PLACEMENT_3D('',#7664,#6228,#6229);
#5587=AXIS2_PLACEMENT_3D('',#7668,#6232,#6233);
#5588=AXIS2_PLACEMENT_3D('',#7670,#6234,#6235);
#5589=AXIS2_PLACEMENT_3D('',#7672,#6237,#6238);
#5590=AXIS2_PLACEMENT_3D('',#7676,#6241,#6242);
#5591=AXIS2_PLACEMENT_3D('',#7677,#6243,#6244);
#5592=AXIS2_PLACEMENT_3D('',#7678,#6245,#6246);
#5593=AXIS2_PLACEMENT_3D('',#7679,#6247,#6248);
#5594=AXIS2_PLACEMENT_3D('',#7680,#6249,#6250);
#5595=AXIS2_PLACEMENT_3D('',#7687,#6254,#6255);
#5596=AXIS2_PLACEMENT_3D('',#7693,#6259,#6260);
#5597=AXIS2_PLACEMENT_3D('',#7697,#6263,#6264);
#5598=AXIS2_PLACEMENT_3D('',#7707,#6270,#6271);
#5599=AXIS2_PLACEMENT_3D('',#7713,#6275,#6276);
#5600=AXIS2_PLACEMENT_3D('',#7717,#6279,#6280);
#5601=AXIS2_PLACEMENT_3D('',#7721,#6283,#6284);
#5602=AXIS2_PLACEMENT_3D('',#7723,#6286,#6287);
#5603=AXIS2_PLACEMENT_3D('',#7724,#6288,#6289);
#5604=AXIS2_PLACEMENT_3D('',#7733,#6294,#6295);
#5605=AXIS2_PLACEMENT_3D('',#7739,#6299,#6300);
#5606=AXIS2_PLACEMENT_3D('',#7743,#6303,#6304);
#5607=AXIS2_PLACEMENT_3D('',#7747,#6307,#6308);
#5608=AXIS2_PLACEMENT_3D('',#7749,#6310,#6311);
#5609=AXIS2_PLACEMENT_3D('',#7750,#6312,#6313);
#5610=AXIS2_PLACEMENT_3D('',#7751,#6314,#6315);
#5611=AXIS2_PLACEMENT_3D('',#7756,#6317,#6318);
#5612=AXIS2_PLACEMENT_3D('',#7784,#6332,#6333);
#5613=AXIS2_PLACEMENT_3D('',#7836,#6359,#6360);
#5614=AXIS2_PLACEMENT_3D('',#7864,#6374,#6375);
#5615=AXIS2_PLACEMENT_3D('',#7934,#6410,#6411);
#5616=AXIS2_PLACEMENT_3D('',#7942,#6415,#6416);
#5617=AXIS2_PLACEMENT_3D('',#7950,#6420,#6421);
#5618=AXIS2_PLACEMENT_3D('',#7958,#6425,#6426);
#5619=AXIS2_PLACEMENT_3D('',#7966,#6430,#6431);
#5620=AXIS2_PLACEMENT_3D('',#7974,#6435,#6436);
#5621=AXIS2_PLACEMENT_3D('',#7982,#6440,#6441);
#5622=AXIS2_PLACEMENT_3D('',#7990,#6445,#6446);
#5623=AXIS2_PLACEMENT_3D('',#7992,#6448,#6449);
#5624=AXIS2_PLACEMENT_3D('',#7998,#6453,#6454);
#5625=AXIS2_PLACEMENT_3D('',#8001,#6456,#6457);
#5626=AXIS2_PLACEMENT_3D('',#8002,#6458,#6459);
#5627=AXIS2_PLACEMENT_3D('',#8006,#6462,#6463);
#5628=AXIS2_PLACEMENT_3D('',#8010,#6466,#6467);
#5629=AXIS2_PLACEMENT_3D('',#8014,#6470,#6471);
#5630=AXIS2_PLACEMENT_3D('',#8017,#6473,#6474);
#5631=AXIS2_PLACEMENT_3D('',#8018,#6475,#6476);
#5632=AXIS2_PLACEMENT_3D('',#8022,#6479,#6480);
#5633=AXIS2_PLACEMENT_3D('',#8026,#6483,#6484);
#5634=AXIS2_PLACEMENT_3D('',#8032,#6488,#6489);
#5635=AXIS2_PLACEMENT_3D('',#8035,#6491,#6492);
#5636=AXIS2_PLACEMENT_3D('',#8036,#6493,#6494);
#5637=AXIS2_PLACEMENT_3D('',#8040,#6497,#6498);
#5638=AXIS2_PLACEMENT_3D('',#8044,#6501,#6502);
#5639=AXIS2_PLACEMENT_3D('',#8048,#6505,#6506);
#5640=AXIS2_PLACEMENT_3D('',#8051,#6508,#6509);
#5641=AXIS2_PLACEMENT_3D('',#8052,#6510,#6511);
#5642=AXIS2_PLACEMENT_3D('',#8056,#6514,#6515);
#5643=AXIS2_PLACEMENT_3D('',#8060,#6518,#6519);
#5644=AXIS2_PLACEMENT_3D('',#8066,#6523,#6524);
#5645=AXIS2_PLACEMENT_3D('',#8070,#6527,#6528);
#5646=AXIS2_PLACEMENT_3D('',#8074,#6531,#6532);
#5647=AXIS2_PLACEMENT_3D('',#8078,#6535,#6536);
#5648=AXIS2_PLACEMENT_3D('',#8084,#6540,#6541);
#5649=AXIS2_PLACEMENT_3D('',#8088,#6544,#6545);
#5650=AXIS2_PLACEMENT_3D('',#8092,#6548,#6549);
#5651=AXIS2_PLACEMENT_3D('',#8096,#6552,#6553);
#5652=AXIS2_PLACEMENT_3D('',#8100,#6556,#6557);
#5653=AXIS2_PLACEMENT_3D('',#8104,#6560,#6561);
#5654=AXIS2_PLACEMENT_3D('',#8108,#6564,#6565);
#5655=AXIS2_PLACEMENT_3D('',#8112,#6568,#6569);
#5656=AXIS2_PLACEMENT_3D('',#8116,#6572,#6573);
#5657=AXIS2_PLACEMENT_3D('',#8120,#6576,#6577);
#5658=AXIS2_PLACEMENT_3D('',#8124,#6580,#6581);
#5659=AXIS2_PLACEMENT_3D('',#8128,#6584,#6585);
#5660=AXIS2_PLACEMENT_3D('',#8132,#6588,#6589);
#5661=AXIS2_PLACEMENT_3D('',#8136,#6592,#6593);
#5662=AXIS2_PLACEMENT_3D('',#8140,#6596,#6597);
#5663=AXIS2_PLACEMENT_3D('',#8144,#6600,#6601);
#5664=AXIS2_PLACEMENT_3D('',#8148,#6604,#6605);
#5665=AXIS2_PLACEMENT_3D('',#8152,#6608,#6609);
#5666=AXIS2_PLACEMENT_3D('',#8156,#6612,#6613);
#5667=AXIS2_PLACEMENT_3D('',#8160,#6616,#6617);
#5668=AXIS2_PLACEMENT_3D('',#8164,#6620,#6621);
#5669=AXIS2_PLACEMENT_3D('',#8168,#6624,#6625);
#5670=AXIS2_PLACEMENT_3D('',#8172,#6628,#6629);
#5671=AXIS2_PLACEMENT_3D('',#8176,#6632,#6633);
#5672=AXIS2_PLACEMENT_3D('',#8179,#6635,#6636);
#5673=AXIS2_PLACEMENT_3D('',#8180,#6637,#6638);
#5674=AXIS2_PLACEMENT_3D('',#8184,#6641,#6642);
#5675=AXIS2_PLACEMENT_3D('',#8188,#6645,#6646);
#5676=AXIS2_PLACEMENT_3D('',#8192,#6649,#6650);
#5677=AXIS2_PLACEMENT_3D('',#8196,#6653,#6654);
#5678=AXIS2_PLACEMENT_3D('',#8200,#6657,#6658);
#5679=AXIS2_PLACEMENT_3D('',#8204,#6661,#6662);
#5680=AXIS2_PLACEMENT_3D('',#8208,#6665,#6666);
#5681=AXIS2_PLACEMENT_3D('',#8212,#6669,#6670);
#5682=AXIS2_PLACEMENT_3D('',#8216,#6673,#6674);
#5683=AXIS2_PLACEMENT_3D('',#8220,#6677,#6678);
#5684=AXIS2_PLACEMENT_3D('',#8224,#6681,#6682);
#5685=AXIS2_PLACEMENT_3D('',#8228,#6685,#6686);
#5686=AXIS2_PLACEMENT_3D('',#8232,#6689,#6690);
#5687=AXIS2_PLACEMENT_3D('',#8235,#6692,#6693);
#5688=AXIS2_PLACEMENT_3D('',#8236,#6694,#6695);
#5689=AXIS2_PLACEMENT_3D('',#8240,#6698,#6699);
#5690=AXIS2_PLACEMENT_3D('',#8244,#6702,#6703);
#5691=AXIS2_PLACEMENT_3D('',#8247,#6705,#6706);
#5692=AXIS2_PLACEMENT_3D('',#8248,#6707,#6708);
#5693=AXIS2_PLACEMENT_3D('',#8252,#6711,#6712);
#5694=AXIS2_PLACEMENT_3D('',#8256,#6715,#6716);
#5695=AXIS2_PLACEMENT_3D('',#8260,#6719,#6720);
#5696=AXIS2_PLACEMENT_3D('',#8263,#6722,#6723);
#5697=AXIS2_PLACEMENT_3D('',#8264,#6724,#6725);
#5698=AXIS2_PLACEMENT_3D('',#8268,#6728,#6729);
#5699=AXIS2_PLACEMENT_3D('',#8270,#6731,#6732);
#5700=AXIS2_PLACEMENT_3D('',#8274,#6735,#6736);
#5701=AXIS2_PLACEMENT_3D('',#8277,#6738,#6739);
#5702=AXIS2_PLACEMENT_3D('',#8278,#6740,#6741);
#5703=AXIS2_PLACEMENT_3D('',#8282,#6744,#6745);
#5704=AXIS2_PLACEMENT_3D('',#8286,#6748,#6749);
#5705=AXIS2_PLACEMENT_3D('',#8290,#6752,#6753);
#5706=AXIS2_PLACEMENT_3D('',#8293,#6755,#6756);
#5707=AXIS2_PLACEMENT_3D('',#8294,#6757,#6758);
#5708=AXIS2_PLACEMENT_3D('',#8298,#6761,#6762);
#5709=AXIS2_PLACEMENT_3D('',#8300,#6764,#6765);
#5710=AXIS2_PLACEMENT_3D('',#8304,#6768,#6769);
#5711=AXIS2_PLACEMENT_3D('',#8308,#6772,#6773);
#5712=AXIS2_PLACEMENT_3D('',#8312,#6776,#6777);
#5713=AXIS2_PLACEMENT_3D('',#8314,#6779,#6780);
#5714=AXIS2_PLACEMENT_3D('',#8318,#6783,#6784);
#5715=AXIS2_PLACEMENT_3D('',#8322,#6787,#6788);
#5716=AXIS2_PLACEMENT_3D('',#8326,#6791,#6792);
#5717=AXIS2_PLACEMENT_3D('',#8330,#6795,#6796);
#5718=AXIS2_PLACEMENT_3D('',#8334,#6799,#6800);
#5719=AXIS2_PLACEMENT_3D('',#8338,#6803,#6804);
#5720=AXIS2_PLACEMENT_3D('',#8342,#6807,#6808);
#5721=AXIS2_PLACEMENT_3D('',#8346,#6811,#6812);
#5722=AXIS2_PLACEMENT_3D('',#8350,#6815,#6816);
#5723=AXIS2_PLACEMENT_3D('',#8354,#6819,#6820);
#5724=AXIS2_PLACEMENT_3D('',#8358,#6823,#6824);
#5725=AXIS2_PLACEMENT_3D('',#8362,#6827,#6828);
#5726=AXIS2_PLACEMENT_3D('',#8366,#6831,#6832);
#5727=AXIS2_PLACEMENT_3D('',#8370,#6835,#6836);
#5728=AXIS2_PLACEMENT_3D('',#8374,#6839,#6840);
#5729=AXIS2_PLACEMENT_3D('',#8378,#6843,#6844);
#5730=AXIS2_PLACEMENT_3D('',#8382,#6847,#6848);
#5731=AXIS2_PLACEMENT_3D('',#8386,#6851,#6852);
#5732=AXIS2_PLACEMENT_3D('',#8390,#6855,#6856);
#5733=AXIS2_PLACEMENT_3D('',#8394,#6859,#6860);
#5734=AXIS2_PLACEMENT_3D('',#8398,#6863,#6864);
#5735=AXIS2_PLACEMENT_3D('',#8402,#6867,#6868);
#5736=AXIS2_PLACEMENT_3D('',#8406,#6871,#6872);
#5737=AXIS2_PLACEMENT_3D('',#8410,#6875,#6876);
#5738=AXIS2_PLACEMENT_3D('',#8413,#6878,#6879);
#5739=AXIS2_PLACEMENT_3D('',#8414,#6880,#6881);
#5740=AXIS2_PLACEMENT_3D('',#8418,#6884,#6885);
#5741=AXIS2_PLACEMENT_3D('',#8422,#6888,#6889);
#5742=AXIS2_PLACEMENT_3D('',#8426,#6892,#6893);
#5743=AXIS2_PLACEMENT_3D('',#8430,#6896,#6897);
#5744=AXIS2_PLACEMENT_3D('',#8434,#6900,#6901);
#5745=AXIS2_PLACEMENT_3D('',#8438,#6904,#6905);
#5746=AXIS2_PLACEMENT_3D('',#8442,#6908,#6909);
#5747=AXIS2_PLACEMENT_3D('',#8446,#6912,#6913);
#5748=AXIS2_PLACEMENT_3D('',#8450,#6916,#6917);
#5749=AXIS2_PLACEMENT_3D('',#8454,#6920,#6921);
#5750=AXIS2_PLACEMENT_3D('',#8458,#6924,#6925);
#5751=AXIS2_PLACEMENT_3D('',#8462,#6928,#6929);
#5752=AXIS2_PLACEMENT_3D('',#8466,#6932,#6933);
#5753=AXIS2_PLACEMENT_3D('',#8469,#6935,#6936);
#5754=AXIS2_PLACEMENT_3D('',#8470,#6937,#6938);
#5755=AXIS2_PLACEMENT_3D('',#8472,#6940,#6941);
#5756=AXIS2_PLACEMENT_3D('',#8473,#6942,#6943);
#5757=AXIS2_PLACEMENT_3D('',#8474,#6944,#6945);
#5758=AXIS2_PLACEMENT_3D('',#8483,#6950,#6951);
#5759=AXIS2_PLACEMENT_3D('',#8492,#6956,#6957);
#5760=AXIS2_PLACEMENT_3D('',#8498,#6961,#6962);
#5761=AXIS2_PLACEMENT_3D('',#8510,#6969,#6970);
#5762=AXIS2_PLACEMENT_3D('',#8513,#6971,#6972);
#5763=AXIS2_PLACEMENT_3D('',#8520,#6976,#6977);
#5764=AXIS2_PLACEMENT_3D('',#8521,#6978,#6979);
#5765=AXIS2_PLACEMENT_3D('',#8527,#6983,#6984);
#5766=AXIS2_PLACEMENT_3D('',#8530,#6986,#6987);
#5767=AXIS2_PLACEMENT_3D('',#8531,#6988,#6989);
#5768=AXIS2_PLACEMENT_3D('',#8533,#6990,#6991);
#5769=AXIS2_PLACEMENT_3D('',#8535,#6993,#6994);
#5770=AXIS2_PLACEMENT_3D('',#8539,#6997,#6998);
#5771=AXIS2_PLACEMENT_3D('',#8541,#7000,#7001);
#5772=AXIS2_PLACEMENT_3D('',#8544,#7002,#7003);
#5773=AXIS2_PLACEMENT_3D('',#8551,#7007,#7008);
#5774=AXIS2_PLACEMENT_3D('',#8552,#7009,#7010);
#5775=AXIS2_PLACEMENT_3D('',#8558,#7014,#7015);
#5776=AXIS2_PLACEMENT_3D('',#8561,#7017,#7018);
#5777=AXIS2_PLACEMENT_3D('',#8562,#7019,#7020);
#5778=AXIS2_PLACEMENT_3D('',#8564,#7021,#7022);
#5779=AXIS2_PLACEMENT_3D('',#8566,#7024,#7025);
#5780=AXIS2_PLACEMENT_3D('',#8570,#7028,#7029);
#5781=AXIS2_PLACEMENT_3D('',#8572,#7031,#7032);
#5782=AXIS2_PLACEMENT_3D('',#8575,#7033,#7034);
#5783=AXIS2_PLACEMENT_3D('',#8579,#7036,#7037);
#5784=AXIS2_PLACEMENT_3D('',#8581,#7039,#7040);
#5785=AXIS2_PLACEMENT_3D('',#8587,#7044,#7045);
#5786=AXIS2_PLACEMENT_3D('',#8590,#7046,#7047);
#5787=AXIS2_PLACEMENT_3D('',#8594,#7049,#7050);
#5788=AXIS2_PLACEMENT_3D('',#8596,#7052,#7053);
#5789=AXIS2_PLACEMENT_3D('',#8602,#7057,#7058);
#5790=AXIS2_PLACEMENT_3D('',#8605,#7059,#7060);
#5791=AXIS2_PLACEMENT_3D('',#8609,#7062,#7063);
#5792=AXIS2_PLACEMENT_3D('',#8611,#7065,#7066);
#5793=AXIS2_PLACEMENT_3D('',#8617,#7070,#7071);
#5794=AXIS2_PLACEMENT_3D('',#8628,#7078,#7079);
#5795=AXIS2_PLACEMENT_3D('',#8632,#7081,#7082);
#5796=AXIS2_PLACEMENT_3D('',#8635,#7084,#7085);
#5797=AXIS2_PLACEMENT_3D('',#8636,#7086,#7087);
#5798=AXIS2_PLACEMENT_3D('',#8640,#7089,#7090);
#5799=AXIS2_PLACEMENT_3D('',#8642,#7092,#7093);
#5800=AXIS2_PLACEMENT_3D('',#8646,#7096,#7097);
#5801=AXIS2_PLACEMENT_3D('',#8649,#7098,#7099);
#5802=AXIS2_PLACEMENT_3D('',#8652,#7102,#7103);
#5803=AXIS2_PLACEMENT_3D('',#8657,#7106,#7107);
#5804=AXIS2_PLACEMENT_3D('',#8658,#7108,#7109);
#5805=AXIS2_PLACEMENT_3D('',#8659,#7110,#7111);
#5806=AXIS2_PLACEMENT_3D('',#8660,#7112,#7113);
#5807=AXIS2_PLACEMENT_3D('',#8667,#7118,#7119);
#5808=AXIS2_PLACEMENT_3D('',#8670,#7121,#7122);
#5809=AXIS2_PLACEMENT_3D('',#8671,#7123,#7124);
#5810=AXIS2_PLACEMENT_3D('',#8673,#7126,#7127);
#5811=AXIS2_PLACEMENT_3D('',#8675,#7129,#7130);
#5812=AXIS2_PLACEMENT_3D('',#8677,#7132,#7133);
#5813=AXIS2_PLACEMENT_3D('',#8679,#7135,#7136);
#5814=AXIS2_PLACEMENT_3D('',#8681,#7138,#7139);
#5815=AXIS2_PLACEMENT_3D('',#8682,#7140,#7141);
#5816=AXIS2_PLACEMENT_3D('',#8688,#7145,#7146);
#5817=AXIS2_PLACEMENT_3D('',#8694,#7150,#7151);
#5818=AXIS2_PLACEMENT_3D('',#8697,#7154,#7155);
#5819=AXIS2_PLACEMENT_3D('',#8698,#7156,#7157);
#5820=AXIS2_PLACEMENT_3D('',#8700,#7159,#7160);
#5821=AXIS2_PLACEMENT_3D('',#8701,#7161,#7162);
#5822=AXIS2_PLACEMENT_3D('',#8702,#7163,#7164);
#5823=AXIS2_PLACEMENT_3D('',#8711,#7169,#7170);
#5824=AXIS2_PLACEMENT_3D('',#8717,#7174,#7175);
#5825=AXIS2_PLACEMENT_3D('',#8723,#7179,#7180);
#5826=AXIS2_PLACEMENT_3D('',#8726,#7181,#7182);
#5827=AXIS2_PLACEMENT_3D('',#8730,#7184,#7185);
#5828=AXIS2_PLACEMENT_3D('',#8732,#7187,#7188);
#5829=AXIS2_PLACEMENT_3D('',#8735,#7189,#7190);
#5830=AXIS2_PLACEMENT_3D('',#8739,#7192,#7193);
#5831=AXIS2_PLACEMENT_3D('',#8741,#7195,#7196);
#5832=AXIS2_PLACEMENT_3D('',#8743,#7197,#7198);
#5833=AXIS2_PLACEMENT_3D('',#8746,#7200,#7201);
#5834=AXIS2_PLACEMENT_3D('',#8747,#7202,#7203);
#5835=AXIS2_PLACEMENT_3D('',#8754,#7207,#7208);
#5836=AXIS2_PLACEMENT_3D('',#8755,#7209,#7210);
#5837=AXIS2_PLACEMENT_3D('',#8761,#7214,#7215);
#5838=AXIS2_PLACEMENT_3D('',#8764,#7217,#7218);
#5839=AXIS2_PLACEMENT_3D('',#8765,#7219,#7220);
#5840=AXIS2_PLACEMENT_3D('',#8771,#7224,#7225);
#5841=AXIS2_PLACEMENT_3D('',#8777,#7229,#7230);
#5842=AXIS2_PLACEMENT_3D('',#8779,#7232,#7233);
#5843=AXIS2_PLACEMENT_3D('',#8791,#7241,#7242);
#5844=AXIS2_PLACEMENT_3D('',#8792,#7243,#7244);
#5845=AXIS2_PLACEMENT_3D('',#8793,#7245,#7246);
#5846=AXIS2_PLACEMENT_3D('',#8794,#7247,#7248);
#5847=AXIS2_PLACEMENT_3D('',#8800,#7252,#7253);
#5848=AXIS2_PLACEMENT_3D('',#8804,#7256,#7257);
#5849=AXIS2_PLACEMENT_3D('',#8810,#7261,#7262);
#5850=AXIS2_PLACEMENT_3D('',#8813,#7265,#7266);
#5851=AXIS2_PLACEMENT_3D('',#8814,#7267,#7268);
#5852=AXIS2_PLACEMENT_3D('',#8818,#7271,#7272);
#5853=AXIS2_PLACEMENT_3D('',#8820,#7274,#7275);
#5854=AXIS2_PLACEMENT_3D('',#8821,#7276,#7277);
#5855=AXIS2_PLACEMENT_3D('',#8822,#7278,#7279);
#5856=AXIS2_PLACEMENT_3D('',#8824,#7280,#7281);
#5857=AXIS2_PLACEMENT_3D('',#8826,#7282,#7283);
#5858=AXIS2_PLACEMENT_3D('',#8827,#7284,#7285);
#5859=AXIS2_PLACEMENT_3D('',#8829,#7286,#7287);
#5860=AXIS2_PLACEMENT_3D('',#8831,#7289,#7290);
#5861=AXIS2_PLACEMENT_3D('',#8832,#7291,#7292);
#5862=AXIS2_PLACEMENT_3D('',#8834,#7293,#7294);
#5863=AXIS2_PLACEMENT_3D('',#8835,#7295,#7296);
#5864=AXIS2_PLACEMENT_3D('',#8837,#7298,#7299);
#5865=AXIS2_PLACEMENT_3D('',#8885,#7300,#7301);
#5866=AXIS2_PLACEMENT_3D('',#8886,#7302,#7303);
#5867=AXIS2_PLACEMENT_3D('',#9298,#7304,#7305);
#5868=AXIS2_PLACEMENT_3D('',#9341,#7306,#7307);
#5869=AXIS2_PLACEMENT_3D('',#9342,#7308,#7309);
#5870=AXIS2_PLACEMENT_3D('',#9343,#7310,#7311);
#5871=AXIS2_PLACEMENT_3D('',#9344,#7312,#7313);
#5872=AXIS2_PLACEMENT_3D('',#9345,#7314,#7315);
#5873=AXIS2_PLACEMENT_3D('',#9346,#7316,#7317);
#5874=AXIS2_PLACEMENT_3D('',#9347,#7318,#7319);
#5875=AXIS2_PLACEMENT_3D('',#9348,#7320,#7321);
#5876=AXIS2_PLACEMENT_3D('',#9349,#7322,#7323);
#5877=AXIS2_PLACEMENT_3D('',#9350,#7324,#7325);
#5878=AXIS2_PLACEMENT_3D('',#9351,#7326,#7327);
#5879=AXIS2_PLACEMENT_3D('',#9352,#7328,#7329);
#5880=AXIS2_PLACEMENT_3D('',#9353,#7330,#7331);
#5881=AXIS2_PLACEMENT_3D('',#9354,#7332,#7333);
#5882=DIRECTION('axis',(0.,0.,1.));
#5883=DIRECTION('refdir',(1.,0.,0.));
#5884=DIRECTION('axis',(0.,0.,1.));
#5885=DIRECTION('refdir',(1.,0.,0.));
#5886=DIRECTION('center_axis',(0.,-1.,0.));
#5887=DIRECTION('ref_axis',(-1.,0.,0.));
#5888=DIRECTION('center_axis',(0.,-1.,0.));
#5889=DIRECTION('ref_axis',(-1.,0.,0.));
#5890=DIRECTION('',(0.,-1.,0.));
#5891=DIRECTION('center_axis',(0.,1.,0.));
#5892=DIRECTION('ref_axis',(-1.,0.,0.));
#5893=DIRECTION('center_axis',(0.,-1.,0.));
#5894=DIRECTION('ref_axis',(-1.,0.,0.));
#5895=DIRECTION('center_axis',(0.,-1.,0.));
#5896=DIRECTION('ref_axis',(-1.,0.,0.));
#5897=DIRECTION('',(0.,-1.,0.));
#5898=DIRECTION('center_axis',(0.,1.,0.));
#5899=DIRECTION('ref_axis',(-1.,0.,0.));
#5900=DIRECTION('center_axis',(0.,-1.,0.));
#5901=DIRECTION('ref_axis',(-1.,0.,0.));
#5902=DIRECTION('center_axis',(0.,-1.,0.));
#5903=DIRECTION('ref_axis',(-1.,0.,0.));
#5904=DIRECTION('',(0.,-1.,0.));
#5905=DIRECTION('center_axis',(0.,1.,0.));
#5906=DIRECTION('ref_axis',(-1.,0.,0.));
#5907=DIRECTION('center_axis',(0.,-1.,0.));
#5908=DIRECTION('ref_axis',(-1.,0.,0.));
#5909=DIRECTION('center_axis',(0.,-1.,0.));
#5910=DIRECTION('ref_axis',(-1.,0.,0.));
#5911=DIRECTION('',(0.,-1.,0.));
#5912=DIRECTION('center_axis',(0.,1.,0.));
#5913=DIRECTION('ref_axis',(-1.,0.,0.));
#5914=DIRECTION('center_axis',(-1.,0.,0.));
#5915=DIRECTION('ref_axis',(0.,0.707106781186547,0.707106781186548));
#5916=DIRECTION('center_axis',(1.,0.,0.));
#5917=DIRECTION('ref_axis',(0.,0.707106781186547,0.707106781186548));
#5918=DIRECTION('',(1.,0.,0.));
#5919=DIRECTION('center_axis',(-1.,0.,0.));
#5920=DIRECTION('ref_axis',(0.,0.707106781186547,0.707106781186548));
#5921=DIRECTION('',(-1.,0.,0.));
#5922=DIRECTION('center_axis',(0.,0.,1.));
#5923=DIRECTION('ref_axis',(1.,0.,0.));
#5924=DIRECTION('',(0.,-1.,0.));
#5925=DIRECTION('',(-1.,0.,0.));
#5926=DIRECTION('',(0.,-1.,0.));
#5927=DIRECTION('center_axis',(-1.,0.,0.));
#5928=DIRECTION('ref_axis',(0.,-1.,0.));
#5929=DIRECTION('',(0.,0.,1.));
#5930=DIRECTION('center_axis',(-1.,0.,0.));
#5931=DIRECTION('ref_axis',(0.,-0.707106781186547,-0.707106781186548));
#5932=DIRECTION('',(0.,-1.,0.));
#5933=DIRECTION('center_axis',(1.,0.,0.));
#5934=DIRECTION('ref_axis',(0.,0.707106781186547,0.707106781186548));
#5935=DIRECTION('',(0.,0.,1.));
#5936=DIRECTION('',(0.,1.,0.));
#5937=DIRECTION('',(0.,0.,1.));
#5938=DIRECTION('center_axis',(1.,0.,0.));
#5939=DIRECTION('ref_axis',(0.,-0.707106781186545,0.70710678118655));
#5940=DIRECTION('',(0.,-1.,0.));
#5941=DIRECTION('center_axis',(-1.,0.,0.));
#5942=DIRECTION('ref_axis',(0.,0.707106781186545,-0.70710678118655));
#5943=DIRECTION('',(0.,0.,1.));
#5944=DIRECTION('center_axis',(1.,0.,0.));
#5945=DIRECTION('ref_axis',(0.,-0.707106781186545,0.70710678118655));
#5946=DIRECTION('',(0.,1.,0.));
#5947=DIRECTION('',(0.,0.,1.));
#5948=DIRECTION('',(0.,1.,0.));
#5949=DIRECTION('',(0.,0.,1.));
#5950=DIRECTION('',(0.,1.,0.));
#5951=DIRECTION('',(0.,0.,1.));
#5952=DIRECTION('',(0.,-1.,0.));
#5953=DIRECTION('',(0.,0.,-1.));
#5954=DIRECTION('center_axis',(1.,0.,0.));
#5955=DIRECTION('ref_axis',(0.,-0.707106781186545,0.70710678118655));
#5956=DIRECTION('center_axis',(-1.,0.,0.));
#5957=DIRECTION('ref_axis',(0.,-0.707106781186545,0.70710678118655));
#5958=DIRECTION('',(-1.,0.,0.));
#5959=DIRECTION('',(1.,0.,0.));
#5960=DIRECTION('center_axis',(0.,-1.,0.));
#5961=DIRECTION('ref_axis',(1.,0.,0.));
#5962=DIRECTION('',(-1.,0.,0.));
#5963=DIRECTION('',(0.,0.,1.));
#5964=DIRECTION('center_axis',(-1.,9.31322213792996E-10,0.));
#5965=DIRECTION('ref_axis',(6.58542833217429E-10,0.707106781186547,0.707106781186548));
#5966=DIRECTION('',(1.,-9.31322213792996E-10,0.));
#5967=DIRECTION('center_axis',(-1.,0.,0.));
#5968=DIRECTION('ref_axis',(0.,0.707106781186547,0.707106781186548));
#5969=DIRECTION('',(-1.,9.31322213792996E-10,0.));
#5970=DIRECTION('center_axis',(0.,0.,1.));
#5971=DIRECTION('ref_axis',(1.,0.,0.));
#5972=DIRECTION('',(-1.,0.,0.));
#5973=DIRECTION('',(0.,1.,0.));
#5974=DIRECTION('center_axis',(1.,0.,0.));
#5975=DIRECTION('ref_axis',(0.,-0.707106781186547,-0.707106781186548));
#5976=DIRECTION('',(1.,0.,0.));
#5977=DIRECTION('center_axis',(1.,0.,0.));
#5978=DIRECTION('ref_axis',(0.,-0.707106781186547,-0.707106781186548));
#5979=DIRECTION('center_axis',(0.,1.,0.));
#5980=DIRECTION('ref_axis',(-1.,0.,0.));
#5981=DIRECTION('',(0.,0.,1.));
#5982=DIRECTION('center_axis',(-1.,0.,0.));
#5983=DIRECTION('ref_axis',(0.,0.707106781186545,-0.70710678118655));
#5984=DIRECTION('center_axis',(1.,0.,0.));
#5985=DIRECTION('ref_axis',(0.,0.707106781186545,-0.70710678118655));
#5986=DIRECTION('',(1.,0.,0.));
#5987=DIRECTION('center_axis',(1.,9.86864910777917E-17,0.));
#5988=DIRECTION('ref_axis',(0.,-0.707106781186545,0.70710678118655));
#5989=DIRECTION('center_axis',(-1.,0.,0.));
#5990=DIRECTION('ref_axis',(0.,-0.707106781186545,0.70710678118655));
#5991=DIRECTION('',(-1.,-9.86864910777917E-17,0.));
#5992=DIRECTION('',(1.,9.86864910777917E-17,0.));
#5993=DIRECTION('center_axis',(0.,0.,1.));
#5994=DIRECTION('ref_axis',(1.,0.,0.));
#5995=DIRECTION('',(0.,1.,0.));
#5996=DIRECTION('center_axis',(0.,0.,-1.));
#5997=DIRECTION('ref_axis',(1.,0.,0.));
#5998=DIRECTION('',(-1.,0.,0.));
#5999=DIRECTION('',(0.,-1.,0.));
#6000=DIRECTION('',(1.,0.,0.));
#6001=DIRECTION('center_axis',(0.,-1.,0.));
#6002=DIRECTION('ref_axis',(0.,0.,-1.));
#6003=DIRECTION('',(0.,0.,1.));
#6004=DIRECTION('center_axis',(0.,-1.,0.));
#6005=DIRECTION('ref_axis',(0.,0.,-1.));
#6006=DIRECTION('',(-1.,0.,0.));
#6007=DIRECTION('',(0.,0.,1.));
#6008=DIRECTION('center_axis',(0.,0.,-1.));
#6009=DIRECTION('ref_axis',(-1.,0.,0.));
#6010=DIRECTION('',(1.,0.,0.));
#6011=DIRECTION('',(-1.,0.,0.));
#6012=DIRECTION('',(0.,1.,0.));
#6013=DIRECTION('center_axis',(0.,1.,0.));
#6014=DIRECTION('ref_axis',(0.,0.,1.));
#6015=DIRECTION('',(1.,0.,0.));
#6016=DIRECTION('',(0.,0.,-1.));
#6017=DIRECTION('center_axis',(0.,1.,0.));
#6018=DIRECTION('ref_axis',(0.,0.,1.));
#6019=DIRECTION('',(0.,0.,1.));
#6020=DIRECTION('',(1.,0.,0.));
#6021=DIRECTION('center_axis',(0.,0.,1.));
#6022=DIRECTION('ref_axis',(1.,0.,0.));
#6023=DIRECTION('',(0.,1.,0.));
#6024=DIRECTION('center_axis',(0.,0.,-1.));
#6025=DIRECTION('ref_axis',(0.,-1.,0.));
#6026=DIRECTION('',(0.,-1.,0.));
#6027=DIRECTION('center_axis',(0.,1.,0.));
#6028=DIRECTION('ref_axis',(0.707106781186547,0.,-0.707106781186548));
#6029=DIRECTION('center_axis',(0.,1.,0.));
#6030=DIRECTION('ref_axis',(0.707106781186547,0.,-0.707106781186548));
#6031=DIRECTION('',(0.,-1.,0.));
#6032=DIRECTION('center_axis',(9.86864910777917E-17,-1.,0.));
#6033=DIRECTION('ref_axis',(0.707106781186547,0.,-0.707106781186548));
#6034=DIRECTION('center_axis',(0.,-1.,0.));
#6035=DIRECTION('ref_axis',(-0.707106781186547,0.,-0.707106781186548));
#6036=DIRECTION('center_axis',(9.31322213792996E-10,1.,0.));
#6037=DIRECTION('ref_axis',(-0.707106781186547,6.58544252842694E-10,-0.707106781186548));
#6038=DIRECTION('',(0.,-1.,0.));
#6039=DIRECTION('center_axis',(9.86864910777917E-17,-1.,0.));
#6040=DIRECTION('ref_axis',(-0.707106781186547,0.,-0.707106781186548));
#6041=DIRECTION('',(0.,1.,0.));
#6042=DIRECTION('center_axis',(1.,0.,0.));
#6043=DIRECTION('ref_axis',(0.,1.,0.));
#6044=DIRECTION('',(0.,0.,1.));
#6045=DIRECTION('',(0.,0.,1.));
#6046=DIRECTION('center_axis',(9.31322213792996E-10,1.,0.));
#6047=DIRECTION('ref_axis',(-1.,9.31322213792996E-10,0.));
#6048=DIRECTION('',(-1.,0.,0.));
#6049=DIRECTION('',(0.,0.,1.));
#6050=DIRECTION('center_axis',(0.,0.,1.));
#6051=DIRECTION('ref_axis',(-1.,0.,0.));
#6052=DIRECTION('',(1.,9.86864910777917E-17,0.));
#6053=DIRECTION('center_axis',(0.,0.,1.));
#6054=DIRECTION('ref_axis',(0.,-1.,0.));
#6055=DIRECTION('',(0.,1.,0.));
#6056=DIRECTION('center_axis',(0.,0.,1.));
#6057=DIRECTION('ref_axis',(1.,2.44249065417534E-15,0.));
#6058=DIRECTION('',(-1.,0.,0.));
#6059=DIRECTION('center_axis',(0.,0.,1.));
#6060=DIRECTION('ref_axis',(-1.,0.,0.));
#6061=DIRECTION('center_axis',(0.,0.,1.));
#6062=DIRECTION('ref_axis',(-1.,0.,0.));
#6063=DIRECTION('center_axis',(0.,0.,1.));
#6064=DIRECTION('ref_axis',(-1.,0.,0.));
#6065=DIRECTION('',(-1.,0.,0.));
#6066=DIRECTION('center_axis',(0.,0.,1.));
#6067=DIRECTION('ref_axis',(8.88178419700126E-16,1.,0.));
#6068=DIRECTION('',(-6.53072355906141E-17,-1.,0.));
#6069=DIRECTION('center_axis',(0.,0.,1.));
#6070=DIRECTION('ref_axis',(-1.,0.,0.));
#6071=DIRECTION('',(1.,9.86864910777917E-17,0.));
#6072=DIRECTION('center_axis',(0.,0.,1.));
#6073=DIRECTION('ref_axis',(-1.,0.,0.));
#6074=DIRECTION('center_axis',(0.,0.,1.));
#6075=DIRECTION('ref_axis',(-1.,0.,0.));
#6076=DIRECTION('center_axis',(0.,0.,1.));
#6077=DIRECTION('ref_axis',(-1.,0.,0.));
#6078=DIRECTION('',(0.,0.,-1.));
#6079=DIRECTION('center_axis',(0.,0.,1.));
#6080=DIRECTION('ref_axis',(-1.,0.,0.));
#6081=DIRECTION('center_axis',(0.,0.,1.));
#6082=DIRECTION('ref_axis',(-1.,0.,0.));
#6083=DIRECTION('',(0.,0.,-1.));
#6084=DIRECTION('center_axis',(0.,0.,1.));
#6085=DIRECTION('ref_axis',(-1.,0.,0.));
#6086=DIRECTION('center_axis',(0.,0.,1.));
#6087=DIRECTION('ref_axis',(-1.,0.,0.));
#6088=DIRECTION('',(0.,0.,-1.));
#6089=DIRECTION('center_axis',(0.,0.,1.));
#6090=DIRECTION('ref_axis',(-1.,0.,0.));
#6091=DIRECTION('center_axis',(0.,0.,1.));
#6092=DIRECTION('ref_axis',(-1.,0.,0.));
#6093=DIRECTION('',(0.,0.,-1.));
#6094=DIRECTION('center_axis',(0.,0.,1.));
#6095=DIRECTION('ref_axis',(-1.,0.,0.));
#6096=DIRECTION('center_axis',(-1.,6.53072355906141E-17,0.));
#6097=DIRECTION('ref_axis',(-6.53072355906141E-17,-1.,0.));
#6098=DIRECTION('',(6.53072355906141E-17,1.,0.));
#6099=DIRECTION('',(0.,0.,1.));
#6100=DIRECTION('',(0.,0.,1.));
#6101=DIRECTION('center_axis',(0.,0.,1.));
#6102=DIRECTION('ref_axis',(8.88178419700126E-16,1.,0.));
#6103=DIRECTION('center_axis',(0.,0.,1.));
#6104=DIRECTION('ref_axis',(8.88178419700126E-16,1.,0.));
#6105=DIRECTION('',(0.,0.,1.));
#6106=DIRECTION('center_axis',(0.,1.,0.));
#6107=DIRECTION('ref_axis',(-1.,0.,0.));
#6108=DIRECTION('',(1.,0.,0.));
#6109=DIRECTION('',(0.,0.,1.));
#6110=DIRECTION('center_axis',(0.,0.,1.));
#6111=DIRECTION('ref_axis',(1.,2.44249065417534E-15,0.));
#6112=DIRECTION('center_axis',(0.,0.,1.));
#6113=DIRECTION('ref_axis',(1.,2.44249065417534E-15,0.));
#6114=DIRECTION('',(0.,0.,1.));
#6115=DIRECTION('center_axis',(1.,0.,0.));
#6116=DIRECTION('ref_axis',(0.,1.,0.));
#6117=DIRECTION('',(0.,-1.,0.));
#6118=DIRECTION('',(0.,0.,1.));
#6119=DIRECTION('center_axis',(0.,0.,1.));
#6120=DIRECTION('ref_axis',(0.,-1.,0.));
#6121=DIRECTION('center_axis',(0.,0.,1.));
#6122=DIRECTION('ref_axis',(0.,-1.,0.));
#6123=DIRECTION('',(0.,0.,1.));
#6124=DIRECTION('center_axis',(9.86864910777917E-17,-1.,0.));
#6125=DIRECTION('ref_axis',(1.,9.86864910777917E-17,0.));
#6126=DIRECTION('',(0.,0.,1.));
#6127=DIRECTION('',(-1.,-9.86864910777917E-17,0.));
#6128=DIRECTION('center_axis',(0.,0.,1.));
#6129=DIRECTION('ref_axis',(-1.,0.,0.));
#6130=DIRECTION('center_axis',(0.,0.,1.));
#6131=DIRECTION('ref_axis',(-1.,0.,0.));
#6132=DIRECTION('center_axis',(0.,0.,1.));
#6133=DIRECTION('ref_axis',(-1.,0.,0.));
#6134=DIRECTION('axis',(0.,0.,1.));
#6135=DIRECTION('refdir',(1.,0.,0.));
#6136=DIRECTION('center_axis',(-1.,0.,0.));
#6137=DIRECTION('ref_axis',(0.,1.,0.));
#6138=DIRECTION('center_axis',(-1.,0.,0.));
#6139=DIRECTION('ref_axis',(0.,1.,0.));
#6140=DIRECTION('',(-1.,0.,0.));
#6141=DIRECTION('center_axis',(-1.,0.,0.));
#6142=DIRECTION('ref_axis',(0.,1.,0.));
#6143=DIRECTION('center_axis',(1.,0.,0.));
#6144=DIRECTION('ref_axis',(0.,1.,0.));
#6145=DIRECTION('center_axis',(1.,0.,0.));
#6146=DIRECTION('ref_axis',(0.,1.,0.));
#6147=DIRECTION('center_axis',(1.,0.,0.));
#6148=DIRECTION('ref_axis',(0.,1.,0.));
#6149=DIRECTION('',(-0.707106781186548,0.707106781186548,8.65956056235493E-17));
#6150=DIRECTION('center_axis',(-1.,0.,0.));
#6151=DIRECTION('ref_axis',(0.,1.,0.));
#6152=DIRECTION('center_axis',(-1.,0.,0.));
#6153=DIRECTION('ref_axis',(0.,1.,0.));
#6154=DIRECTION('',(-1.,0.,0.));
#6155=DIRECTION('center_axis',(-1.,0.,0.));
#6156=DIRECTION('ref_axis',(0.,1.,0.));
#6157=DIRECTION('center_axis',(-1.,0.,0.));
#6158=DIRECTION('ref_axis',(0.,-1.,0.));
#6159=DIRECTION('center_axis',(1.,0.,0.));
#6160=DIRECTION('ref_axis',(0.,1.,0.));
#6161=DIRECTION('',(0.,0.,1.));
#6162=DIRECTION('center_axis',(1.,0.,0.));
#6163=DIRECTION('ref_axis',(0.,-4.44089209850064E-15,1.));
#6164=DIRECTION('',(0.,-1.,0.));
#6165=DIRECTION('center_axis',(1.,0.,0.));
#6166=DIRECTION('ref_axis',(0.,-1.,0.));
#6167=DIRECTION('',(0.,0.,-1.));
#6168=DIRECTION('center_axis',(1.,0.,0.));
#6169=DIRECTION('ref_axis',(0.,0.,-1.));
#6170=DIRECTION('',(0.,1.,0.));
#6171=DIRECTION('center_axis',(-1.,0.,0.));
#6172=DIRECTION('ref_axis',(0.,1.,0.));
#6173=DIRECTION('center_axis',(-1.,0.,0.));
#6174=DIRECTION('ref_axis',(0.,1.,0.));
#6175=DIRECTION('center_axis',(-1.,0.,0.));
#6176=DIRECTION('ref_axis',(0.,1.,0.));
#6177=DIRECTION('center_axis',(-1.,0.,0.));
#6178=DIRECTION('ref_axis',(0.,1.,0.));
#6179=DIRECTION('center_axis',(1.,0.,0.));
#6180=DIRECTION('ref_axis',(0.,1.,0.));
#6181=DIRECTION('center_axis',(-1.,0.,0.));
#6182=DIRECTION('ref_axis',(0.,1.,0.));
#6183=DIRECTION('',(-1.,0.,0.));
#6184=DIRECTION('center_axis',(-1.,0.,0.));
#6185=DIRECTION('ref_axis',(0.,1.,0.));
#6186=DIRECTION('center_axis',(1.,0.,0.));
#6187=DIRECTION('ref_axis',(0.,1.,0.));
#6188=DIRECTION('center_axis',(-1.,0.,0.));
#6189=DIRECTION('ref_axis',(0.,1.,0.));
#6190=DIRECTION('',(-1.,0.,0.));
#6191=DIRECTION('center_axis',(-1.,0.,0.));
#6192=DIRECTION('ref_axis',(0.,1.,0.));
#6193=DIRECTION('center_axis',(1.,0.,0.));
#6194=DIRECTION('ref_axis',(0.,1.,0.));
#6195=DIRECTION('center_axis',(-1.,0.,0.));
#6196=DIRECTION('ref_axis',(0.,1.,0.));
#6197=DIRECTION('',(-1.,0.,0.));
#6198=DIRECTION('center_axis',(-1.,0.,0.));
#6199=DIRECTION('ref_axis',(0.,1.,0.));
#6200=DIRECTION('center_axis',(1.,0.,0.));
#6201=DIRECTION('ref_axis',(0.,1.,0.));
#6202=DIRECTION('center_axis',(-1.,0.,0.));
#6203=DIRECTION('ref_axis',(0.,1.,0.));
#6204=DIRECTION('',(-1.,0.,0.));
#6205=DIRECTION('center_axis',(-1.,0.,0.));
#6206=DIRECTION('ref_axis',(0.,1.,0.));
#6207=DIRECTION('center_axis',(1.,0.,0.));
#6208=DIRECTION('ref_axis',(0.,1.,0.));
#6209=DIRECTION('center_axis',(0.,1.,0.));
#6210=DIRECTION('ref_axis',(0.,0.,-1.));
#6211=DIRECTION('',(1.,0.,0.));
#6212=DIRECTION('',(0.,0.,-1.));
#6213=DIRECTION('',(-1.,0.,0.));
#6214=DIRECTION('center_axis',(-1.,0.,0.));
#6215=DIRECTION('ref_axis',(0.,-4.44089209850064E-15,1.));
#6216=DIRECTION('center_axis',(-1.,0.,0.));
#6217=DIRECTION('ref_axis',(0.,-4.44089209850064E-15,1.));
#6218=DIRECTION('',(-1.,0.,0.));
#6219=DIRECTION('center_axis',(0.,0.,1.));
#6220=DIRECTION('ref_axis',(0.,1.,0.));
#6221=DIRECTION('',(0.,1.,0.));
#6222=DIRECTION('',(-1.,0.,0.));
#6223=DIRECTION('center_axis',(-1.,0.,0.));
#6224=DIRECTION('ref_axis',(0.,-1.,0.));
#6225=DIRECTION('center_axis',(-1.,0.,0.));
#6226=DIRECTION('ref_axis',(0.,-1.,0.));
#6227=DIRECTION('',(-1.,0.,0.));
#6228=DIRECTION('center_axis',(0.,-1.,0.));
#6229=DIRECTION('ref_axis',(0.,0.,1.));
#6230=DIRECTION('',(0.,0.,1.));
#6231=DIRECTION('',(-1.,0.,0.));
#6232=DIRECTION('center_axis',(-1.,0.,0.));
#6233=DIRECTION('ref_axis',(0.,0.,-1.));
#6234=DIRECTION('center_axis',(-1.,0.,0.));
#6235=DIRECTION('ref_axis',(0.,0.,-1.));
#6236=DIRECTION('',(-1.,0.,0.));
#6237=DIRECTION('center_axis',(0.,0.,-1.));
#6238=DIRECTION('ref_axis',(0.,-1.,0.));
#6239=DIRECTION('',(0.,-1.,0.));
#6240=DIRECTION('',(-1.,0.,0.));
#6241=DIRECTION('center_axis',(-1.,0.,0.));
#6242=DIRECTION('ref_axis',(0.,1.,0.));
#6243=DIRECTION('center_axis',(-1.,0.,0.));
#6244=DIRECTION('ref_axis',(0.,1.,0.));
#6245=DIRECTION('center_axis',(-1.,0.,0.));
#6246=DIRECTION('ref_axis',(0.,-1.,0.));
#6247=DIRECTION('axis',(0.,0.,1.));
#6248=DIRECTION('refdir',(1.,0.,0.));
#6249=DIRECTION('center_axis',(0.,1.,0.));
#6250=DIRECTION('ref_axis',(-1.,0.,0.));
#6251=DIRECTION('',(0.966090344952322,0.,-0.258204270665502));
#6252=DIRECTION('',(0.,0.,1.));
#6253=DIRECTION('',(-0.258204270665503,0.,-0.966090344952322));
#6254=DIRECTION('center_axis',(-1.,0.,0.));
#6255=DIRECTION('ref_axis',(0.,-1.,0.));
#6256=DIRECTION('',(0.,1.,0.));
#6257=DIRECTION('',(0.,0.,1.));
#6258=DIRECTION('',(0.,-1.,0.));
#6259=DIRECTION('center_axis',(0.,-1.,0.));
#6260=DIRECTION('ref_axis',(1.,0.,0.));
#6261=DIRECTION('',(-0.966090344952322,0.,0.258204270665502));
#6262=DIRECTION('',(0.258204270665503,0.,0.966090344952322));
#6263=DIRECTION('center_axis',(-0.258204270665502,0.,-0.966090344952322));
#6264=DIRECTION('ref_axis',(-0.966090344952322,0.,0.258204270665502));
#6265=DIRECTION('',(0.,-1.,0.));
#6266=DIRECTION('',(0.966090344952322,0.,-0.258204270665502));
#6267=DIRECTION('',(0.,1.,0.));
#6268=DIRECTION('',(0.966090344952322,0.,-0.258204270665502));
#6269=DIRECTION('',(0.,-1.,0.));
#6270=DIRECTION('center_axis',(0.,1.,0.));
#6271=DIRECTION('ref_axis',(0.,0.,1.));
#6272=DIRECTION('',(0.258204270665503,0.,0.966090344952322));
#6273=DIRECTION('',(-0.966090344952322,0.,0.258204270665503));
#6274=DIRECTION('',(-0.258204270665503,0.,-0.966090344952322));
#6275=DIRECTION('center_axis',(0.966090344952322,0.,-0.258204270665503));
#6276=DIRECTION('ref_axis',(-0.258204270665503,0.,-0.966090344952322));
#6277=DIRECTION('',(0.,-1.,0.));
#6278=DIRECTION('',(0.258204270665503,0.,0.966090344952322));
#6279=DIRECTION('center_axis',(-0.966090344952322,0.,0.258204270665503));
#6280=DIRECTION('ref_axis',(0.258204270665503,0.,0.966090344952322));
#6281=DIRECTION('',(-0.258204270665503,0.,-0.966090344952322));
#6282=DIRECTION('',(0.,1.,0.));
#6283=DIRECTION('center_axis',(0.,-1.,0.));
#6284=DIRECTION('ref_axis',(0.,0.,-1.));
#6285=DIRECTION('',(0.966090344952322,0.,-0.258204270665503));
#6286=DIRECTION('center_axis',(-0.258204270665503,0.,-0.966090344952322));
#6287=DIRECTION('ref_axis',(-0.966090344952322,0.,0.258204270665503));
#6288=DIRECTION('center_axis',(0.,-1.,0.));
#6289=DIRECTION('ref_axis',(0.,0.,-1.));
#6290=DIRECTION('',(-1.,0.,0.));
#6291=DIRECTION('',(0.,0.,-1.));
#6292=DIRECTION('',(-1.,0.,0.));
#6293=DIRECTION('',(0.,0.,1.));
#6294=DIRECTION('center_axis',(0.,0.,1.));
#6295=DIRECTION('ref_axis',(1.,0.,0.));
#6296=DIRECTION('',(1.,0.,0.));
#6297=DIRECTION('',(0.,-1.,0.));
#6298=DIRECTION('',(0.,-1.,0.));
#6299=DIRECTION('center_axis',(-1.,0.,0.));
#6300=DIRECTION('ref_axis',(0.,-1.,0.));
#6301=DIRECTION('',(0.,0.,1.));
#6302=DIRECTION('',(0.,-1.,0.));
#6303=DIRECTION('center_axis',(0.,0.,1.));
#6304=DIRECTION('ref_axis',(1.,0.,0.));
#6305=DIRECTION('',(-1.,0.,0.));
#6306=DIRECTION('',(0.,1.,0.));
#6307=DIRECTION('center_axis',(1.,0.,0.));
#6308=DIRECTION('ref_axis',(0.,0.,-1.));
#6309=DIRECTION('',(0.,0.,-1.));
#6310=DIRECTION('center_axis',(0.,1.,0.));
#6311=DIRECTION('ref_axis',(0.,0.,1.));
#6312=DIRECTION('axis',(0.,0.,1.));
#6313=DIRECTION('refdir',(1.,0.,0.));
#6314=DIRECTION('center_axis',(1.,0.,0.));
#6315=DIRECTION('ref_axis',(0.,1.,0.));
#6316=DIRECTION('',(0.,1.,-1.99825536485263E-17));
#6317=DIRECTION('center_axis',(1.,0.,0.));
#6318=DIRECTION('ref_axis',(0.,-1.38777878078145E-16,-1.));
#6319=DIRECTION('',(0.,-1.30630180616606E-16,1.));
#6320=DIRECTION('',(0.,-0.999999999999978,2.08616252272971E-7));
#6321=DIRECTION('',(0.,0.,1.));
#6322=DIRECTION('',(0.,-0.999999999999928,-3.79797626769731E-7));
#6323=DIRECTION('',(0.,5.45164425211396E-8,-0.999999999999999));
#6324=DIRECTION('',(0.,-0.707106800461021,0.707106761912074));
#6325=DIRECTION('',(0.,-4.16333627255097E-16,1.));
#6326=DIRECTION('',(0.,0.707106761912074,0.70710680046102));
#6327=DIRECTION('',(0.,0.,-1.));
#6328=DIRECTION('',(0.,1.,0.));
#6329=DIRECTION('',(0.,0.,1.));
#6330=DIRECTION('',(0.,0.999999999999925,-3.87430188819565E-7));
#6331=DIRECTION('',(0.,-8.03645265071683E-17,1.));
#6332=DIRECTION('center_axis',(1.,0.,0.));
#6333=DIRECTION('ref_axis',(0.,1.,4.4408920985006E-15));
#6334=DIRECTION('',(0.,-0.999999999999999,4.58497267503004E-8));
#6335=DIRECTION('',(0.,-2.08616252272972E-7,-0.999999999999978));
#6336=DIRECTION('',(0.,-1.,0.));
#6337=DIRECTION('',(0.,3.79797626769729E-7,-0.999999999999928));
#6338=DIRECTION('',(0.,0.999999999999999,5.45164430034803E-8));
#6339=DIRECTION('',(0.,-0.707106761912074,-0.707106800461021));
#6340=DIRECTION('',(0.,-1.,0.));
#6341=DIRECTION('',(0.,-0.707106800461021,0.707106761912074));
#6342=DIRECTION('',(0.,1.,4.8234068454944E-16));
#6343=DIRECTION('',(0.,0.,1.));
#6344=DIRECTION('',(0.,-1.,0.));
#6345=DIRECTION('',(0.,3.87430188819566E-7,0.999999999999925));
#6346=DIRECTION('',(0.,-0.999999999999999,-4.25747444555272E-8));
#6347=DIRECTION('',(0.,3.87430188819564E-7,-0.999999999999925));
#6348=DIRECTION('',(0.,-1.,0.));
#6349=DIRECTION('',(0.,5.96046794143587E-7,-0.999999999999822));
#6350=DIRECTION('',(0.,1.,-4.8234068454944E-16));
#6351=DIRECTION('',(0.,-0.707106800461021,-0.707106761912073));
#6352=DIRECTION('',(0.,-1.,0.));
#6353=DIRECTION('',(0.,-0.707106761912074,0.707106800461021));
#6354=DIRECTION('',(0.,0.999999999999999,-5.45164430034803E-8));
#6355=DIRECTION('',(0.,-2.16248520763794E-7,0.999999999999977));
#6356=DIRECTION('',(0.,-1.,0.));
#6357=DIRECTION('',(0.,-2.08616250052525E-7,0.999999999999978));
#6358=DIRECTION('',(0.,-0.999999999999999,4.25747491404245E-8));
#6359=DIRECTION('center_axis',(1.,0.,0.));
#6360=DIRECTION('ref_axis',(0.,4.25747526122678E-8,0.999999999999999));
#6361=DIRECTION('',(0.,0.,-1.));
#6362=DIRECTION('',(0.,0.999999999999925,3.87430188819564E-7));
#6363=DIRECTION('',(0.,0.,-1.));
#6364=DIRECTION('',(0.,1.,0.));
#6365=DIRECTION('',(0.,0.,1.));
#6366=DIRECTION('',(0.,0.707106761912074,-0.70710680046102));
#6367=DIRECTION('',(0.,0.,-1.));
#6368=DIRECTION('',(0.,-0.707106800461021,-0.707106761912074));
#6369=DIRECTION('',(0.,5.45164430034803E-8,0.999999999999999));
#6370=DIRECTION('',(0.,-0.999999999999928,3.79797625659508E-7));
#6371=DIRECTION('',(0.,0.,-1.));
#6372=DIRECTION('',(0.,-0.999999999999978,-2.08616250052525E-7));
#6373=DIRECTION('',(0.,0.,-1.));
#6374=DIRECTION('center_axis',(1.,0.,0.));
#6375=DIRECTION('ref_axis',(0.,-1.,-1.38777878078144E-16));
#6376=DIRECTION('',(0.,0.999999999999996,8.51494978581969E-8));
#6377=DIRECTION('',(0.,-3.87430188819567E-7,0.999999999999925));
#6378=DIRECTION('',(0.,1.,0.));
#6379=DIRECTION('',(0.,5.96046794143588E-7,0.999999999999822));
#6380=DIRECTION('',(0.,-1.,-4.8234068454944E-16));
#6381=DIRECTION('',(0.,0.70710680046102,0.707106761912074));
#6382=DIRECTION('',(0.,1.,-1.38777875751699E-16));
#6383=DIRECTION('',(0.,0.707106761912074,-0.707106800461021));
#6384=DIRECTION('',(0.,-0.999999999999998,5.45164430034803E-8));
#6385=DIRECTION('',(0.,-9.75844224836409E-7,-0.999999999999524));
#6386=DIRECTION('',(0.,1.,0.));
#6387=DIRECTION('',(0.,2.08616250052525E-7,-0.999999999999978));
#6388=DIRECTION('',(0.,0.999999999999999,-4.25747467893622E-8));
#6389=DIRECTION('',(0.,2.08616250052525E-7,0.999999999999978));
#6390=DIRECTION('',(0.,1.,-2.77555752020386E-16));
#6391=DIRECTION('',(0.,-3.79797625659508E-7,0.999999999999928));
#6392=DIRECTION('',(0.,-0.999999999999998,-5.45164430034803E-8));
#6393=DIRECTION('',(0.,0.707106761912074,0.707106800461021));
#6394=DIRECTION('',(0.,1.,-1.38777875751699E-16));
#6395=DIRECTION('',(0.,0.70710680046102,-0.707106761912074));
#6396=DIRECTION('',(0.,-1.,2.4117034227472E-16));
#6397=DIRECTION('',(0.,0.,-1.));
#6398=DIRECTION('',(0.,1.,-2.77555752020386E-16));
#6399=DIRECTION('',(0.,-3.87430188819565E-7,-0.999999999999925));
#6400=DIRECTION('',(0.,1.,0.));
#6401=DIRECTION('',(0.,0.707106800461021,-0.707106761912073));
#6402=DIRECTION('',(0.,2.77555751503398E-16,-1.));
#6403=DIRECTION('',(0.,-0.707106761912074,-0.70710680046102));
#6404=DIRECTION('',(0.,-1.,0.));
#6405=DIRECTION('',(0.,-0.707106761912074,0.70710680046102));
#6406=DIRECTION('',(0.,0.,1.));
#6407=DIRECTION('',(0.,0.707106800461021,0.707106761912073));
#6408=DIRECTION('',(0.,0.707106770649835,-0.70710679172326));
#6409=DIRECTION('',(0.,-0.707106791723259,-0.707106770649836));
#6410=DIRECTION('center_axis',(-1.,0.,0.));
#6411=DIRECTION('ref_axis',(0.,0.915828601311591,-0.401569387552955));
#6412=DIRECTION('',(0.,0.707106770649835,-0.70710679172326));
#6413=DIRECTION('',(0.,-0.707106791723259,-0.707106770649836));
#6414=DIRECTION('',(0.,-0.707106770649836,0.707106791723259));
#6415=DIRECTION('center_axis',(-1.,0.,0.));
#6416=DIRECTION('ref_axis',(0.,-0.401569387552955,-0.915828601311591));
#6417=DIRECTION('',(0.,-0.70710679172326,-0.707106770649835));
#6418=DIRECTION('',(0.,-0.707106770649837,0.707106791723258));
#6419=DIRECTION('',(0.,0.70710679172326,0.707106770649835));
#6420=DIRECTION('center_axis',(-1.,0.,0.));
#6421=DIRECTION('ref_axis',(0.,-0.915828601311591,0.401569387552954));
#6422=DIRECTION('',(0.,-0.707106770649836,0.707106791723259));
#6423=DIRECTION('',(0.,0.707106791723258,0.707106770649837));
#6424=DIRECTION('',(0.,0.707106770649835,-0.70710679172326));
#6425=DIRECTION('center_axis',(-1.,0.,0.));
#6426=DIRECTION('ref_axis',(0.,0.401569387552955,0.915828601311591));
#6427=DIRECTION('',(0.,0.70710679172326,0.707106770649835));
#6428=DIRECTION('',(0.,-0.70710679172326,-0.707106770649835));
#6429=DIRECTION('',(0.,-0.707106770649834,0.707106791723261));
#6430=DIRECTION('center_axis',(-1.,0.,0.));
#6431=DIRECTION('ref_axis',(0.,-0.401569218042231,-0.915828675638054));
#6432=DIRECTION('',(0.,-0.707106791723261,-0.707106770649834));
#6433=DIRECTION('',(0.,-0.707106770649834,0.707106791723261));
#6434=DIRECTION('',(0.,0.707106791723261,0.707106770649834));
#6435=DIRECTION('center_axis',(-1.,0.,0.));
#6436=DIRECTION('ref_axis',(0.,-0.915828675638054,0.40156921804223));
#6437=DIRECTION('',(0.,-0.707106770649834,0.707106791723261));
#6438=DIRECTION('',(0.,0.70710679172326,0.707106770649835));
#6439=DIRECTION('',(0.,0.707106770649834,-0.707106791723261));
#6440=DIRECTION('center_axis',(-1.,0.,0.));
#6441=DIRECTION('ref_axis',(0.,0.401569218042229,0.915828675638054));
#6442=DIRECTION('',(0.,0.707106791723263,0.707106770649832));
#6443=DIRECTION('',(0.,0.707106770649834,-0.707106791723261));
#6444=DIRECTION('',(0.,-0.707106791723261,-0.707106770649834));
#6445=DIRECTION('center_axis',(-1.,0.,0.));
#6446=DIRECTION('ref_axis',(0.,0.915828675638054,-0.40156921804223));
#6447=DIRECTION('',(0.,0.707106770649834,-0.707106791723261));
#6448=DIRECTION('center_axis',(0.,0.707106791723261,0.707106770649834));
#6449=DIRECTION('ref_axis',(0.,-0.707106770649834,0.707106791723261));
#6450=DIRECTION('',(1.,0.,0.));
#6451=DIRECTION('',(0.,-0.707106770649834,0.707106791723261));
#6452=DIRECTION('',(1.,0.,0.));
#6453=DIRECTION('center_axis',(1.,0.,0.));
#6454=DIRECTION('ref_axis',(0.,-0.915828675638054,0.40156921804223));
#6455=DIRECTION('',(1.,0.,0.));
#6456=DIRECTION('center_axis',(-1.,0.,0.));
#6457=DIRECTION('ref_axis',(0.,-0.915828675638054,0.40156921804223));
#6458=DIRECTION('center_axis',(0.,0.707106770649834,-0.707106791723261));
#6459=DIRECTION('ref_axis',(0.,0.707106791723261,0.707106770649834));
#6460=DIRECTION('',(1.,0.,0.));
#6461=DIRECTION('',(0.,0.707106791723261,0.707106770649834));
#6462=DIRECTION('center_axis',(0.,0.707106791723261,0.707106770649834));
#6463=DIRECTION('ref_axis',(0.,-0.707106770649834,0.707106791723261));
#6464=DIRECTION('',(1.,0.,0.));
#6465=DIRECTION('',(0.,-0.707106770649834,0.707106791723261));
#6466=DIRECTION('center_axis',(0.,-0.707106770649834,0.707106791723261));
#6467=DIRECTION('ref_axis',(0.,-0.707106791723261,-0.707106770649834));
#6468=DIRECTION('',(1.,0.,0.));
#6469=DIRECTION('',(0.,-0.707106791723261,-0.707106770649834));
#6470=DIRECTION('center_axis',(1.,0.,0.));
#6471=DIRECTION('ref_axis',(0.,-0.401569218042231,-0.915828675638054));
#6472=DIRECTION('',(1.,0.,0.));
#6473=DIRECTION('center_axis',(-1.,0.,0.));
#6474=DIRECTION('ref_axis',(0.,-0.401569218042231,-0.915828675638054));
#6475=DIRECTION('center_axis',(0.,0.707106791723261,0.707106770649834));
#6476=DIRECTION('ref_axis',(0.,-0.707106770649834,0.707106791723261));
#6477=DIRECTION('',(1.,0.,0.));
#6478=DIRECTION('',(0.,-0.707106770649834,0.707106791723261));
#6479=DIRECTION('center_axis',(0.,-0.707106770649835,0.70710679172326));
#6480=DIRECTION('ref_axis',(0.,-0.70710679172326,-0.707106770649835));
#6481=DIRECTION('',(1.,0.,0.));
#6482=DIRECTION('',(0.,-0.70710679172326,-0.707106770649835));
#6483=DIRECTION('center_axis',(0.,-0.707106770649835,0.70710679172326));
#6484=DIRECTION('ref_axis',(0.,-0.70710679172326,-0.707106770649835));
#6485=DIRECTION('',(1.,0.,0.));
#6486=DIRECTION('',(0.,-0.70710679172326,-0.707106770649835));
#6487=DIRECTION('',(1.,0.,0.));
#6488=DIRECTION('center_axis',(1.,0.,0.));
#6489=DIRECTION('ref_axis',(0.,-0.401569387552955,-0.915828601311591));
#6490=DIRECTION('',(1.,0.,0.));
#6491=DIRECTION('center_axis',(-1.,0.,0.));
#6492=DIRECTION('ref_axis',(0.,-0.401569387552955,-0.915828601311591));
#6493=DIRECTION('center_axis',(0.,0.707106791723259,0.707106770649836));
#6494=DIRECTION('ref_axis',(0.,-0.707106770649836,0.707106791723259));
#6495=DIRECTION('',(1.,0.,0.));
#6496=DIRECTION('',(0.,-0.707106770649836,0.707106791723259));
#6497=DIRECTION('center_axis',(0.,-0.707106770649836,0.707106791723259));
#6498=DIRECTION('ref_axis',(0.,-0.707106791723259,-0.707106770649836));
#6499=DIRECTION('',(1.,0.,0.));
#6500=DIRECTION('',(0.,-0.707106791723259,-0.707106770649836));
#6501=DIRECTION('center_axis',(0.,-0.70710679172326,-0.707106770649835));
#6502=DIRECTION('ref_axis',(0.,0.707106770649835,-0.70710679172326));
#6503=DIRECTION('',(1.,0.,0.));
#6504=DIRECTION('',(0.,0.707106770649835,-0.70710679172326));
#6505=DIRECTION('center_axis',(1.,0.,0.));
#6506=DIRECTION('ref_axis',(0.,0.915828601311591,-0.401569387552955));
#6507=DIRECTION('',(1.,0.,0.));
#6508=DIRECTION('center_axis',(-1.,0.,0.));
#6509=DIRECTION('ref_axis',(0.,0.915828601311591,-0.401569387552955));
#6510=DIRECTION('center_axis',(0.,-0.707106770649836,0.707106791723259));
#6511=DIRECTION('ref_axis',(0.,-0.707106791723259,-0.707106770649836));
#6512=DIRECTION('',(1.,0.,0.));
#6513=DIRECTION('',(0.,-0.707106791723259,-0.707106770649836));
#6514=DIRECTION('center_axis',(0.,-0.70710679172326,-0.707106770649835));
#6515=DIRECTION('ref_axis',(0.,0.707106770649835,-0.70710679172326));
#6516=DIRECTION('',(1.,0.,0.));
#6517=DIRECTION('',(0.,0.707106770649835,-0.70710679172326));
#6518=DIRECTION('center_axis',(0.,-0.70710680046102,0.707106761912074));
#6519=DIRECTION('ref_axis',(0.,-0.707106761912074,-0.70710680046102));
#6520=DIRECTION('',(1.,0.,0.));
#6521=DIRECTION('',(0.,-0.707106761912074,-0.70710680046102));
#6522=DIRECTION('',(1.,0.,0.));
#6523=DIRECTION('center_axis',(0.,-1.,-2.77555751503398E-16));
#6524=DIRECTION('ref_axis',(0.,2.77555751503398E-16,-1.));
#6525=DIRECTION('',(1.,0.,0.));
#6526=DIRECTION('',(0.,2.77555751503398E-16,-1.));
#6527=DIRECTION('center_axis',(0.,-0.707106761912073,-0.707106800461021));
#6528=DIRECTION('ref_axis',(0.,0.707106800461021,-0.707106761912073));
#6529=DIRECTION('',(1.,0.,0.));
#6530=DIRECTION('',(0.,0.707106800461021,-0.707106761912073));
#6531=DIRECTION('center_axis',(0.,0.,-1.));
#6532=DIRECTION('ref_axis',(0.,1.,0.));
#6533=DIRECTION('',(1.,0.,0.));
#6534=DIRECTION('',(0.,1.,0.));
#6535=DIRECTION('center_axis',(0.,0.999999999999978,2.08616250052525E-7));
#6536=DIRECTION('ref_axis',(0.,-2.08616250052525E-7,0.999999999999978));
#6537=DIRECTION('',(1.,0.,0.));
#6538=DIRECTION('',(0.,-2.08616250052525E-7,0.999999999999978));
#6539=DIRECTION('',(1.,0.,0.));
#6540=DIRECTION('center_axis',(0.,0.,1.));
#6541=DIRECTION('ref_axis',(0.,-1.,0.));
#6542=DIRECTION('',(1.,0.,0.));
#6543=DIRECTION('',(0.,1.,0.));
#6544=DIRECTION('center_axis',(0.,0.999999999999977,2.16248520763794E-7));
#6545=DIRECTION('ref_axis',(0.,-2.16248520763794E-7,0.999999999999977));
#6546=DIRECTION('',(1.,0.,0.));
#6547=DIRECTION('',(0.,-2.16248520763794E-7,0.999999999999977));
#6548=DIRECTION('center_axis',(0.,-5.45164430034803E-8,-0.999999999999999));
#6549=DIRECTION('ref_axis',(0.,0.999999999999999,-5.45164430034803E-8));
#6550=DIRECTION('',(1.,0.,0.));
#6551=DIRECTION('',(0.,-0.999999999999998,5.45164430034803E-8));
#6552=DIRECTION('center_axis',(0.,0.707106800461021,0.707106761912074));
#6553=DIRECTION('ref_axis',(0.,-0.707106761912074,0.707106800461021));
#6554=DIRECTION('',(1.,0.,0.));
#6555=DIRECTION('',(0.,0.707106761912074,-0.707106800461021));
#6556=DIRECTION('center_axis',(0.,0.,1.));
#6557=DIRECTION('ref_axis',(0.,-1.,0.));
#6558=DIRECTION('',(1.,0.,0.));
#6559=DIRECTION('',(0.,-1.,0.));
#6560=DIRECTION('center_axis',(0.,-0.707106761912073,0.707106800461021));
#6561=DIRECTION('ref_axis',(0.,-0.707106800461021,-0.707106761912073));
#6562=DIRECTION('',(1.,0.,0.));
#6563=DIRECTION('',(0.,-0.707106800461021,-0.707106761912073));
#6564=DIRECTION('center_axis',(0.,-4.8234068454944E-16,-1.));
#6565=DIRECTION('ref_axis',(0.,1.,-4.8234068454944E-16));
#6566=DIRECTION('',(1.,0.,0.));
#6567=DIRECTION('',(0.,1.,-4.8234068454944E-16));
#6568=DIRECTION('center_axis',(0.,-0.999999999999822,-5.96046794143587E-7));
#6569=DIRECTION('ref_axis',(0.,5.96046794143587E-7,-0.999999999999822));
#6570=DIRECTION('',(1.,0.,0.));
#6571=DIRECTION('',(0.,5.96046794143587E-7,-0.999999999999822));
#6572=DIRECTION('center_axis',(0.,0.,1.));
#6573=DIRECTION('ref_axis',(0.,-1.,0.));
#6574=DIRECTION('',(1.,0.,0.));
#6575=DIRECTION('',(0.,-1.,0.));
#6576=DIRECTION('center_axis',(0.,-0.999999999999925,-3.87430188819564E-7));
#6577=DIRECTION('ref_axis',(0.,3.87430188819564E-7,-0.999999999999925));
#6578=DIRECTION('',(1.,0.,0.));
#6579=DIRECTION('',(0.,3.87430188819564E-7,-0.999999999999925));
#6580=DIRECTION('center_axis',(0.,-4.25747444555272E-8,0.999999999999999));
#6581=DIRECTION('ref_axis',(0.,-0.999999999999999,-4.25747444555272E-8));
#6582=DIRECTION('',(1.,0.,0.));
#6583=DIRECTION('',(0.,0.999999999999999,4.25747444555272E-8));
#6584=DIRECTION('center_axis',(0.,0.999999999999925,-3.87430188819566E-7));
#6585=DIRECTION('ref_axis',(0.,3.87430188819566E-7,0.999999999999925));
#6586=DIRECTION('',(1.,0.,0.));
#6587=DIRECTION('',(0.,-3.87430188819566E-7,-0.999999999999925));
#6588=DIRECTION('center_axis',(0.,0.,1.));
#6589=DIRECTION('ref_axis',(0.,-1.,0.));
#6590=DIRECTION('',(1.,0.,0.));
#6591=DIRECTION('',(0.,1.,0.));
#6592=DIRECTION('center_axis',(0.,1.,0.));
#6593=DIRECTION('ref_axis',(0.,0.,1.));
#6594=DIRECTION('',(1.,0.,0.));
#6595=DIRECTION('',(0.,0.,-1.));
#6596=DIRECTION('center_axis',(0.,4.8234068454944E-16,-1.));
#6597=DIRECTION('ref_axis',(0.,1.,4.8234068454944E-16));
#6598=DIRECTION('',(1.,0.,0.));
#6599=DIRECTION('',(0.,-1.,-4.8234068454944E-16));
#6600=DIRECTION('center_axis',(0.,0.707106761912074,0.707106800461021));
#6601=DIRECTION('ref_axis',(0.,-0.707106800461021,0.707106761912074));
#6602=DIRECTION('',(1.,0.,0.));
#6603=DIRECTION('',(0.,0.707106800461021,-0.707106761912074));
#6604=DIRECTION('center_axis',(0.,0.,1.));
#6605=DIRECTION('ref_axis',(0.,-1.,0.));
#6606=DIRECTION('',(1.,0.,0.));
#6607=DIRECTION('',(0.,-1.,0.));
#6608=DIRECTION('center_axis',(0.,-0.707106800461021,0.707106761912074));
#6609=DIRECTION('ref_axis',(0.,-0.707106761912074,-0.707106800461021));
#6610=DIRECTION('',(1.,0.,0.));
#6611=DIRECTION('',(0.,-0.707106761912074,-0.707106800461021));
#6612=DIRECTION('center_axis',(0.,5.45164430034803E-8,-0.999999999999999));
#6613=DIRECTION('ref_axis',(0.,0.999999999999999,5.45164430034803E-8));
#6614=DIRECTION('',(1.,0.,0.));
#6615=DIRECTION('',(0.,0.999999999999998,5.45164430034803E-8));
#6616=DIRECTION('center_axis',(0.,-0.999999999999928,-3.79797626769729E-7));
#6617=DIRECTION('ref_axis',(0.,3.79797626769729E-7,-0.999999999999928));
#6618=DIRECTION('',(1.,0.,0.));
#6619=DIRECTION('',(0.,-3.79797626769729E-7,0.999999999999928));
#6620=DIRECTION('center_axis',(0.,0.,1.));
#6621=DIRECTION('ref_axis',(0.,-1.,0.));
#6622=DIRECTION('',(1.,0.,0.));
#6623=DIRECTION('',(0.,-1.,0.));
#6624=DIRECTION('center_axis',(0.,-0.999999999999978,2.08616252272972E-7));
#6625=DIRECTION('ref_axis',(0.,-2.08616252272972E-7,-0.999999999999978));
#6626=DIRECTION('',(1.,0.,0.));
#6627=DIRECTION('',(0.,2.08616252272972E-7,0.999999999999978));
#6628=DIRECTION('center_axis',(0.,4.58497267503004E-8,0.999999999999999));
#6629=DIRECTION('ref_axis',(0.,-0.999999999999999,4.58497267503004E-8));
#6630=DIRECTION('',(1.,0.,0.));
#6631=DIRECTION('',(0.,0.999999999999999,-4.58497267503004E-8));
#6632=DIRECTION('center_axis',(1.,0.,0.));
#6633=DIRECTION('ref_axis',(0.,1.,4.4408920985006E-15));
#6634=DIRECTION('',(1.,0.,0.));
#6635=DIRECTION('center_axis',(1.,0.,0.));
#6636=DIRECTION('ref_axis',(0.,1.,4.4408920985006E-15));
#6637=DIRECTION('center_axis',(0.,1.,8.03645265071683E-17));
#6638=DIRECTION('ref_axis',(0.,-8.03645265071683E-17,1.));
#6639=DIRECTION('',(1.,0.,0.));
#6640=DIRECTION('',(0.,8.03645265071683E-17,-1.));
#6641=DIRECTION('center_axis',(0.,-3.87430188819565E-7,-0.999999999999925));
#6642=DIRECTION('ref_axis',(0.,0.999999999999925,-3.87430188819565E-7));
#6643=DIRECTION('',(1.,0.,0.));
#6644=DIRECTION('',(0.,-0.999999999999925,3.87430188819565E-7));
#6645=DIRECTION('center_axis',(0.,1.,0.));
#6646=DIRECTION('ref_axis',(0.,0.,1.));
#6647=DIRECTION('',(1.,0.,0.));
#6648=DIRECTION('',(0.,0.,-1.));
#6649=DIRECTION('center_axis',(0.,0.,-1.));
#6650=DIRECTION('ref_axis',(0.,1.,0.));
#6651=DIRECTION('',(1.,0.,0.));
#6652=DIRECTION('',(0.,-1.,0.));
#6653=DIRECTION('center_axis',(0.,-1.,0.));
#6654=DIRECTION('ref_axis',(0.,0.,-1.));
#6655=DIRECTION('',(1.,0.,0.));
#6656=DIRECTION('',(0.,0.,1.));
#6657=DIRECTION('center_axis',(0.,0.70710680046102,-0.707106761912074));
#6658=DIRECTION('ref_axis',(0.,0.707106761912074,0.70710680046102));
#6659=DIRECTION('',(1.,0.,0.));
#6660=DIRECTION('',(0.,-0.707106761912074,-0.70710680046102));
#6661=DIRECTION('center_axis',(0.,1.,4.16333627255097E-16));
#6662=DIRECTION('ref_axis',(0.,-4.16333627255097E-16,1.));
#6663=DIRECTION('',(1.,0.,0.));
#6664=DIRECTION('',(0.,-4.16333627255097E-16,1.));
#6665=DIRECTION('center_axis',(0.,0.707106761912074,0.707106800461021));
#6666=DIRECTION('ref_axis',(0.,-0.707106800461021,0.707106761912074));
#6667=DIRECTION('',(1.,0.,0.));
#6668=DIRECTION('',(0.,-0.707106800461021,0.707106761912074));
#6669=DIRECTION('center_axis',(0.,-0.999999999999999,-5.45164425211396E-8));
#6670=DIRECTION('ref_axis',(0.,5.45164425211396E-8,-0.999999999999999));
#6671=DIRECTION('',(1.,0.,0.));
#6672=DIRECTION('',(0.,5.45164425211396E-8,-0.999999999999999));
#6673=DIRECTION('center_axis',(0.,-3.79797626769731E-7,0.999999999999928));
#6674=DIRECTION('ref_axis',(0.,-0.999999999999928,-3.79797626769731E-7));
#6675=DIRECTION('',(1.,0.,0.));
#6676=DIRECTION('',(0.,0.999999999999928,3.79797626769731E-7));
#6677=DIRECTION('center_axis',(0.,1.,0.));
#6678=DIRECTION('ref_axis',(0.,0.,1.));
#6679=DIRECTION('',(1.,0.,0.));
#6680=DIRECTION('',(0.,0.,1.));
#6681=DIRECTION('center_axis',(0.,2.08616252272971E-7,0.999999999999978));
#6682=DIRECTION('ref_axis',(0.,-0.999999999999978,2.08616252272971E-7));
#6683=DIRECTION('',(1.,0.,0.));
#6684=DIRECTION('',(0.,0.999999999999978,-2.08616252272971E-7));
#6685=DIRECTION('center_axis',(0.,1.,1.30630180616606E-16));
#6686=DIRECTION('ref_axis',(0.,-1.30630180616606E-16,1.));
#6687=DIRECTION('',(1.,0.,0.));
#6688=DIRECTION('',(0.,1.30630180616606E-16,-1.));
#6689=DIRECTION('center_axis',(1.,0.,0.));
#6690=DIRECTION('ref_axis',(0.,-1.38777878078145E-16,-1.));
#6691=DIRECTION('',(1.,0.,0.));
#6692=DIRECTION('center_axis',(1.,0.,0.));
#6693=DIRECTION('ref_axis',(0.,-1.38777878078145E-16,-1.));
#6694=DIRECTION('center_axis',(0.,-1.99825536485263E-17,-1.));
#6695=DIRECTION('ref_axis',(0.,1.,-1.99825536485263E-17));
#6696=DIRECTION('',(1.,0.,0.));
#6697=DIRECTION('',(0.,-1.,1.99825536485263E-17));
#6698=DIRECTION('center_axis',(0.,-0.707106791723261,-0.707106770649834));
#6699=DIRECTION('ref_axis',(0.,0.707106770649834,-0.707106791723261));
#6700=DIRECTION('',(1.,0.,0.));
#6701=DIRECTION('',(0.,0.707106770649834,-0.707106791723261));
#6702=DIRECTION('center_axis',(1.,0.,0.));
#6703=DIRECTION('ref_axis',(0.,0.915828675638054,-0.40156921804223));
#6704=DIRECTION('',(1.,0.,0.));
#6705=DIRECTION('center_axis',(-1.,0.,0.));
#6706=DIRECTION('ref_axis',(0.,0.915828675638054,-0.40156921804223));
#6707=DIRECTION('center_axis',(0.,-0.707106770649834,0.707106791723261));
#6708=DIRECTION('ref_axis',(0.,-0.707106791723261,-0.707106770649834));
#6709=DIRECTION('',(1.,0.,0.));
#6710=DIRECTION('',(0.,-0.707106791723261,-0.707106770649834));
#6711=DIRECTION('center_axis',(0.,-0.707106791723261,-0.707106770649834));
#6712=DIRECTION('ref_axis',(0.,0.707106770649834,-0.707106791723261));
#6713=DIRECTION('',(1.,0.,0.));
#6714=DIRECTION('',(0.,0.707106770649834,-0.707106791723261));
#6715=DIRECTION('center_axis',(0.,0.707106770649832,-0.707106791723263));
#6716=DIRECTION('ref_axis',(0.,0.707106791723263,0.707106770649832));
#6717=DIRECTION('',(1.,0.,0.));
#6718=DIRECTION('',(0.,0.707106791723263,0.707106770649832));
#6719=DIRECTION('center_axis',(1.,0.,0.));
#6720=DIRECTION('ref_axis',(0.,0.401569218042229,0.915828675638054));
#6721=DIRECTION('',(1.,0.,0.));
#6722=DIRECTION('center_axis',(-1.,0.,0.));
#6723=DIRECTION('ref_axis',(0.,0.401569218042229,0.915828675638054));
#6724=DIRECTION('center_axis',(0.,-0.707106791723261,-0.707106770649834));
#6725=DIRECTION('ref_axis',(0.,0.707106770649834,-0.707106791723261));
#6726=DIRECTION('',(1.,0.,0.));
#6727=DIRECTION('',(0.,0.707106770649834,-0.707106791723261));
#6728=DIRECTION('center_axis',(0.,0.707106770649835,-0.70710679172326));
#6729=DIRECTION('ref_axis',(0.,0.70710679172326,0.707106770649835));
#6730=DIRECTION('',(0.,0.70710679172326,0.707106770649835));
#6731=DIRECTION('center_axis',(0.,0.707106770649835,-0.70710679172326));
#6732=DIRECTION('ref_axis',(0.,0.70710679172326,0.707106770649835));
#6733=DIRECTION('',(1.,0.,0.));
#6734=DIRECTION('',(0.,0.70710679172326,0.707106770649835));
#6735=DIRECTION('center_axis',(1.,0.,0.));
#6736=DIRECTION('ref_axis',(0.,0.401569387552955,0.915828601311591));
#6737=DIRECTION('',(1.,0.,0.));
#6738=DIRECTION('center_axis',(-1.,0.,0.));
#6739=DIRECTION('ref_axis',(0.,0.401569387552955,0.915828601311591));
#6740=DIRECTION('center_axis',(0.,-0.70710679172326,-0.707106770649835));
#6741=DIRECTION('ref_axis',(0.,0.707106770649835,-0.70710679172326));
#6742=DIRECTION('',(1.,0.,0.));
#6743=DIRECTION('',(0.,0.707106770649835,-0.70710679172326));
#6744=DIRECTION('center_axis',(0.,0.707106770649837,-0.707106791723258));
#6745=DIRECTION('ref_axis',(0.,0.707106791723258,0.707106770649837));
#6746=DIRECTION('',(1.,0.,0.));
#6747=DIRECTION('',(0.,0.707106791723258,0.707106770649837));
#6748=DIRECTION('center_axis',(0.,0.707106791723259,0.707106770649836));
#6749=DIRECTION('ref_axis',(0.,-0.707106770649836,0.707106791723259));
#6750=DIRECTION('',(1.,0.,0.));
#6751=DIRECTION('',(0.,-0.707106770649836,0.707106791723259));
#6752=DIRECTION('center_axis',(1.,0.,0.));
#6753=DIRECTION('ref_axis',(0.,-0.915828601311591,0.401569387552954));
#6754=DIRECTION('',(1.,0.,0.));
#6755=DIRECTION('center_axis',(-1.,0.,0.));
#6756=DIRECTION('ref_axis',(0.,-0.915828601311591,0.401569387552954));
#6757=DIRECTION('center_axis',(0.,0.707106770649835,-0.70710679172326));
#6758=DIRECTION('ref_axis',(0.,0.70710679172326,0.707106770649835));
#6759=DIRECTION('',(1.,0.,0.));
#6760=DIRECTION('',(0.,0.70710679172326,0.707106770649835));
#6761=DIRECTION('center_axis',(0.,0.707106791723258,0.707106770649837));
#6762=DIRECTION('ref_axis',(0.,-0.707106770649837,0.707106791723258));
#6763=DIRECTION('',(0.,-0.707106770649837,0.707106791723258));
#6764=DIRECTION('center_axis',(0.,0.707106761912073,-0.707106800461021));
#6765=DIRECTION('ref_axis',(0.,0.707106800461021,0.707106761912073));
#6766=DIRECTION('',(1.,0.,0.));
#6767=DIRECTION('',(0.,0.707106800461021,0.707106761912073));
#6768=DIRECTION('center_axis',(0.,1.,0.));
#6769=DIRECTION('ref_axis',(0.,0.,1.));
#6770=DIRECTION('',(1.,0.,0.));
#6771=DIRECTION('',(0.,0.,1.));
#6772=DIRECTION('center_axis',(0.,0.70710680046102,0.707106761912074));
#6773=DIRECTION('ref_axis',(0.,-0.707106761912074,0.70710680046102));
#6774=DIRECTION('',(1.,0.,0.));
#6775=DIRECTION('',(0.,-0.707106761912074,0.70710680046102));
#6776=DIRECTION('center_axis',(0.,0.,1.));
#6777=DIRECTION('ref_axis',(0.,-1.,0.));
#6778=DIRECTION('',(0.,-1.,0.));
#6779=DIRECTION('center_axis',(0.,-0.999999999999925,3.87430188819565E-7));
#6780=DIRECTION('ref_axis',(0.,-3.87430188819565E-7,-0.999999999999925));
#6781=DIRECTION('',(1.,0.,0.));
#6782=DIRECTION('',(0.,3.87430188819565E-7,0.999999999999925));
#6783=DIRECTION('center_axis',(0.,-2.77555752020386E-16,-1.));
#6784=DIRECTION('ref_axis',(0.,1.,-2.77555752020386E-16));
#6785=DIRECTION('',(1.,0.,0.));
#6786=DIRECTION('',(0.,-1.,2.77555752020386E-16));
#6787=DIRECTION('center_axis',(0.,-1.,0.));
#6788=DIRECTION('ref_axis',(0.,0.,-1.));
#6789=DIRECTION('',(1.,0.,0.));
#6790=DIRECTION('',(0.,0.,1.));
#6791=DIRECTION('center_axis',(0.,2.4117034227472E-16,1.));
#6792=DIRECTION('ref_axis',(0.,-1.,2.4117034227472E-16));
#6793=DIRECTION('',(1.,0.,0.));
#6794=DIRECTION('',(0.,1.,-2.4117034227472E-16));
#6795=DIRECTION('center_axis',(0.,-0.707106761912074,-0.70710680046102));
#6796=DIRECTION('ref_axis',(0.,0.70710680046102,-0.707106761912074));
#6797=DIRECTION('',(1.,0.,0.));
#6798=DIRECTION('',(0.,-0.70710680046102,0.707106761912074));
#6799=DIRECTION('center_axis',(0.,-1.38777875751699E-16,-1.));
#6800=DIRECTION('ref_axis',(0.,1.,-1.38777875751699E-16));
#6801=DIRECTION('',(1.,0.,0.));
#6802=DIRECTION('',(0.,1.,-1.38777875751699E-16));
#6803=DIRECTION('center_axis',(0.,0.707106800461021,-0.707106761912074));
#6804=DIRECTION('ref_axis',(0.,0.707106761912074,0.707106800461021));
#6805=DIRECTION('',(1.,0.,0.));
#6806=DIRECTION('',(0.,0.707106761912074,0.707106800461021));
#6807=DIRECTION('center_axis',(0.,-5.45164430034803E-8,0.999999999999999));
#6808=DIRECTION('ref_axis',(0.,-0.999999999999999,-5.45164430034803E-8));
#6809=DIRECTION('',(1.,0.,0.));
#6810=DIRECTION('',(0.,-0.999999999999998,-5.45164430034803E-8));
#6811=DIRECTION('center_axis',(0.,0.999999999999928,3.79797625659508E-7));
#6812=DIRECTION('ref_axis',(0.,-3.79797625659508E-7,0.999999999999928));
#6813=DIRECTION('',(1.,0.,0.));
#6814=DIRECTION('',(0.,3.79797625659508E-7,-0.999999999999928));
#6815=DIRECTION('center_axis',(0.,-2.77555752020386E-16,-1.));
#6816=DIRECTION('ref_axis',(0.,1.,-2.77555752020386E-16));
#6817=DIRECTION('',(1.,0.,0.));
#6818=DIRECTION('',(0.,1.,-2.77555752020386E-16));
#6819=DIRECTION('center_axis',(0.,0.999999999999978,-2.08616250052525E-7));
#6820=DIRECTION('ref_axis',(0.,2.08616250052525E-7,0.999999999999978));
#6821=DIRECTION('',(1.,0.,0.));
#6822=DIRECTION('',(0.,-2.08616250052525E-7,-0.999999999999978));
#6823=DIRECTION('center_axis',(0.,-4.25747467893622E-8,-0.999999999999999));
#6824=DIRECTION('ref_axis',(0.,0.999999999999999,-4.25747467893622E-8));
#6825=DIRECTION('',(1.,0.,0.));
#6826=DIRECTION('',(0.,-0.999999999999999,4.25747467893622E-8));
#6827=DIRECTION('center_axis',(0.,-0.999999999999978,-2.08616250052525E-7));
#6828=DIRECTION('ref_axis',(0.,2.08616250052525E-7,-0.999999999999978));
#6829=DIRECTION('',(1.,0.,0.));
#6830=DIRECTION('',(0.,2.08616250052525E-7,-0.999999999999978));
#6831=DIRECTION('center_axis',(0.,0.,-1.));
#6832=DIRECTION('ref_axis',(0.,1.,0.));
#6833=DIRECTION('',(1.,0.,0.));
#6834=DIRECTION('',(0.,-1.,0.));
#6835=DIRECTION('center_axis',(0.,-0.999999999999524,9.75844224836409E-7));
#6836=DIRECTION('ref_axis',(0.,-9.75844224836409E-7,-0.999999999999524));
#6837=DIRECTION('',(1.,0.,0.));
#6838=DIRECTION('',(0.,-9.75844224836409E-7,-0.999999999999524));
#6839=DIRECTION('center_axis',(0.,5.45164430034803E-8,0.999999999999999));
#6840=DIRECTION('ref_axis',(0.,-0.999999999999999,5.45164430034803E-8));
#6841=DIRECTION('',(1.,0.,0.));
#6842=DIRECTION('',(0.,0.999999999999998,-5.45164430034803E-8));
#6843=DIRECTION('center_axis',(0.,-0.707106800461021,-0.707106761912074));
#6844=DIRECTION('ref_axis',(0.,0.707106761912074,-0.707106800461021));
#6845=DIRECTION('',(1.,0.,0.));
#6846=DIRECTION('',(0.,-0.707106761912074,0.707106800461021));
#6847=DIRECTION('center_axis',(0.,-1.38777875751699E-16,-1.));
#6848=DIRECTION('ref_axis',(0.,1.,-1.38777875751699E-16));
#6849=DIRECTION('',(1.,0.,0.));
#6850=DIRECTION('',(0.,1.,-1.38777875751699E-16));
#6851=DIRECTION('center_axis',(0.,0.707106761912074,-0.70710680046102));
#6852=DIRECTION('ref_axis',(0.,0.70710680046102,0.707106761912074));
#6853=DIRECTION('',(1.,0.,0.));
#6854=DIRECTION('',(0.,0.70710680046102,0.707106761912074));
#6855=DIRECTION('center_axis',(0.,-4.8234068454944E-16,1.));
#6856=DIRECTION('ref_axis',(0.,-1.,-4.8234068454944E-16));
#6857=DIRECTION('',(1.,0.,0.));
#6858=DIRECTION('',(0.,-1.,-4.8234068454944E-16));
#6859=DIRECTION('center_axis',(0.,0.999999999999822,-5.96046794143588E-7));
#6860=DIRECTION('ref_axis',(0.,5.96046794143588E-7,0.999999999999822));
#6861=DIRECTION('',(1.,0.,0.));
#6862=DIRECTION('',(0.,5.96046794143588E-7,0.999999999999822));
#6863=DIRECTION('center_axis',(0.,0.,-1.));
#6864=DIRECTION('ref_axis',(0.,1.,0.));
#6865=DIRECTION('',(1.,0.,0.));
#6866=DIRECTION('',(0.,1.,0.));
#6867=DIRECTION('center_axis',(0.,0.999999999999925,3.87430188819567E-7));
#6868=DIRECTION('ref_axis',(0.,-3.87430188819567E-7,0.999999999999925));
#6869=DIRECTION('',(1.,0.,0.));
#6870=DIRECTION('',(0.,-3.87430188819567E-7,0.999999999999925));
#6871=DIRECTION('center_axis',(0.,8.51494978581969E-8,-0.999999999999996));
#6872=DIRECTION('ref_axis',(0.,0.999999999999996,8.51494978581969E-8));
#6873=DIRECTION('',(1.,0.,0.));
#6874=DIRECTION('',(0.,-0.999999999999996,-8.51494978581969E-8));
#6875=DIRECTION('center_axis',(1.,0.,0.));
#6876=DIRECTION('ref_axis',(0.,-1.,-1.38777878078144E-16));
#6877=DIRECTION('',(1.,0.,0.));
#6878=DIRECTION('center_axis',(1.,0.,0.));
#6879=DIRECTION('ref_axis',(0.,-1.,-1.38777878078144E-16));
#6880=DIRECTION('center_axis',(0.,-1.,0.));
#6881=DIRECTION('ref_axis',(0.,0.,-1.));
#6882=DIRECTION('',(1.,0.,0.));
#6883=DIRECTION('',(0.,0.,1.));
#6884=DIRECTION('center_axis',(0.,-2.08616250052525E-7,0.999999999999978));
#6885=DIRECTION('ref_axis',(0.,-0.999999999999978,-2.08616250052525E-7));
#6886=DIRECTION('',(1.,0.,0.));
#6887=DIRECTION('',(0.,-0.999999999999978,-2.08616250052525E-7));
#6888=DIRECTION('center_axis',(0.,-1.,0.));
#6889=DIRECTION('ref_axis',(0.,0.,-1.));
#6890=DIRECTION('',(1.,0.,0.));
#6891=DIRECTION('',(0.,0.,1.));
#6892=DIRECTION('center_axis',(0.,3.79797625659508E-7,0.999999999999928));
#6893=DIRECTION('ref_axis',(0.,-0.999999999999928,3.79797625659508E-7));
#6894=DIRECTION('',(1.,0.,0.));
#6895=DIRECTION('',(0.,-0.999999999999928,3.79797625659508E-7));
#6896=DIRECTION('center_axis',(0.,0.999999999999999,-5.45164430034803E-8));
#6897=DIRECTION('ref_axis',(0.,5.45164430034803E-8,0.999999999999999));
#6898=DIRECTION('',(1.,0.,0.));
#6899=DIRECTION('',(0.,-5.45164430034803E-8,-0.999999999999998));
#6900=DIRECTION('center_axis',(0.,-0.707106761912074,0.707106800461021));
#6901=DIRECTION('ref_axis',(0.,-0.707106800461021,-0.707106761912074));
#6902=DIRECTION('',(1.,0.,0.));
#6903=DIRECTION('',(0.,0.707106800461021,0.707106761912074));
#6904=DIRECTION('center_axis',(0.,-1.,0.));
#6905=DIRECTION('ref_axis',(0.,0.,-1.));
#6906=DIRECTION('',(1.,0.,0.));
#6907=DIRECTION('',(0.,0.,-1.));
#6908=DIRECTION('center_axis',(0.,-0.70710680046102,-0.707106761912074));
#6909=DIRECTION('ref_axis',(0.,0.707106761912074,-0.70710680046102));
#6910=DIRECTION('',(1.,0.,0.));
#6911=DIRECTION('',(0.,0.707106761912074,-0.70710680046102));
#6912=DIRECTION('center_axis',(0.,1.,0.));
#6913=DIRECTION('ref_axis',(0.,0.,1.));
#6914=DIRECTION('',(1.,0.,0.));
#6915=DIRECTION('',(0.,0.,1.));
#6916=DIRECTION('center_axis',(0.,0.,-1.));
#6917=DIRECTION('ref_axis',(0.,1.,0.));
#6918=DIRECTION('',(1.,0.,0.));
#6919=DIRECTION('',(0.,1.,0.));
#6920=DIRECTION('center_axis',(0.,-1.,0.));
#6921=DIRECTION('ref_axis',(0.,0.,-1.));
#6922=DIRECTION('',(1.,0.,0.));
#6923=DIRECTION('',(0.,0.,-1.));
#6924=DIRECTION('center_axis',(0.,3.87430188819564E-7,-0.999999999999925));
#6925=DIRECTION('ref_axis',(0.,0.999999999999925,3.87430188819564E-7));
#6926=DIRECTION('',(1.,0.,0.));
#6927=DIRECTION('',(0.,0.999999999999925,3.87430188819564E-7));
#6928=DIRECTION('center_axis',(0.,-1.,0.));
#6929=DIRECTION('ref_axis',(0.,0.,-1.));
#6930=DIRECTION('',(1.,0.,0.));
#6931=DIRECTION('',(0.,0.,1.));
#6932=DIRECTION('center_axis',(1.,0.,0.));
#6933=DIRECTION('ref_axis',(0.,4.25747526122678E-8,0.999999999999999));
#6934=DIRECTION('',(1.,0.,0.));
#6935=DIRECTION('center_axis',(1.,0.,0.));
#6936=DIRECTION('ref_axis',(0.,4.25747526122678E-8,0.999999999999999));
#6937=DIRECTION('center_axis',(0.,4.25747491404245E-8,0.999999999999999));
#6938=DIRECTION('ref_axis',(0.,-0.999999999999999,4.25747491404245E-8));
#6939=DIRECTION('',(0.,0.999999999999999,-4.25747491404245E-8));
#6940=DIRECTION('center_axis',(1.,0.,0.));
#6941=DIRECTION('ref_axis',(0.,1.,0.));
#6942=DIRECTION('axis',(0.,0.,1.));
#6943=DIRECTION('refdir',(1.,0.,0.));
#6944=DIRECTION('center_axis',(-1.,0.,0.));
#6945=DIRECTION('ref_axis',(0.,0.,1.));
#6946=DIRECTION('',(0.,1.,0.));
#6947=DIRECTION('',(0.,0.,1.));
#6948=DIRECTION('',(0.,1.,0.));
#6949=DIRECTION('',(0.,0.,-1.));
#6950=DIRECTION('center_axis',(-1.,0.,0.));
#6951=DIRECTION('ref_axis',(0.,0.,1.));
#6952=DIRECTION('',(0.,-1.,0.));
#6953=DIRECTION('',(0.,0.,-1.));
#6954=DIRECTION('',(0.,1.,0.));
#6955=DIRECTION('',(0.,0.,1.));
#6956=DIRECTION('center_axis',(0.,0.,1.));
#6957=DIRECTION('ref_axis',(-1.,0.,0.));
#6958=DIRECTION('',(-1.,0.,0.));
#6959=DIRECTION('',(0.,1.,0.));
#6960=DIRECTION('',(1.,0.,0.));
#6961=DIRECTION('center_axis',(0.,-1.,0.));
#6962=DIRECTION('ref_axis',(1.,0.,0.));
#6963=DIRECTION('',(1.,0.,0.));
#6964=DIRECTION('',(0.,0.,1.));
#6965=DIRECTION('',(-1.,0.,0.));
#6966=DIRECTION('',(0.,0.,1.));
#6967=DIRECTION('',(1.,0.,0.));
#6968=DIRECTION('',(0.,0.,-1.));
#6969=DIRECTION('center_axis',(0.,-1.,0.));
#6970=DIRECTION('ref_axis',(1.,0.,0.));
#6971=DIRECTION('center_axis',(0.,-1.,0.));
#6972=DIRECTION('ref_axis',(-1.,0.,0.));
#6973=DIRECTION('',(0.,0.,-1.));
#6974=DIRECTION('',(-1.,0.,0.));
#6975=DIRECTION('',(0.,0.,1.));
#6976=DIRECTION('center_axis',(0.,1.,0.));
#6977=DIRECTION('ref_axis',(1.,0.,0.));
#6978=DIRECTION('center_axis',(-1.,0.,0.));
#6979=DIRECTION('ref_axis',(0.,0.,-1.));
#6980=DIRECTION('',(0.,-1.,0.));
#6981=DIRECTION('',(0.,0.,-1.));
#6982=DIRECTION('',(0.,-1.,0.));
#6983=DIRECTION('center_axis',(0.,-1.,0.));
#6984=DIRECTION('ref_axis',(-1.,0.,0.));
#6985=DIRECTION('',(0.,-1.,0.));
#6986=DIRECTION('center_axis',(0.,-1.,0.));
#6987=DIRECTION('ref_axis',(-1.,0.,0.));
#6988=DIRECTION('center_axis',(0.,-1.,0.));
#6989=DIRECTION('ref_axis',(1.,0.,0.));
#6990=DIRECTION('center_axis',(0.,1.,0.));
#6991=DIRECTION('ref_axis',(1.,0.,0.));
#6992=DIRECTION('',(0.,1.,0.));
#6993=DIRECTION('center_axis',(1.,0.,0.));
#6994=DIRECTION('ref_axis',(0.,0.,1.));
#6995=DIRECTION('',(0.,1.,0.));
#6996=DIRECTION('',(0.,0.,1.));
#6997=DIRECTION('center_axis',(0.,-1.,0.));
#6998=DIRECTION('ref_axis',(1.,0.,0.));
#6999=DIRECTION('',(1.,0.,0.));
#7000=DIRECTION('center_axis',(0.,-1.,0.));
#7001=DIRECTION('ref_axis',(1.,0.,0.));
#7002=DIRECTION('center_axis',(0.,-1.,0.));
#7003=DIRECTION('ref_axis',(-1.,0.,0.));
#7004=DIRECTION('',(0.,0.,-1.));
#7005=DIRECTION('',(-1.,0.,0.));
#7006=DIRECTION('',(0.,0.,1.));
#7007=DIRECTION('center_axis',(0.,1.,0.));
#7008=DIRECTION('ref_axis',(1.,0.,0.));
#7009=DIRECTION('center_axis',(-1.,0.,0.));
#7010=DIRECTION('ref_axis',(0.,0.,-1.));
#7011=DIRECTION('',(0.,-1.,0.));
#7012=DIRECTION('',(0.,0.,-1.));
#7013=DIRECTION('',(0.,-1.,0.));
#7014=DIRECTION('center_axis',(0.,-1.,0.));
#7015=DIRECTION('ref_axis',(-1.,0.,0.));
#7016=DIRECTION('',(0.,-1.,0.));
#7017=DIRECTION('center_axis',(0.,-1.,0.));
#7018=DIRECTION('ref_axis',(-1.,0.,0.));
#7019=DIRECTION('center_axis',(0.,-1.,0.));
#7020=DIRECTION('ref_axis',(1.,0.,0.));
#7021=DIRECTION('center_axis',(0.,1.,0.));
#7022=DIRECTION('ref_axis',(1.,0.,0.));
#7023=DIRECTION('',(0.,1.,0.));
#7024=DIRECTION('center_axis',(1.,0.,0.));
#7025=DIRECTION('ref_axis',(0.,0.,1.));
#7026=DIRECTION('',(0.,1.,0.));
#7027=DIRECTION('',(0.,0.,1.));
#7028=DIRECTION('center_axis',(0.,-1.,0.));
#7029=DIRECTION('ref_axis',(1.,0.,0.));
#7030=DIRECTION('',(1.,0.,0.));
#7031=DIRECTION('center_axis',(-1.,0.,0.));
#7032=DIRECTION('ref_axis',(0.,0.707106781186547,-0.707106781186547));
#7033=DIRECTION('center_axis',(1.,0.,0.));
#7034=DIRECTION('ref_axis',(0.,0.707106781186547,-0.707106781186547));
#7035=DIRECTION('',(-1.,0.,0.));
#7036=DIRECTION('center_axis',(-1.,0.,0.));
#7037=DIRECTION('ref_axis',(0.,0.707106781186547,-0.707106781186547));
#7038=DIRECTION('',(1.,0.,0.));
#7039=DIRECTION('center_axis',(0.,-1.,0.));
#7040=DIRECTION('ref_axis',(1.,0.,0.));
#7041=DIRECTION('',(0.,0.,-1.));
#7042=DIRECTION('',(1.,0.,0.));
#7043=DIRECTION('',(0.,0.,1.));
#7044=DIRECTION('center_axis',(1.,0.,0.));
#7045=DIRECTION('ref_axis',(0.,-0.707106781186547,-0.707106781186547));
#7046=DIRECTION('center_axis',(-1.,0.,0.));
#7047=DIRECTION('ref_axis',(0.,-0.707106781186547,-0.707106781186547));
#7048=DIRECTION('',(1.,0.,0.));
#7049=DIRECTION('center_axis',(1.,0.,0.));
#7050=DIRECTION('ref_axis',(0.,-0.707106781186547,-0.707106781186547));
#7051=DIRECTION('',(-1.,0.,0.));
#7052=DIRECTION('center_axis',(0.,1.,0.));
#7053=DIRECTION('ref_axis',(-1.,0.,0.));
#7054=DIRECTION('',(0.,0.,1.));
#7055=DIRECTION('',(1.,0.,0.));
#7056=DIRECTION('',(0.,0.,1.));
#7057=DIRECTION('center_axis',(1.,0.,0.));
#7058=DIRECTION('ref_axis',(0.,-0.707106781186547,-0.707106781186547));
#7059=DIRECTION('center_axis',(-1.,0.,0.));
#7060=DIRECTION('ref_axis',(0.,-0.707106781186547,-0.707106781186547));
#7061=DIRECTION('',(-1.,0.,0.));
#7062=DIRECTION('center_axis',(1.,0.,0.));
#7063=DIRECTION('ref_axis',(0.,-0.707106781186547,-0.707106781186547));
#7064=DIRECTION('',(1.,0.,0.));
#7065=DIRECTION('center_axis',(0.,-1.,0.));
#7066=DIRECTION('ref_axis',(0.,0.,-1.));
#7067=DIRECTION('',(0.,0.,-1.));
#7068=DIRECTION('',(1.,0.,0.));
#7069=DIRECTION('',(0.,0.,1.));
#7070=DIRECTION('center_axis',(1.,0.,0.));
#7071=DIRECTION('ref_axis',(0.,0.,-1.));
#7072=DIRECTION('',(0.,1.,0.));
#7073=DIRECTION('',(0.,-1.,0.));
#7074=DIRECTION('',(0.,1.,0.));
#7075=DIRECTION('',(0.,-1.,0.));
#7076=DIRECTION('',(0.,0.,1.));
#7077=DIRECTION('',(0.,1.,0.));
#7078=DIRECTION('center_axis',(-1.,0.,0.));
#7079=DIRECTION('ref_axis',(0.,0.707106781186547,-0.707106781186547));
#7080=DIRECTION('',(0.,0.,1.));
#7081=DIRECTION('center_axis',(-1.,0.,0.));
#7082=DIRECTION('ref_axis',(0.,0.707106781186547,0.707106781186547));
#7083=DIRECTION('',(0.,-1.,0.));
#7084=DIRECTION('center_axis',(-1.,0.,0.));
#7085=DIRECTION('ref_axis',(0.,-0.707106781186547,0.707106781186547));
#7086=DIRECTION('center_axis',(1.,0.,0.));
#7087=DIRECTION('ref_axis',(0.,0.707106781186547,-0.707106781186547));
#7088=DIRECTION('',(-1.,0.,0.));
#7089=DIRECTION('center_axis',(1.,0.,0.));
#7090=DIRECTION('ref_axis',(0.,0.707106781186547,-0.707106781186547));
#7091=DIRECTION('',(1.,0.,0.));
#7092=DIRECTION('center_axis',(0.,0.,-1.));
#7093=DIRECTION('ref_axis',(-1.,0.,0.));
#7094=DIRECTION('',(1.,0.,0.));
#7095=DIRECTION('',(0.,1.,0.));
#7096=DIRECTION('center_axis',(-1.,0.,0.));
#7097=DIRECTION('ref_axis',(0.,0.707106781186547,0.707106781186547));
#7098=DIRECTION('center_axis',(1.,0.,0.));
#7099=DIRECTION('ref_axis',(0.,0.707106781186547,0.707106781186547));
#7100=DIRECTION('',(1.,0.,0.));
#7101=DIRECTION('',(-1.,0.,0.));
#7102=DIRECTION('center_axis',(0.,0.,1.));
#7103=DIRECTION('ref_axis',(1.,0.,0.));
#7104=DIRECTION('',(0.,-1.,0.));
#7105=DIRECTION('',(-1.,0.,0.));
#7106=DIRECTION('center_axis',(0.,0.,-1.));
#7107=DIRECTION('ref_axis',(-1.,0.,0.));
#7108=DIRECTION('center_axis',(1.,0.,0.));
#7109=DIRECTION('ref_axis',(0.,-0.707106781186547,0.707106781186547));
#7110=DIRECTION('center_axis',(1.,0.,0.));
#7111=DIRECTION('ref_axis',(0.,-0.707106781186547,0.707106781186547));
#7112=DIRECTION('center_axis',(0.,1.,0.));
#7113=DIRECTION('ref_axis',(-1.,0.,0.));
#7114=DIRECTION('',(0.,0.,1.));
#7115=DIRECTION('',(1.,0.,0.));
#7116=DIRECTION('',(-1.,0.,0.));
#7117=DIRECTION('',(0.,0.,-1.));
#7118=DIRECTION('center_axis',(0.,0.,-1.));
#7119=DIRECTION('ref_axis',(-1.,0.,0.));
#7120=DIRECTION('',(0.,0.,-1.));
#7121=DIRECTION('center_axis',(0.,0.,1.));
#7122=DIRECTION('ref_axis',(-1.,0.,0.));
#7123=DIRECTION('center_axis',(0.,0.,1.));
#7124=DIRECTION('ref_axis',(-1.,0.,0.));
#7125=DIRECTION('',(0.,-1.,0.));
#7126=DIRECTION('center_axis',(0.,0.,1.));
#7127=DIRECTION('ref_axis',(1.,0.,0.));
#7128=DIRECTION('',(0.,-1.,0.));
#7129=DIRECTION('center_axis',(0.,0.,1.));
#7130=DIRECTION('ref_axis',(1.,0.,0.));
#7131=DIRECTION('',(0.,-1.,0.));
#7132=DIRECTION('center_axis',(0.,0.,-1.));
#7133=DIRECTION('ref_axis',(-1.,0.,0.));
#7134=DIRECTION('',(0.,1.,0.));
#7135=DIRECTION('center_axis',(-1.,0.,0.));
#7136=DIRECTION('ref_axis',(0.,0.,1.));
#7137=DIRECTION('',(0.,0.,1.));
#7138=DIRECTION('center_axis',(0.,1.,0.));
#7139=DIRECTION('ref_axis',(0.,0.,1.));
#7140=DIRECTION('center_axis',(0.,-1.,0.));
#7141=DIRECTION('ref_axis',(-1.,0.,0.));
#7142=DIRECTION('',(-1.,0.,0.));
#7143=DIRECTION('',(0.,0.,1.));
#7144=DIRECTION('',(-1.,0.,0.));
#7145=DIRECTION('center_axis',(-1.,0.,0.));
#7146=DIRECTION('ref_axis',(0.,0.,1.));
#7147=DIRECTION('',(0.,1.,0.));
#7148=DIRECTION('',(0.,-1.,0.));
#7149=DIRECTION('',(0.,0.,-1.));
#7150=DIRECTION('center_axis',(0.,1.,0.));
#7151=DIRECTION('ref_axis',(1.,0.,0.));
#7152=DIRECTION('',(1.,0.,0.));
#7153=DIRECTION('',(1.,0.,0.));
#7154=DIRECTION('center_axis',(0.,0.,-1.));
#7155=DIRECTION('ref_axis',(-1.,0.,0.));
#7156=DIRECTION('center_axis',(-1.,0.,0.));
#7157=DIRECTION('ref_axis',(0.,-1.,0.));
#7158=DIRECTION('',(0.,-1.,0.));
#7159=DIRECTION('center_axis',(0.,0.,1.));
#7160=DIRECTION('ref_axis',(1.,0.,0.));
#7161=DIRECTION('axis',(0.,0.,1.));
#7162=DIRECTION('refdir',(1.,0.,0.));
#7163=DIRECTION('center_axis',(0.,0.,1.));
#7164=DIRECTION('ref_axis',(0.,1.,0.));
#7165=DIRECTION('',(0.,1.,0.));
#7166=DIRECTION('',(1.,0.,0.));
#7167=DIRECTION('',(0.,1.,0.));
#7168=DIRECTION('',(-1.,0.,0.));
#7169=DIRECTION('center_axis',(-1.,0.,0.));
#7170=DIRECTION('ref_axis',(0.,0.,1.));
#7171=DIRECTION('',(0.,0.,1.));
#7172=DIRECTION('',(0.,-1.,0.));
#7173=DIRECTION('',(0.,0.,-1.));
#7174=DIRECTION('center_axis',(0.,1.,0.));
#7175=DIRECTION('ref_axis',(-1.,0.,0.));
#7176=DIRECTION('',(1.,0.,0.));
#7177=DIRECTION('',(0.,0.,1.));
#7178=DIRECTION('',(-0.966090344952322,0.,0.258204270665502));
#7179=DIRECTION('center_axis',(0.,1.,0.));
#7180=DIRECTION('ref_axis',(1.,0.,0.));
#7181=DIRECTION('center_axis',(0.,-1.,0.));
#7182=DIRECTION('ref_axis',(1.,0.,0.));
#7183=DIRECTION('',(0.,1.,0.));
#7184=DIRECTION('center_axis',(0.,1.,0.));
#7185=DIRECTION('ref_axis',(1.,0.,0.));
#7186=DIRECTION('',(0.,1.,0.));
#7187=DIRECTION('center_axis',(0.,1.,0.));
#7188=DIRECTION('ref_axis',(1.,0.,0.));
#7189=DIRECTION('center_axis',(0.,1.,0.));
#7190=DIRECTION('ref_axis',(1.,0.,0.));
#7191=DIRECTION('',(0.,1.,0.));
#7192=DIRECTION('center_axis',(0.,1.,0.));
#7193=DIRECTION('ref_axis',(1.,0.,0.));
#7194=DIRECTION('',(0.,1.,0.));
#7195=DIRECTION('center_axis',(0.,1.,0.));
#7196=DIRECTION('ref_axis',(1.,0.,0.));
#7197=DIRECTION('center_axis',(0.,1.,0.));
#7198=DIRECTION('ref_axis',(1.,0.,0.));
#7199=DIRECTION('',(0.,1.,0.));
#7200=DIRECTION('center_axis',(0.,-1.,0.));
#7201=DIRECTION('ref_axis',(1.,0.,0.));
#7202=DIRECTION('center_axis',(0.,-1.,0.));
#7203=DIRECTION('ref_axis',(0.,0.,-1.));
#7204=DIRECTION('',(0.,0.,-1.));
#7205=DIRECTION('',(-0.966090344952322,0.,0.258204270665503));
#7206=DIRECTION('',(0.,0.,1.));
#7207=DIRECTION('center_axis',(0.,-1.,0.));
#7208=DIRECTION('ref_axis',(1.,0.,0.));
#7209=DIRECTION('center_axis',(0.,1.,0.));
#7210=DIRECTION('ref_axis',(0.,0.,1.));
#7211=DIRECTION('',(0.,0.,-1.));
#7212=DIRECTION('',(0.966090344952322,0.,-0.258204270665503));
#7213=DIRECTION('',(0.,0.,1.));
#7214=DIRECTION('center_axis',(0.,1.,0.));
#7215=DIRECTION('ref_axis',(1.,0.,0.));
#7216=DIRECTION('',(0.,1.,0.));
#7217=DIRECTION('center_axis',(0.,-1.,0.));
#7218=DIRECTION('ref_axis',(1.,0.,0.));
#7219=DIRECTION('center_axis',(0.,1.,0.));
#7220=DIRECTION('ref_axis',(0.,0.,1.));
#7221=DIRECTION('',(0.,0.,-1.));
#7222=DIRECTION('',(0.966090344952322,0.,-0.258204270665503));
#7223=DIRECTION('',(0.,0.,1.));
#7224=DIRECTION('center_axis',(0.,1.,0.));
#7225=DIRECTION('ref_axis',(0.,0.,1.));
#7226=DIRECTION('',(0.,0.,1.));
#7227=DIRECTION('',(-0.966090344952322,0.,0.258204270665503));
#7228=DIRECTION('',(0.,0.,-1.));
#7229=DIRECTION('center_axis',(-1.,0.,0.));
#7230=DIRECTION('ref_axis',(0.,0.,1.));
#7231=DIRECTION('',(0.,1.,0.));
#7232=DIRECTION('center_axis',(0.258204270665503,0.,0.966090344952322));
#7233=DIRECTION('ref_axis',(0.966090344952322,0.,-0.258204270665503));
#7234=DIRECTION('',(0.,1.,0.));
#7235=DIRECTION('',(0.966090344952321,0.,-0.258204270665507));
#7236=DIRECTION('',(0.,-1.,0.));
#7237=DIRECTION('',(0.966090344952322,0.,-0.258204270665502));
#7238=DIRECTION('',(0.,-1.,0.));
#7239=DIRECTION('',(0.,1.,0.));
#7240=DIRECTION('',(0.,-1.,0.));
#7241=DIRECTION('center_axis',(1.,0.,0.));
#7242=DIRECTION('ref_axis',(0.,0.,-1.));
#7243=DIRECTION('center_axis',(1.,0.,0.));
#7244=DIRECTION('ref_axis',(0.,0.,-1.));
#7245=DIRECTION('center_axis',(-1.,0.,0.));
#7246=DIRECTION('ref_axis',(0.,0.,1.));
#7247=DIRECTION('center_axis',(-0.96609034495232,0.,0.258204270665508));
#7248=DIRECTION('ref_axis',(0.258204270665508,0.,0.96609034495232));
#7249=DIRECTION('',(0.,-1.,0.));
#7250=DIRECTION('',(-0.258204270665508,0.,-0.96609034495232));
#7251=DIRECTION('',(0.258204270665508,0.,0.96609034495232));
#7252=DIRECTION('center_axis',(0.,-1.,0.));
#7253=DIRECTION('ref_axis',(0.966090344952322,0.,-0.258204270665502));
#7254=DIRECTION('',(0.258204270665503,0.,0.966090344952322));
#7255=DIRECTION('',(0.966090344952322,0.,-0.258204270665502));
#7256=DIRECTION('center_axis',(-1.,0.,0.));
#7257=DIRECTION('ref_axis',(0.,-1.,0.));
#7258=DIRECTION('',(0.,-1.,0.));
#7259=DIRECTION('',(0.,1.,0.));
#7260=DIRECTION('',(0.,0.,1.));
#7261=DIRECTION('center_axis',(0.,-1.,0.));
#7262=DIRECTION('ref_axis',(1.,0.,0.));
#7263=DIRECTION('',(0.966090344952322,0.,-0.258204270665502));
#7264=DIRECTION('',(-1.,0.,0.));
#7265=DIRECTION('center_axis',(0.,0.,1.));
#7266=DIRECTION('ref_axis',(-1.,0.,0.));
#7267=DIRECTION('center_axis',(0.,1.,0.));
#7268=DIRECTION('ref_axis',(-0.966090344952322,0.,0.258204270665502));
#7269=DIRECTION('',(0.966090344952321,0.,-0.258204270665507));
#7270=DIRECTION('',(0.258204270665503,0.,0.966090344952322));
#7271=DIRECTION('center_axis',(-0.966090344952322,0.,0.258204270665503));
#7272=DIRECTION('ref_axis',(0.,-1.,0.));
#7273=DIRECTION('',(0.,-1.,0.));
#7274=DIRECTION('center_axis',(0.258204270665502,0.,0.966090344952322));
#7275=DIRECTION('ref_axis',(0.,1.,0.));
#7276=DIRECTION('axis',(0.,0.,1.));
#7277=DIRECTION('refdir',(1.,0.,0.));
#7278=DIRECTION('center_axis',(0.,0.,1.));
#7279=DIRECTION('ref_axis',(-1.,0.,0.));
#7280=DIRECTION('center_axis',(0.,0.,1.));
#7281=DIRECTION('ref_axis',(-1.,0.,0.));
#7282=DIRECTION('center_axis',(0.,0.,-1.));
#7283=DIRECTION('ref_axis',(-1.,0.,0.));
#7284=DIRECTION('center_axis',(0.,0.,1.));
#7285=DIRECTION('ref_axis',(-1.,0.,0.));
#7286=DIRECTION('center_axis',(0.,0.,1.));
#7287=DIRECTION('ref_axis',(-1.,0.,0.));
#7288=DIRECTION('',(0.,0.,-1.));
#7289=DIRECTION('center_axis',(0.,0.,1.));
#7290=DIRECTION('ref_axis',(-1.,0.,0.));
#7291=DIRECTION('center_axis',(0.,0.,1.));
#7292=DIRECTION('ref_axis',(-1.,0.,0.));
#7293=DIRECTION('center_axis',(0.,0.,-1.));
#7294=DIRECTION('ref_axis',(-1.,0.,0.));
#7295=DIRECTION('center_axis',(0.,0.,-1.));
#7296=DIRECTION('ref_axis',(-1.,0.,0.));
#7297=DIRECTION('',(0.,0.,1.));
#7298=DIRECTION('axis',(0.,0.,1.));
#7299=DIRECTION('refdir',(1.,0.,0.));
#7300=DIRECTION('center_axis',(6.50252929125332E-33,-1.,0.));
#7301=DIRECTION('ref_axis',(0.,0.,1.));
#7302=DIRECTION('axis',(0.,0.,1.));
#7303=DIRECTION('refdir',(1.,0.,0.));
#7304=DIRECTION('center_axis',(0.,1.,0.));
#7305=DIRECTION('ref_axis',(-1.,0.,0.));
#7306=DIRECTION('center_axis',(7.34788079488412E-16,1.,0.));
#7307=DIRECTION('ref_axis',(-1.,7.34788079488412E-16,0.));
#7308=DIRECTION('center_axis',(7.34788079488412E-16,1.,0.));
#7309=DIRECTION('ref_axis',(0.,0.,1.));
#7310=DIRECTION('center_axis',(0.,1.,0.));
#7311=DIRECTION('ref_axis',(0.,0.,1.));
#7312=DIRECTION('',(0.,0.,1.));
#7313=DIRECTION('',(1.,0.,0.));
#7314=DIRECTION('',(0.,0.,1.));
#7315=DIRECTION('',(1.,0.,0.));
#7316=DIRECTION('',(0.,0.,1.));
#7317=DIRECTION('',(1.,0.,0.));
#7318=DIRECTION('',(0.,0.,1.));
#7319=DIRECTION('',(1.,0.,0.));
#7320=DIRECTION('',(0.,0.,1.));
#7321=DIRECTION('',(1.,0.,0.));
#7322=DIRECTION('',(0.,0.,1.));
#7323=DIRECTION('',(1.,0.,0.));
#7324=DIRECTION('',(0.,0.,1.));
#7325=DIRECTION('',(1.,0.,0.));
#7326=DIRECTION('',(2.38524298273686E-15,3.58056593568284E-15,0.999999999999996));
#7327=DIRECTION('',(1.,-1.24900090270129E-16,-2.39218367337203E-15));
#7328=DIRECTION('',(0.,0.,1.));
#7329=DIRECTION('',(1.,0.,0.));
#7330=DIRECTION('',(0.,0.,1.));
#7331=DIRECTION('',(1.,0.,0.));
#7332=DIRECTION('center_axis',(0.,0.,1.));
#7333=DIRECTION('ref_axis',(1.,0.,0.));
#7334=CARTESIAN_POINT('',(0.,0.,0.));
#7335=CARTESIAN_POINT('',(0.,0.,0.));
#7336=CARTESIAN_POINT('Origin',(30.0000004470348,-4.50000006705523,64.0000009536743));
#7337=CARTESIAN_POINT('',(31.0000004470348,-21.5000005885959,64.0000009536743));
#7338=CARTESIAN_POINT('Origin',(30.0000004470348,-21.5000005885959,64.0000009536743));
#7339=CARTESIAN_POINT('',(31.0000004470348,-35.5000005289912,64.0000009536743));
#7340=CARTESIAN_POINT('',(31.0000004470348,-4.50000006705523,64.0000009536743));
#7341=CARTESIAN_POINT('Origin',(30.0000004470348,-35.5000005289912,64.0000009536743));
#7342=CARTESIAN_POINT('Origin',(30.0000004470348,-4.50000006705523,64.0000009536743));
#7343=CARTESIAN_POINT('',(31.0000004470348,-4.50000006705523,64.0000009536743));
#7344=CARTESIAN_POINT('Origin',(30.0000004470348,-4.50000006705523,64.0000009536743));
#7345=CARTESIAN_POINT('',(31.0000004470348,-18.5000000074506,64.0000009536743));
#7346=CARTESIAN_POINT('',(31.0000004470348,-4.50000006705523,64.0000009536743));
#7347=CARTESIAN_POINT('Origin',(30.0000004470348,-18.5000000074506,64.0000009536743));
#7348=CARTESIAN_POINT('Origin',(20.0000002980232,-4.50000006705523,64.0000009536743));
#7349=CARTESIAN_POINT('',(21.0000002980232,-21.5000005885959,64.0000009536743));
#7350=CARTESIAN_POINT('Origin',(20.0000002980232,-21.5000005885959,64.0000009536743));
#7351=CARTESIAN_POINT('',(21.0000002980232,-35.5000005289912,64.0000009536743));
#7352=CARTESIAN_POINT('',(21.0000002980232,-4.50000006705523,64.0000009536743));
#7353=CARTESIAN_POINT('Origin',(20.0000002980232,-35.5000005289912,64.0000009536743));
#7354=CARTESIAN_POINT('Origin',(20.0000002980232,-4.50000006705523,64.0000009536743));
#7355=CARTESIAN_POINT('',(21.0000002980232,-4.50000006705523,64.0000009536743));
#7356=CARTESIAN_POINT('Origin',(20.0000002980232,-4.50000006705523,64.0000009536743));
#7357=CARTESIAN_POINT('',(21.0000002980232,-18.5000000074506,64.0000009536743));
#7358=CARTESIAN_POINT('',(21.0000002980232,-4.50000006705523,64.0000009536743));
#7359=CARTESIAN_POINT('Origin',(20.0000002980232,-18.5000000074506,64.0000009536743));
#7360=CARTESIAN_POINT('Origin',(30.0000003911555,-6.00000006705523,65.4999999770751));
#7361=CARTESIAN_POINT('',(15.,-4.50000006705523,65.4999999770751));
#7362=CARTESIAN_POINT('',(15.,-6.00000006705523,66.9999999770751));
#7363=CARTESIAN_POINT('Origin',(15.,-6.00000006705523,65.4999999770751));
#7364=CARTESIAN_POINT('',(35.0000005215406,-6.00000006705523,66.9999999770751));
#7365=CARTESIAN_POINT('',(30.0000003911555,-6.00000006705523,66.9999999770751));
#7366=CARTESIAN_POINT('',(35.0000005215406,-4.50000006705523,65.4999999770751));
#7367=CARTESIAN_POINT('Origin',(35.,-6.00000006705523,65.4999999770751));
#7368=CARTESIAN_POINT('',(30.0000003911555,-4.50000006705523,65.4999999770751));
#7369=CARTESIAN_POINT('Origin',(25.0000002607703,-7.5000000372529,66.9999999770751));
#7370=CARTESIAN_POINT('',(15.,-18.5000000074506,66.9999999770751));
#7371=CARTESIAN_POINT('',(15.,-4.50000006705523,66.9999999770751));
#7372=CARTESIAN_POINT('',(35.0000005215406,-18.5000000074506,66.9999999770751));
#7373=CARTESIAN_POINT('',(15.,-18.5000000074506,66.9999999770751));
#7374=CARTESIAN_POINT('',(35.0000005215406,-10.5000000074506,66.9999999770751));
#7375=CARTESIAN_POINT('Origin',(15.,-0.499999988824138,26.9999999770751));
#7376=CARTESIAN_POINT('',(15.,-4.50000006705523,58.4999999770751));
#7377=CARTESIAN_POINT('',(15.,-4.50000006705523,56.9999999770751));
#7378=CARTESIAN_POINT('',(15.,-3.00000006705523,56.9999999770751));
#7379=CARTESIAN_POINT('Origin',(15.,-3.00000006705523,58.4999999770751));
#7380=CARTESIAN_POINT('',(15.,-1.99999998882414,56.9999999770751));
#7381=CARTESIAN_POINT('',(15.,-5.50000000745058,56.9999999770751));
#7382=CARTESIAN_POINT('',(15.,-0.499999988824136,55.4999999770751));
#7383=CARTESIAN_POINT('Origin',(15.,-1.99999998882414,55.4999999770751));
#7384=CARTESIAN_POINT('',(15.,-0.499999988824136,32.4999999770751));
#7385=CARTESIAN_POINT('',(15.,-0.499999988824136,26.9999999770751));
#7386=CARTESIAN_POINT('',(15.,-39.5000005885959,32.4999999770751));
#7387=CARTESIAN_POINT('',(15.,-10.2500001387671,32.4999999770751));
#7388=CARTESIAN_POINT('',(15.,-39.5000005885959,55.4999999770751));
#7389=CARTESIAN_POINT('',(15.,-39.5000005885959,26.9999999770751));
#7390=CARTESIAN_POINT('',(15.,-38.0000005885959,56.9999999770751));
#7391=CARTESIAN_POINT('Origin',(15.,-38.0000005885959,55.4999999770751));
#7392=CARTESIAN_POINT('',(15.,-37.0000005289912,56.9999999770751));
#7393=CARTESIAN_POINT('',(15.,-39.5000005885959,56.9999999770751));
#7394=CARTESIAN_POINT('',(15.,-35.5000005289912,58.4999999770751));
#7395=CARTESIAN_POINT('Origin',(15.,-37.0000005289912,58.4999999770751));
#7396=CARTESIAN_POINT('',(15.,-35.5000005289912,65.4999999770751));
#7397=CARTESIAN_POINT('',(15.,-35.5000005289912,56.9999999770751));
#7398=CARTESIAN_POINT('',(15.0000002235174,-34.0000005289912,66.9999999770751));
#7399=CARTESIAN_POINT('Origin',(15.,-34.0000005289912,65.4999999770751));
#7400=CARTESIAN_POINT('',(15.0000002235174,-21.5000005885959,66.9999999770751));
#7401=CARTESIAN_POINT('',(15.0000002235174,-29.5000005885959,66.9999999770751));
#7402=CARTESIAN_POINT('',(15.0000002235174,-21.5000005885959,61.9999999770751));
#7403=CARTESIAN_POINT('',(15.0000002235174,-21.5000005885959,66.9999999770751));
#7404=CARTESIAN_POINT('',(15.0000002235174,-29.5000005885959,61.9999999770751));
#7405=CARTESIAN_POINT('',(15.0000002235174,-29.5000005885959,61.9999999770751));
#7406=CARTESIAN_POINT('',(15.,-29.5000005885959,46.9999999770751));
#7407=CARTESIAN_POINT('',(15.,-29.5000005885959,36.9999999770751));
#7408=CARTESIAN_POINT('',(15.,-10.5000000074506,46.9999999770751));
#7409=CARTESIAN_POINT('',(15.,-2.99999999813736,46.9999999770751));
#7410=CARTESIAN_POINT('',(15.,-10.5000000074506,61.9999999770751));
#7411=CARTESIAN_POINT('',(15.,-10.5000000074506,56.9999999770751));
#7412=CARTESIAN_POINT('',(15.,-18.5000000074506,61.9999999770751));
#7413=CARTESIAN_POINT('',(15.,-10.5000000074506,61.9999999770751));
#7414=CARTESIAN_POINT('',(15.,-18.5000000074506,61.9999999770751));
#7415=CARTESIAN_POINT('Origin',(20.0000001303852,-34.0000005289912,65.4999999770751));
#7416=CARTESIAN_POINT('',(35.0000005215406,-35.5000005289912,65.4999999770751));
#7417=CARTESIAN_POINT('',(35.0000005215406,-34.0000005289912,66.9999999770751));
#7418=CARTESIAN_POINT('Origin',(35.,-34.0000005289912,65.4999999770751));
#7419=CARTESIAN_POINT('',(20.0000001303852,-34.0000005289912,66.9999999770751));
#7420=CARTESIAN_POINT('',(20.0000001303852,-35.5000005289912,65.4999999770751));
#7421=CARTESIAN_POINT('Origin',(15.,-35.5000005289912,56.9999999770751));
#7422=CARTESIAN_POINT('',(35.0000005215406,-35.5000005289912,58.4999999770751));
#7423=CARTESIAN_POINT('',(20.,-35.5000005289912,58.4999999770751));
#7424=CARTESIAN_POINT('',(35.0000005215406,-35.5000005289912,56.9999999770751));
#7425=CARTESIAN_POINT('Origin',(30.0000000076834,-2.00000000279397,55.4999999770751));
#7426=CARTESIAN_POINT('',(35.,-2.00000000745058,56.9999999770751));
#7427=CARTESIAN_POINT('',(30.0000000076834,-2.00000000279397,56.9999999770751));
#7428=CARTESIAN_POINT('',(35.,-0.50000000745058,55.4999999770751));
#7429=CARTESIAN_POINT('Origin',(35.,-2.00000000745058,55.4999999770751));
#7430=CARTESIAN_POINT('',(30.0000000090804,-0.500000002793969,55.4999999770751));
#7431=CARTESIAN_POINT('Origin',(25.,-20.00000028871,56.9999999770751));
#7432=CARTESIAN_POINT('',(35.,-3.00000006705523,56.9999999770751));
#7433=CARTESIAN_POINT('',(30.0000002607703,-3.00000006705523,56.9999999770751));
#7434=CARTESIAN_POINT('',(35.,-0.50000000745058,56.9999999770751));
#7435=CARTESIAN_POINT('Origin',(30.0000002607703,-3.00000006705523,58.4999999770751));
#7436=CARTESIAN_POINT('',(35.0000005215406,-4.50000006705523,58.4999999770751));
#7437=CARTESIAN_POINT('',(30.0000002607703,-4.50000006705523,58.4999999770751));
#7438=CARTESIAN_POINT('Origin',(35.,-3.00000006705523,58.4999999770751));
#7439=CARTESIAN_POINT('Origin',(35.0000005215406,-4.50000006705523,56.9999999770751));
#7440=CARTESIAN_POINT('',(35.0000005215406,-4.50000006705523,56.9999999770751));
#7441=CARTESIAN_POINT('Origin',(20.,-37.0000005289912,58.4999999770751));
#7442=CARTESIAN_POINT('',(35.,-37.0000005289912,56.9999999770751));
#7443=CARTESIAN_POINT('Origin',(35.,-37.0000005289912,58.4999999770751));
#7444=CARTESIAN_POINT('',(20.,-37.0000005289912,56.9999999770751));
#7445=CARTESIAN_POINT('Origin',(13.75,-38.0000005885959,55.4999999770751));
#7446=CARTESIAN_POINT('',(35.,-39.5000005885959,55.4999999770751));
#7447=CARTESIAN_POINT('',(35.,-38.0000005885959,56.9999999770751));
#7448=CARTESIAN_POINT('Origin',(35.,-38.0000005885959,55.4999999770751));
#7449=CARTESIAN_POINT('',(13.75,-38.0000005885959,56.9999999770751));
#7450=CARTESIAN_POINT('',(13.75,-39.5000005885959,55.4999999770751));
#7451=CARTESIAN_POINT('Origin',(25.,-20.00000028871,56.9999999770751));
#7452=CARTESIAN_POINT('',(35.,-0.50000000745058,56.9999999770751));
#7453=CARTESIAN_POINT('Origin',(15.,-10.5000000074506,61.9999999770751));
#7454=CARTESIAN_POINT('',(35.0000005215406,-10.5000000074506,61.9999999770751));
#7455=CARTESIAN_POINT('',(25.,-10.5000000074506,61.9999999770751));
#7456=CARTESIAN_POINT('',(35.0000005215406,-18.5000000074506,61.9999999770751));
#7457=CARTESIAN_POINT('',(35.0000005215406,-10.5000000074506,61.9999999770751));
#7458=CARTESIAN_POINT('',(35.0000005215406,-18.5000000074506,61.9999999770751));
#7459=CARTESIAN_POINT('Origin',(25.0000002607703,-18.5000000074506,64.4999999770751));
#7460=CARTESIAN_POINT('',(35.0000005215406,-18.5000000074506,66.9999999770751));
#7461=CARTESIAN_POINT('Origin',(35.,-10.5000000074506,67.0000002750984));
#7462=CARTESIAN_POINT('',(35.,-10.5000000074506,46.9999999770751));
#7463=CARTESIAN_POINT('',(35.,-10.5000000074506,46.9999999770751));
#7464=CARTESIAN_POINT('',(35.,-10.5000000074506,47.0000001260867));
#7465=CARTESIAN_POINT('Origin',(35.0000005215406,-29.5000005885959,61.9999999770751));
#7466=CARTESIAN_POINT('',(35.0000005215406,-29.5000005885959,61.9999999770751));
#7467=CARTESIAN_POINT('',(35.0000002607703,-29.5000005885959,61.9999999770751));
#7468=CARTESIAN_POINT('',(35.0000005215406,-21.5000005885959,61.9999999770751));
#7469=CARTESIAN_POINT('',(15.0000002235174,-21.5000005885959,61.9999999770751));
#7470=CARTESIAN_POINT('',(35.0000005215406,-29.5000005885959,61.9999999770751));
#7471=CARTESIAN_POINT('Origin',(25.000000372529,-21.5000005885959,64.4999999770751));
#7472=CARTESIAN_POINT('',(35.0000005215406,-21.5000005885959,66.9999999770751));
#7473=CARTESIAN_POINT('',(35.0000005215406,-21.5000005885959,66.9999999770751));
#7474=CARTESIAN_POINT('',(35.0000005215406,-21.5000005885959,61.9999999770751));
#7475=CARTESIAN_POINT('Origin',(35.,-29.5000005885959,46.9999999770751));
#7476=CARTESIAN_POINT('',(35.,-29.5000005885959,46.9999999770751));
#7477=CARTESIAN_POINT('',(35.0000005215406,-29.5000005885959,56.9999999770751));
#7478=CARTESIAN_POINT('',(35.,-29.5000005885959,46.9999999770751));
#7479=CARTESIAN_POINT('Origin',(25.0000002607703,-32.5000005587935,66.9999999770751));
#7480=CARTESIAN_POINT('',(35.0000005215406,-29.5000005885959,66.9999999770751));
#7481=CARTESIAN_POINT('Origin',(35.,-5.50000000745058,46.9999999770751));
#7482=CARTESIAN_POINT('',(35.,-22.5000002980232,46.9999999770751));
#7483=CARTESIAN_POINT('Origin',(9.5,-10.2500001387671,32.4999999770751));
#7484=CARTESIAN_POINT('',(9.5,-0.499999988824137,26.9999999770751));
#7485=CARTESIAN_POINT('Origin',(9.5,-0.499999988824137,32.4999999770751));
#7486=CARTESIAN_POINT('',(9.5,-39.5000005885959,26.9999999770751));
#7487=CARTESIAN_POINT('',(9.5,-10.2500001387671,26.9999999770751));
#7488=CARTESIAN_POINT('Origin',(9.5,-39.5000005885959,32.4999999770751));
#7489=CARTESIAN_POINT('Origin',(40.5,-29.7500004386529,32.4999999770751));
#7490=CARTESIAN_POINT('',(40.5,-0.499999988824137,26.9999999770751));
#7491=CARTESIAN_POINT('',(35.,-0.50000000745058,32.4999999770751));
#7492=CARTESIAN_POINT('Origin',(40.5,-0.500000012572852,32.4999999770751));
#7493=CARTESIAN_POINT('',(35.,-39.5000005885959,32.4999999770751));
#7494=CARTESIAN_POINT('',(35.,-29.7500004386529,32.4999999770751));
#7495=CARTESIAN_POINT('',(40.5,-39.5000005885959,26.9999999770751));
#7496=CARTESIAN_POINT('Origin',(40.5,-39.5000005885959,32.4999999770751));
#7497=CARTESIAN_POINT('',(40.5,-29.7500004386529,26.9999999770751));
#7498=CARTESIAN_POINT('Origin',(35.,-39.5000005885959,26.9999999770751));
#7499=CARTESIAN_POINT('',(35.,-39.5000005885959,26.9999999770751));
#7500=CARTESIAN_POINT('',(35.,-0.50000000745058,26.9999999770751));
#7501=CARTESIAN_POINT('Origin',(35.,-0.50000000745058,26.9999999770751));
#7502=CARTESIAN_POINT('',(15.,-0.499999988824136,26.9999999770751));
#7503=CARTESIAN_POINT('',(2.5,-0.499999988824137,26.9999999770751));
#7504=CARTESIAN_POINT('',(15.,-0.499999988824136,26.9999999770751));
#7505=CARTESIAN_POINT('Origin',(25.,-20.00000028871,26.9999999770751));
#7506=CARTESIAN_POINT('',(47.5,-39.5000005885959,26.9999999770751));
#7507=CARTESIAN_POINT('',(47.5,-39.5000005885959,26.9999999770751));
#7508=CARTESIAN_POINT('',(50.,-37.0000005885959,26.9999999770751));
#7509=CARTESIAN_POINT('Origin',(47.5,-37.0000005885959,26.9999999770751));
#7510=CARTESIAN_POINT('',(50.,-2.99999998882414,26.9999999770751));
#7511=CARTESIAN_POINT('',(50.,-2.99999998882414,26.9999999770751));
#7512=CARTESIAN_POINT('',(47.5,-0.499999988824134,26.9999999770751));
#7513=CARTESIAN_POINT('Origin',(47.5,-2.99999998882414,26.9999999770751));
#7514=CARTESIAN_POINT('',(2.5,-0.499999988824137,26.9999999770751));
#7515=CARTESIAN_POINT('',(45.264499910593,-30.0000004284084,26.9999999770751));
#7516=CARTESIAN_POINT('Origin',(43.999999910593,-30.0000004284084,26.9999999770751));
#7517=CARTESIAN_POINT('',(45.264499910593,-10.0000001490116,26.9999999770751));
#7518=CARTESIAN_POINT('Origin',(43.999999910593,-10.0000001490116,26.9999999770751));
#7519=CARTESIAN_POINT('Origin',(25.,-20.00000028871,26.9999999770751));
#7520=CARTESIAN_POINT('',(2.5,-0.499999988824138,26.9999999770751));
#7521=CARTESIAN_POINT('',(2.5,-0.499999988824137,26.9999999770751));
#7522=CARTESIAN_POINT('',(0.,-2.99999998882414,26.9999999770751));
#7523=CARTESIAN_POINT('Origin',(2.5,-2.99999998882413,26.9999999770751));
#7524=CARTESIAN_POINT('',(0.,-37.0000005885959,26.9999999770751));
#7525=CARTESIAN_POINT('',(-1.94289029309402E-15,-37.0000005885959,26.9999999770751));
#7526=CARTESIAN_POINT('',(2.5,-39.5000005885959,26.9999999770751));
#7527=CARTESIAN_POINT('Origin',(2.5,-37.0000005885959,26.9999999770751));
#7528=CARTESIAN_POINT('',(47.5,-39.5000005885959,26.9999999770751));
#7529=CARTESIAN_POINT('',(7.26450008940697,-30.0000004284084,26.9999999770751));
#7530=CARTESIAN_POINT('Origin',(6.00000008940697,-30.0000004284084,26.9999999770751));
#7531=CARTESIAN_POINT('',(7.26450008940697,-10.0000001490116,26.9999999770751));
#7532=CARTESIAN_POINT('Origin',(6.00000008940697,-10.0000001490116,26.9999999770751));
#7533=CARTESIAN_POINT('Origin',(6.00000008940697,-30.0000004284084,19.9999999770751));
#7534=CARTESIAN_POINT('',(7.26450008940697,-30.0000004284084,19.9999999770751));
#7535=CARTESIAN_POINT('',(7.26450008940697,-30.0000004284084,19.9999999770751));
#7536=CARTESIAN_POINT('Origin',(6.00000008940697,-30.0000004284084,19.9999999770751));
#7537=CARTESIAN_POINT('Origin',(6.00000008940697,-10.0000001490116,19.9999999770751));
#7538=CARTESIAN_POINT('',(7.26450008940697,-10.0000001490116,19.9999999770751));
#7539=CARTESIAN_POINT('',(7.26450008940697,-10.0000001490116,19.9999999770751));
#7540=CARTESIAN_POINT('Origin',(6.00000008940697,-10.0000001490116,19.9999999770751));
#7541=CARTESIAN_POINT('Origin',(43.999999910593,-10.0000001490116,19.9999999770751));
#7542=CARTESIAN_POINT('',(45.264499910593,-10.0000001490116,19.9999999770751));
#7543=CARTESIAN_POINT('',(45.264499910593,-10.0000001490116,19.9999999770751));
#7544=CARTESIAN_POINT('Origin',(43.999999910593,-10.0000001490116,19.9999999770751));
#7545=CARTESIAN_POINT('Origin',(43.999999910593,-30.0000004284084,19.9999999770751));
#7546=CARTESIAN_POINT('',(45.264499910593,-30.0000004284084,19.9999999770751));
#7547=CARTESIAN_POINT('',(45.264499910593,-30.0000004284084,19.9999999770751));
#7548=CARTESIAN_POINT('Origin',(43.999999910593,-30.0000004284084,19.9999999770751));
#7549=CARTESIAN_POINT('Origin',(2.77555756156289E-16,-2.99999998882414,
19.9999999770751));
#7550=CARTESIAN_POINT('',(-1.94289029309402E-15,-37.0000005885959,19.9999999770751));
#7551=CARTESIAN_POINT('',(0.,-2.99999998882414,19.9999999770751));
#7552=CARTESIAN_POINT('',(-1.94289029309402E-15,-37.0000005885959,19.9999999770751));
#7553=CARTESIAN_POINT('',(-1.94289029309402E-15,-37.0000005885959,19.9999999770751));
#7554=CARTESIAN_POINT('',(0.,-2.99999998882414,19.9999999770751));
#7555=CARTESIAN_POINT('Origin',(2.5,-2.99999998882413,19.9999999770751));
#7556=CARTESIAN_POINT('',(2.5,-0.499999988824137,19.9999999770751));
#7557=CARTESIAN_POINT('Origin',(2.5,-2.99999998882413,19.9999999770751));
#7558=CARTESIAN_POINT('',(2.5,-0.499999988824137,19.9999999770751));
#7559=CARTESIAN_POINT('Origin',(47.5,-0.499999988824137,19.9999999770751));
#7560=CARTESIAN_POINT('',(47.5,-0.499999988824133,19.9999999770751));
#7561=CARTESIAN_POINT('',(2.5,-0.499999988824137,19.9999999770751));
#7562=CARTESIAN_POINT('',(47.5,-0.499999988824133,19.9999999770751));
#7563=CARTESIAN_POINT('Origin',(47.5,-2.99999998882414,19.9999999770751));
#7564=CARTESIAN_POINT('',(50.,-2.99999998882414,19.9999999770751));
#7565=CARTESIAN_POINT('Origin',(47.5,-2.99999998882414,19.9999999770751));
#7566=CARTESIAN_POINT('',(50.,-2.99999998882414,19.9999999770751));
#7567=CARTESIAN_POINT('Origin',(50.,-37.0000005885959,19.9999999770751));
#7568=CARTESIAN_POINT('',(50.,-37.0000005885959,19.9999999770751));
#7569=CARTESIAN_POINT('',(50.,-2.99999998882414,19.9999999770751));
#7570=CARTESIAN_POINT('',(50.,-37.0000005885959,19.9999999770751));
#7571=CARTESIAN_POINT('Origin',(47.5,-37.0000005885959,19.9999999770751));
#7572=CARTESIAN_POINT('',(47.5,-39.5000005885959,19.9999999770751));
#7573=CARTESIAN_POINT('Origin',(47.5,-37.0000005885959,19.9999999770751));
#7574=CARTESIAN_POINT('',(47.5,-39.5000005885959,19.9999999770751));
#7575=CARTESIAN_POINT('Origin',(2.5,-39.5000005885959,19.9999999770751));
#7576=CARTESIAN_POINT('',(2.5,-39.5000005885959,19.9999999770751));
#7577=CARTESIAN_POINT('',(2.5,-39.5000005885959,19.9999999770751));
#7578=CARTESIAN_POINT('',(47.5,-39.5000005885959,19.9999999770751));
#7579=CARTESIAN_POINT('Origin',(2.5,-37.0000005885959,19.9999999770751));
#7580=CARTESIAN_POINT('Origin',(2.5,-37.0000005885959,19.9999999770751));
#7581=CARTESIAN_POINT('Origin',(25.,-20.00000028871,19.9999999770751));
#7582=CARTESIAN_POINT('',(0.,0.,0.));
#7583=CARTESIAN_POINT('Origin',(35.,-20.0000002980232,54.5000008121133));
#7584=CARTESIAN_POINT('',(35.,-20.2500002980232,54.5000008121133));
#7585=CARTESIAN_POINT('Origin',(35.,-20.0000002980232,54.5000008121133));
#7586=CARTESIAN_POINT('',(30.,-20.2500002980232,54.5000008121133));
#7587=CARTESIAN_POINT('',(35.,-20.2500002980232,54.5000008121133));
#7588=CARTESIAN_POINT('Origin',(30.,-20.0000002980232,54.5000008121133));
#7589=CARTESIAN_POINT('Origin',(30.,-20.0000002980232,54.5000008121133));
#7590=CARTESIAN_POINT('Origin',(39.5,-20.0000002980232,54.5000008121133));
#7591=CARTESIAN_POINT('',(40.,-23.5000002980232,54.5000008121133));
#7592=CARTESIAN_POINT('Origin',(40.,-20.0000002980232,54.5000008121133));
#7593=CARTESIAN_POINT('',(39.,-22.5000002980232,54.5000008121133));
#7594=CARTESIAN_POINT('',(39.5,-23.0000002980232,54.5000008121133));
#7595=CARTESIAN_POINT('Origin',(39.,-20.0000002980232,54.5000008121133));
#7596=CARTESIAN_POINT('Origin',(40.,-20.0000002980232,54.5000008121133));
#7597=CARTESIAN_POINT('',(35.,-22.5000002980232,54.5000008121133));
#7598=CARTESIAN_POINT('',(40.,-22.5000002980232,54.5000008121133));
#7599=CARTESIAN_POINT('Origin',(35.,-20.0000002980232,54.5000008121133));
#7600=CARTESIAN_POINT('Origin',(40.,-19.9999995529652,54.4999987818301));
#7601=CARTESIAN_POINT('',(40.,-11.0999997630715,47.099998947233));
#7602=CARTESIAN_POINT('',(40.,-10.5999997630715,47.599998947233));
#7603=CARTESIAN_POINT('Origin',(40.,-11.0999997630715,47.599998947233));
#7604=CARTESIAN_POINT('',(40.,-10.5999997630715,61.3999986164272));
#7605=CARTESIAN_POINT('',(40.,-10.5999997630715,61.3999986164272));
#7606=CARTESIAN_POINT('',(40.,-11.0999997630715,61.8999986164272));
#7607=CARTESIAN_POINT('Origin',(40.,-11.0999997630715,61.3999986164272));
#7608=CARTESIAN_POINT('',(40.,-28.8999993428588,61.8999986164272));
#7609=CARTESIAN_POINT('',(40.,-28.8999993428588,61.8999986164272));
#7610=CARTESIAN_POINT('',(40.,-29.3999993428588,61.3999986164272));
#7611=CARTESIAN_POINT('Origin',(40.,-28.8999993428588,61.3999986164272));
#7612=CARTESIAN_POINT('',(40.,-29.3999993428588,47.599998947233));
#7613=CARTESIAN_POINT('',(40.,-29.3999993428588,47.599998947233));
#7614=CARTESIAN_POINT('',(40.,-28.8999993428588,47.099998947233));
#7615=CARTESIAN_POINT('Origin',(40.,-28.8999993428588,47.599998947233));
#7616=CARTESIAN_POINT('',(40.,-11.0999997630715,47.099998947233));
#7617=CARTESIAN_POINT('',(40.,-13.2499986961484,50.0000007450581));
#7618=CARTESIAN_POINT('Origin',(40.,-12.4999986961484,50.0000007450581));
#7619=CARTESIAN_POINT('',(40.,-28.2500004097819,60.0000008940697));
#7620=CARTESIAN_POINT('Origin',(40.,-27.5000004097819,60.0000008940697));
#7621=CARTESIAN_POINT('',(40.,-28.2500004097819,50.0000007450581));
#7622=CARTESIAN_POINT('Origin',(40.,-27.5000004097819,50.0000007450581));
#7623=CARTESIAN_POINT('',(40.,-13.2499986961484,60.0000008940697));
#7624=CARTESIAN_POINT('Origin',(40.,-12.4999986961484,60.0000008940697));
#7625=CARTESIAN_POINT('Origin',(35.,-20.0000002980232,54.5000008121133));
#7626=CARTESIAN_POINT('Origin',(40.,-12.4999986961484,60.0000008940697));
#7627=CARTESIAN_POINT('',(38.,-13.2499986961484,60.0000008940697));
#7628=CARTESIAN_POINT('',(40.,-13.2499986961484,60.0000008940697));
#7629=CARTESIAN_POINT('Origin',(38.,-12.4999986961484,60.0000008940697));
#7630=CARTESIAN_POINT('Origin',(38.,-12.4999986961484,60.0000008940697));
#7631=CARTESIAN_POINT('Origin',(40.,-27.5000004097819,50.0000007450581));
#7632=CARTESIAN_POINT('',(38.,-28.2500004097819,50.0000007450581));
#7633=CARTESIAN_POINT('',(40.,-28.2500004097819,50.0000007450581));
#7634=CARTESIAN_POINT('Origin',(38.,-27.5000004097819,50.0000007450581));
#7635=CARTESIAN_POINT('Origin',(38.,-27.5000004097819,50.0000007450581));
#7636=CARTESIAN_POINT('Origin',(40.,-27.5000004097819,60.0000008940697));
#7637=CARTESIAN_POINT('',(38.,-28.2500004097819,60.0000008940697));
#7638=CARTESIAN_POINT('',(40.,-28.2500004097819,60.0000008940697));
#7639=CARTESIAN_POINT('Origin',(38.,-27.5000004097819,60.0000008940697));
#7640=CARTESIAN_POINT('Origin',(38.,-27.5000004097819,60.0000008940697));
#7641=CARTESIAN_POINT('Origin',(40.,-12.4999986961484,50.0000007450581));
#7642=CARTESIAN_POINT('',(38.,-13.2499986961484,50.0000007450581));
#7643=CARTESIAN_POINT('',(40.,-13.2499986961484,50.0000007450581));
#7644=CARTESIAN_POINT('Origin',(38.,-12.4999986961484,50.0000007450581));
#7645=CARTESIAN_POINT('Origin',(38.,-12.4999986961484,50.0000007450581));
#7646=CARTESIAN_POINT('Origin',(15.,-10.5999997630715,61.3999986164272));
#7647=CARTESIAN_POINT('',(2.,-10.5999997630715,47.599998947233));
#7648=CARTESIAN_POINT('',(15.,-10.5999997630715,47.599998947233));
#7649=CARTESIAN_POINT('',(2.,-10.5999997630715,61.3999986164272));
#7650=CARTESIAN_POINT('',(2.,-10.5999997630715,61.3999986164272));
#7651=CARTESIAN_POINT('',(15.,-10.5999997630715,61.3999986164272));
#7652=CARTESIAN_POINT('Origin',(15.,-11.0999997630715,61.3999986164272));
#7653=CARTESIAN_POINT('',(2.,-11.0999997630715,61.8999986164272));
#7654=CARTESIAN_POINT('Origin',(2.,-11.0999997630715,61.3999986164272));
#7655=CARTESIAN_POINT('',(15.,-11.0999997630715,61.8999986164272));
#7656=CARTESIAN_POINT('Origin',(15.,-28.8999993428588,61.8999986164272));
#7657=CARTESIAN_POINT('',(2.,-28.8999993428588,61.8999986164272));
#7658=CARTESIAN_POINT('',(2.,-28.8999993428588,61.8999986164272));
#7659=CARTESIAN_POINT('',(15.,-28.8999993428588,61.8999986164272));
#7660=CARTESIAN_POINT('Origin',(15.,-28.8999993428588,61.3999986164272));
#7661=CARTESIAN_POINT('',(2.,-29.3999993428588,61.3999986164272));
#7662=CARTESIAN_POINT('Origin',(2.,-28.8999993428588,61.3999986164272));
#7663=CARTESIAN_POINT('',(15.,-29.3999993428588,61.3999986164272));
#7664=CARTESIAN_POINT('Origin',(15.,-29.3999993428588,47.599998947233));
#7665=CARTESIAN_POINT('',(2.,-29.3999993428588,47.599998947233));
#7666=CARTESIAN_POINT('',(2.,-29.3999993428588,47.599998947233));
#7667=CARTESIAN_POINT('',(15.,-29.3999993428588,47.599998947233));
#7668=CARTESIAN_POINT('Origin',(15.,-28.8999993428588,47.599998947233));
#7669=CARTESIAN_POINT('',(2.,-28.8999993428588,47.099998947233));
#7670=CARTESIAN_POINT('Origin',(2.,-28.8999993428588,47.599998947233));
#7671=CARTESIAN_POINT('',(15.,-28.8999993428588,47.099998947233));
#7672=CARTESIAN_POINT('Origin',(15.,-11.0999997630715,47.099998947233));
#7673=CARTESIAN_POINT('',(2.,-11.0999997630715,47.099998947233));
#7674=CARTESIAN_POINT('',(2.,-11.0999997630715,47.099998947233));
#7675=CARTESIAN_POINT('',(15.,-11.0999997630715,47.099998947233));
#7676=CARTESIAN_POINT('Origin',(15.,-11.0999997630715,47.599998947233));
#7677=CARTESIAN_POINT('Origin',(2.,-11.0999997630715,47.599998947233));
#7678=CARTESIAN_POINT('Origin',(2.,-19.9999995529652,54.4999987818301));
#7679=CARTESIAN_POINT('',(0.,0.,0.));
#7680=CARTESIAN_POINT('Origin',(270.899992380291,-5.59999987483025,13.9999999770751));
#7681=CARTESIAN_POINT('',(266.09999248758,-5.59999987483025,29.0434736064624));
#7682=CARTESIAN_POINT('',(266.516409524808,-5.59999987483025,28.9321789869147));
#7683=CARTESIAN_POINT('',(170.4244814032,-5.59999987483025,54.6144004759475));
#7684=CARTESIAN_POINT('',(266.09999248758,-5.59999987483025,27.3741238931597));
#7685=CARTESIAN_POINT('',(266.09999248758,-5.59999987483025,13.9999999770751));
#7686=CARTESIAN_POINT('',(265.445639750821,-5.59999987483025,24.9258148100218));
#7687=CARTESIAN_POINT('Origin',(266.09999248758,-5.59999987483025,13.9999999770751));
#7688=CARTESIAN_POINT('',(266.09999248758,-34.3999992311001,29.0434736064624));
#7689=CARTESIAN_POINT('',(266.09999248758,-22.5500002317131,29.0434736064624));
#7690=CARTESIAN_POINT('',(266.09999248758,-34.3999992311001,27.3741238931597));
#7691=CARTESIAN_POINT('',(266.09999248758,-34.3999992311001,13.9999999770751));
#7692=CARTESIAN_POINT('',(266.09999248758,-22.5500002317131,27.3741238931597));
#7693=CARTESIAN_POINT('Origin',(266.09999248758,-34.3999992311001,13.9999999770751));
#7694=CARTESIAN_POINT('',(266.516409524808,-34.3999992311001,28.9321789869147));
#7695=CARTESIAN_POINT('',(168.184488122203,-34.3999992311001,55.213077229563));
#7696=CARTESIAN_POINT('',(265.285633085462,-34.3999992311001,24.3271380564063));
#7697=CARTESIAN_POINT('Origin',(66.5164095248076,-39.5000005885959,82.3856208962725));
#7698=CARTESIAN_POINT('',(266.516409524808,-5.50000058859593,28.9321789869147));
#7699=CARTESIAN_POINT('',(266.516409524808,-39.5000005885959,28.9321789869147));
#7700=CARTESIAN_POINT('',(66.5164095248076,-5.50000058859593,82.3856208962727));
#7701=CARTESIAN_POINT('',(116.516409524808,-5.50000058859593,69.022260418933));
#7702=CARTESIAN_POINT('',(66.5164095248076,-34.5000005885959,82.3856208962727));
#7703=CARTESIAN_POINT('',(66.5164095248076,-39.5000005885959,82.3856208962725));
#7704=CARTESIAN_POINT('',(266.516409524808,-34.5000005885959,28.9321789869147));
#7705=CARTESIAN_POINT('',(116.516409524808,-34.5000005885959,69.022260418933));
#7706=CARTESIAN_POINT('',(266.516409524808,-39.5000005885959,28.9321789869147));
#7707=CARTESIAN_POINT('Origin',(166.903715930806,-34.5000005885959,57.1080354590222));
#7708=CARTESIAN_POINT('',(66.0000009834766,-34.5000005885959,80.4534402063681));
#7709=CARTESIAN_POINT('',(66.4518584571413,-34.5000005885959,82.1440983100346));
#7710=CARTESIAN_POINT('',(266.000000983477,-34.5000005885959,26.99999829701));
#7711=CARTESIAN_POINT('',(216.000000983477,-34.5000005885959,40.3633587743495));
#7712=CARTESIAN_POINT('',(267.355573404471,-34.5000005885959,32.0719726080097));
#7713=CARTESIAN_POINT('Origin',(267.807430878135,-39.5000005885959,33.7626307116763));
#7714=CARTESIAN_POINT('',(266.000000983477,-5.50000000745065,26.99999829701));
#7715=CARTESIAN_POINT('',(266.000000983477,-39.5000005885959,26.99999829701));
#7716=CARTESIAN_POINT('',(267.355573404471,-5.50000058859593,32.0719726080097));
#7717=CARTESIAN_POINT('Origin',(66.0000009834766,-39.5000005885959,80.4534402063681));
#7718=CARTESIAN_POINT('',(66.0000009834766,-5.50000058859593,80.4534402063681));
#7719=CARTESIAN_POINT('',(66.4518584571413,-5.50000058859593,82.1440983100346));
#7720=CARTESIAN_POINT('',(66.0000009834766,-39.5000005885959,80.4534402063681));
#7721=CARTESIAN_POINT('Origin',(166.903715930806,-5.50000058859593,57.1080354590222));
#7722=CARTESIAN_POINT('',(216.000000983477,-5.50000058859593,40.3633587743495));
#7723=CARTESIAN_POINT('Origin',(266.000000983477,-39.5000005885959,26.99999829701));
#7724=CARTESIAN_POINT('Origin',(216.000000983477,-5.50000000745065,19.99999829701));
#7725=CARTESIAN_POINT('',(266.000000983477,-5.50000000745065,24.99999829701));
#7726=CARTESIAN_POINT('',(66.0000009834766,-5.50000000745065,24.99999829701));
#7727=CARTESIAN_POINT('',(178.500000983477,-5.50000000745065,24.99999829701));
#7728=CARTESIAN_POINT('',(66.0000009834766,-5.50000000745065,26.99999829701));
#7729=CARTESIAN_POINT('',(66.0000009834766,-5.50000000745065,19.99999829701));
#7730=CARTESIAN_POINT('',(266.000000983477,-5.50000000745065,26.99999829701));
#7731=CARTESIAN_POINT('',(178.500000983477,-5.50000000745065,26.99999829701));
#7732=CARTESIAN_POINT('',(266.000000983477,-5.50000000745065,19.99999829701));
#7733=CARTESIAN_POINT('Origin',(141.000000983477,-20.0000002980233,26.99999829701));
#7734=CARTESIAN_POINT('',(66.0000009834766,-34.5000005885959,26.99999829701));
#7735=CARTESIAN_POINT('',(266.000000983477,-34.5000005885959,26.99999829701));
#7736=CARTESIAN_POINT('',(103.500000983477,-34.5000005885959,26.99999829701));
#7737=CARTESIAN_POINT('',(266.000000983477,-39.5000005885959,26.99999829701));
#7738=CARTESIAN_POINT('',(66.0000009834766,-0.500000007450646,26.99999829701));
#7739=CARTESIAN_POINT('Origin',(66.0000009834766,-0.500000007450646,19.99999829701));
#7740=CARTESIAN_POINT('',(66.0000009834766,-34.5000005885959,24.99999829701));
#7741=CARTESIAN_POINT('',(66.0000009834766,-34.5000005885959,19.99999829701));
#7742=CARTESIAN_POINT('',(66.0000009834766,-10.250000152737,24.99999829701));
#7743=CARTESIAN_POINT('Origin',(141.000000983477,-20.0000002980233,24.99999829701));
#7744=CARTESIAN_POINT('',(266.000000983477,-34.5000005885959,24.99999829701));
#7745=CARTESIAN_POINT('',(103.500000983477,-34.5000005885959,24.99999829701));
#7746=CARTESIAN_POINT('',(266.000000983477,-29.7500004433096,24.99999829701));
#7747=CARTESIAN_POINT('Origin',(266.000000983477,-39.5000005885959,19.99999829701));
#7748=CARTESIAN_POINT('',(266.000000983477,-34.5000005885959,19.99999829701));
#7749=CARTESIAN_POINT('Origin',(66.0000009834766,-34.5000005885959,19.99999829701));
#7750=CARTESIAN_POINT('',(0.,0.,0.));
#7751=CARTESIAN_POINT('Origin',(383.,-20.,10.0000001490116));
#7752=CARTESIAN_POINT('',(383.,-7.00000029802323,0.));
#7753=CARTESIAN_POINT('',(383.,-0.499999999999998,0.));
#7754=CARTESIAN_POINT('',(383.,-13.5000001490116,0.));
#7755=CARTESIAN_POINT('',(383.,0.,0.5));
#7756=CARTESIAN_POINT('Origin',(383.,-0.5,0.5));
#7757=CARTESIAN_POINT('',(383.,0.,7.));
#7758=CARTESIAN_POINT('',(383.,-1.11022302462516E-15,5.25000007450581));
#7759=CARTESIAN_POINT('',(383.,-0.500000007450581,7.00000010430813));
#7760=CARTESIAN_POINT('',(383.,-10.000000312924,7.00000208616259));
#7761=CARTESIAN_POINT('',(383.,-0.500000007450581,7.50000011175871));
#7762=CARTESIAN_POINT('',(383.,-0.500000007450581,8.50000012665987));
#7763=CARTESIAN_POINT('',(383.,-1.50000072924827,7.49999973196081));
#7764=CARTESIAN_POINT('',(383.,-10.2499995289768,7.49999640873203));
#7765=CARTESIAN_POINT('',(383.,-1.50000047828288,2.89651899650418));
#7766=CARTESIAN_POINT('',(383.,-1.50000079739386,8.75000044476328));
#7767=CARTESIAN_POINT('',(383.,-5.50000075595331,6.89651905610883));
#7768=CARTESIAN_POINT('',(383.,-7.90087089897756,9.29738906824618));
#7769=CARTESIAN_POINT('',(383.,-5.50000008195639,13.1034806440507));
#7770=CARTESIAN_POINT('',(383.,-5.50000008195639,8.44825960256022));
#7771=CARTESIAN_POINT('',(383.,-1.50000002235174,17.1034809217211));
#7772=CARTESIAN_POINT('',(383.,-9.90086998760496,8.70261049848236));
#7773=CARTESIAN_POINT('',(383.,-1.50000002235174,12.5000001862645));
#7774=CARTESIAN_POINT('',(383.,-1.50000002235174,13.5517405353664));
#7775=CARTESIAN_POINT('',(383.,-0.500000007450581,12.5000001862645));
#7776=CARTESIAN_POINT('',(383.,-10.7500000111759,12.5000001862645));
#7777=CARTESIAN_POINT('',(383.,-0.500000007450581,13.0000001937151));
#7778=CARTESIAN_POINT('',(383.,-0.500000007450581,11.2500001676381));
#7779=CARTESIAN_POINT('',(383.,0.,13.));
#7780=CARTESIAN_POINT('',(383.,-10.2499994225785,13.0000039711592));
#7781=CARTESIAN_POINT('',(383.,0.,19.5));
#7782=CARTESIAN_POINT('',(383.,-1.11022302462516E-15,11.5000000745058));
#7783=CARTESIAN_POINT('',(383.,-0.500000000000003,20.));
#7784=CARTESIAN_POINT('Origin',(383.,-0.500000000000004,19.5));
#7785=CARTESIAN_POINT('',(383.,-7.,20.0000002980232));
#7786=CARTESIAN_POINT('',(383.,-10.2499997707513,20.0000004470348));
#7787=CARTESIAN_POINT('',(383.,-7.00000010430813,19.5000002905726));
#7788=CARTESIAN_POINT('',(383.,-7.00000104308156,14.999998867512));
#7789=CARTESIAN_POINT('',(383.,-7.50000011175871,19.5000002905726));
#7790=CARTESIAN_POINT('',(383.,-13.5000000521541,19.5000002905726));
#7791=CARTESIAN_POINT('',(383.,-7.49999973196081,18.4999995687749));
#7792=CARTESIAN_POINT('',(383.,-7.49999830772086,14.750002593528));
#7793=CARTESIAN_POINT('',(383.,-2.89651899650418,18.4999998197403));
#7794=CARTESIAN_POINT('',(383.,-13.7500000976753,18.4999992280472));
#7795=CARTESIAN_POINT('',(383.,-6.89651905610883,14.4999995420699));
#7796=CARTESIAN_POINT('',(383.,-9.29738893195508,12.0991295353368));
#7797=CARTESIAN_POINT('',(383.,-13.1034806440507,14.5000002160668));
#7798=CARTESIAN_POINT('',(383.,-13.4482595280544,14.5000002160668));
#7799=CARTESIAN_POINT('',(383.,-17.1034809217212,18.5000002756715));
#7800=CARTESIAN_POINT('',(383.,-13.7026105602677,15.0991300996213));
#7801=CARTESIAN_POINT('',(383.,-12.5000001862645,18.5000002756715));
#7802=CARTESIAN_POINT('',(383.,-18.5517404608606,18.5000002756715));
#7803=CARTESIAN_POINT('',(383.,-12.5000001862645,19.5000002905726));
#7804=CARTESIAN_POINT('',(383.,-12.5000001862645,14.2500002123415));
#7805=CARTESIAN_POINT('',(383.,-13.0000001937151,19.5000002905726));
#7806=CARTESIAN_POINT('',(383.,-16.2500000931323,19.5000002905726));
#7807=CARTESIAN_POINT('',(383.,-13.,20.0000002980232));
#7808=CARTESIAN_POINT('',(383.,-13.000002034009,14.7499988637872));
#7809=CARTESIAN_POINT('',(383.,-27.0000005960464,19.9999997019768));
#7810=CARTESIAN_POINT('',(383.,-16.5000002128737,20.0000001490116));
#7811=CARTESIAN_POINT('',(383.,-27.0000004023314,19.4999996945262));
#7812=CARTESIAN_POINT('',(383.,-26.9999986588951,14.9999985694892));
#7813=CARTESIAN_POINT('',(383.,-27.5000004097819,19.4999996945262));
#7814=CARTESIAN_POINT('',(383.,-23.5000002011657,19.4999996945262));
#7815=CARTESIAN_POINT('',(383.,-27.4999998137355,18.5000002756715));
#7816=CARTESIAN_POINT('',(383.,-27.4999975785585,14.749997686595));
#7817=CARTESIAN_POINT('',(383.,-22.8965190782788,18.5000002756715));
#7818=CARTESIAN_POINT('',(383.,-23.7499999068677,18.5000002756715));
#7819=CARTESIAN_POINT('',(383.,-26.8965193559493,14.5000002160668));
#7820=CARTESIAN_POINT('',(383.,-24.2973893008971,17.0991301294237));
#7821=CARTESIAN_POINT('',(383.,-33.1034809438912,14.4999995420699));
#7822=CARTESIAN_POINT('',(383.,-23.4482596779746,14.5000002160668));
#7823=CARTESIAN_POINT('',(383.,-37.1034810034958,18.4999998197403));
#7824=CARTESIAN_POINT('',(383.,-28.7026110382426,10.0991293965016));
#7825=CARTESIAN_POINT('',(383.,-32.5000002680392,18.4999995687749));
#7826=CARTESIAN_POINT('',(383.,-28.5517402700531,18.4999993535299));
#7827=CARTESIAN_POINT('',(383.,-32.5000004842877,19.4999996945262));
#7828=CARTESIAN_POINT('',(383.,-32.4999993489828,14.2499985073402));
#7829=CARTESIAN_POINT('',(383.,-33.0000004917383,19.4999996945262));
#7830=CARTESIAN_POINT('',(383.,-26.2500002421439,19.4999996945262));
#7831=CARTESIAN_POINT('',(383.,-33.0000005960464,19.9999997019768));
#7832=CARTESIAN_POINT('',(383.,-32.9999995008109,14.7499985657634));
#7833=CARTESIAN_POINT('',(383.,-39.4999999787126,19.9999999787126));
#7834=CARTESIAN_POINT('',(383.,-26.5000000851495,19.9999994252409));
#7835=CARTESIAN_POINT('',(383.,-40.,19.4999999787126));
#7836=CARTESIAN_POINT('Origin',(383.,-39.5,19.4999999787126));
#7837=CARTESIAN_POINT('',(383.,-40.,13.));
#7838=CARTESIAN_POINT('',(383.,-40.,14.7500000638621));
#7839=CARTESIAN_POINT('',(383.,-39.4999999925494,13.0000001937151));
#7840=CARTESIAN_POINT('',(383.,-30.0000005811468,13.0000038743017));
#7841=CARTESIAN_POINT('',(383.,-39.4999999925494,12.5000001862645));
#7842=CARTESIAN_POINT('',(383.,-39.4999999925494,11.5000001713634));
#7843=CARTESIAN_POINT('',(383.,-38.4999999776483,12.5000001862645));
#7844=CARTESIAN_POINT('',(383.,-29.7499999962747,12.5000001862645));
#7845=CARTESIAN_POINT('',(383.,-38.4999999776483,17.1034809217211));
#7846=CARTESIAN_POINT('',(383.,-38.4999999776483,11.2500001676381));
#7847=CARTESIAN_POINT('',(383.,-34.4999999180436,13.1034806440507));
#7848=CARTESIAN_POINT('',(383.,-32.0991300421974,10.7026106373176));
#7849=CARTESIAN_POINT('',(383.,-34.4999992440467,6.89651905610883));
#7850=CARTESIAN_POINT('',(383.,-34.5000005140901,11.5517403965312));
#7851=CARTESIAN_POINT('',(383.,-38.4999995217171,2.89651899650418));
#7852=CARTESIAN_POINT('',(383.,-30.0991289621872,11.2973890980485));
#7853=CARTESIAN_POINT('',(383.,-38.4999992707517,7.49999973196081));
#7854=CARTESIAN_POINT('',(383.,-38.4999993280888,6.44826007703497));
#7855=CARTESIAN_POINT('',(383.,-39.4999999925494,7.50000011175871));
#7856=CARTESIAN_POINT('',(383.,-29.2500001101243,7.49999621883309));
#7857=CARTESIAN_POINT('',(383.,-39.4999999925494,7.00000010430813));
#7858=CARTESIAN_POINT('',(383.,-39.4999999925494,8.75000013038516));
#7859=CARTESIAN_POINT('',(383.,-40.,7.));
#7860=CARTESIAN_POINT('',(383.,-29.7499996833508,7.00000213831663));
#7861=CARTESIAN_POINT('',(383.,-40.,0.500000042574751));
#7862=CARTESIAN_POINT('',(383.,-40.,8.50000007450581));
#7863=CARTESIAN_POINT('',(383.,-39.4999999574253,4.25747503918217E-8));
#7864=CARTESIAN_POINT('Origin',(383.,-39.5,0.50000004257475));
#7865=CARTESIAN_POINT('',(383.,-33.0000002980232,5.9604645663569E-7));
#7866=CARTESIAN_POINT('',(383.,-29.7499995529652,8.72782388028348E-7));
#7867=CARTESIAN_POINT('',(383.,-33.0000004917383,0.500000603497033));
#7868=CARTESIAN_POINT('',(383.,-33.0000022351731,4.999997854232));
#7869=CARTESIAN_POINT('',(383.,-32.5000004842877,0.500000603497033));
#7870=CARTESIAN_POINT('',(383.,-26.5000002458692,0.500000603497033));
#7871=CARTESIAN_POINT('',(383.,-32.4999998882413,1.50000002235174));
#7872=CARTESIAN_POINT('',(383.,-32.4999976530634,5.25000410154524));
#7873=CARTESIAN_POINT('',(383.,-37.1034806236979,1.50000002235174));
#7874=CARTESIAN_POINT('',(383.,-26.2499999441206,1.50000002235174));
#7875=CARTESIAN_POINT('',(383.,-33.1034803460275,5.50000008195639));
#7876=CARTESIAN_POINT('',(383.,-30.7026102030032,7.90087009409374));
#7877=CARTESIAN_POINT('',(383.,-26.8965187580856,5.50000075595331));
#7878=CARTESIAN_POINT('',(383.,-26.5517401730138,5.50000008195639));
#7879=CARTESIAN_POINT('',(383.,-22.896518698481,1.50000047828288));
#7880=CARTESIAN_POINT('',(383.,-26.2973890108222,4.90087097602748));
#7881=CARTESIAN_POINT('',(383.,-27.4999994339376,1.50000072924827));
#7882=CARTESIAN_POINT('',(383.,-21.4482595809354,1.50000039932894));
#7883=CARTESIAN_POINT('',(383.,-27.5000004097819,0.500000603497037));
#7884=CARTESIAN_POINT('',(383.,-27.4999952865963,5.75000409854146));
#7885=CARTESIAN_POINT('',(383.,-27.0000004023313,0.500000603497037));
#7886=CARTESIAN_POINT('',(383.,-23.750000204891,0.500000603497037));
#7887=CARTESIAN_POINT('',(383.,-27.0000002980232,5.9604645663569E-7));
#7888=CARTESIAN_POINT('',(383.,-27.0000013932583,5.2499996460972));
#7889=CARTESIAN_POINT('',(383.,-13.0000002980232,2.22044604925031E-15));
#7890=CARTESIAN_POINT('',(383.,-23.5000003618853,4.47034845252325E-7));
#7891=CARTESIAN_POINT('',(383.,-13.0000001937151,0.500000007450581));
#7892=CARTESIAN_POINT('',(383.,-12.9999992549421,4.99999934434875));
#7893=CARTESIAN_POINT('',(383.,-12.5000001862645,0.500000007450581));
#7894=CARTESIAN_POINT('',(383.,-16.5000000968576,0.500000007450582));
#7895=CARTESIAN_POINT('',(383.,-12.5000005660624,1.50000072924827));
#7896=CARTESIAN_POINT('',(383.,-12.5000019903038,5.25000150247147));
#7897=CARTESIAN_POINT('',(383.,-17.103481301519,1.50000047828288));
#7898=CARTESIAN_POINT('',(383.,-16.2500000513363,1.50000052481164));
#7899=CARTESIAN_POINT('',(383.,-13.1034812419144,5.50000075595331));
#7900=CARTESIAN_POINT('',(383.,-15.7026110189801,2.90087083719226));
#7901=CARTESIAN_POINT('',(383.,-6.8965196539725,5.50000008195638));
#7902=CARTESIAN_POINT('',(383.,-16.5517406209572,5.50000008195639));
#7903=CARTESIAN_POINT('',(383.,-2.89651937630208,1.50000002235174));
#7904=CARTESIAN_POINT('',(383.,-11.297389935832,9.90087012389606));
#7905=CARTESIAN_POINT('',(383.,-7.50000011175871,1.50000002235174));
#7906=CARTESIAN_POINT('',(383.,-11.448259688151,1.50000002235174));
#7907=CARTESIAN_POINT('',(383.,-7.50000011175871,0.500000007450581));
#7908=CARTESIAN_POINT('',(383.,-7.50000011175871,5.75000008568168));
#7909=CARTESIAN_POINT('',(383.,-7.00000010430813,0.500000007450581));
#7910=CARTESIAN_POINT('',(383.,-13.7500000558794,0.500000007450582));
#7911=CARTESIAN_POINT('',(383.,-6.99999826401568,5.24999755993418));
#7912=CARTESIAN_POINT('',(383.,-21.5000001802597,17.103481301519));
#7913=CARTESIAN_POINT('',(383.,-18.4999998197403,17.103481301519));
#7914=CARTESIAN_POINT('',(383.,-20.7500000901298,17.103481301519));
#7915=CARTESIAN_POINT('',(383.,-14.4999995420699,13.1034812419144));
#7916=CARTESIAN_POINT('',(383.,-17.0991295971221,15.7026111552712));
#7917=CARTESIAN_POINT('',(383.,-14.5000002160668,6.8965196539725));
#7918=CARTESIAN_POINT('',(383.,-14.5000002160668,11.551740695463));
#7919=CARTESIAN_POINT('',(383.,-18.5000002756715,2.89651937630208));
#7920=CARTESIAN_POINT('',(383.,-15.0991299633302,6.29738987404667));
#7921=CARTESIAN_POINT('',(383.,-21.4999997243285,2.89651937630208));
#7922=CARTESIAN_POINT('',(383.,-19.2500001378357,2.89651937630208));
#7923=CARTESIAN_POINT('',(383.,-25.4999997839332,6.8965196539725));
#7924=CARTESIAN_POINT('',(383.,-22.9008700068674,4.29738973521146));
#7925=CARTESIAN_POINT('',(383.,-25.5000004579301,13.1034812419144));
#7926=CARTESIAN_POINT('',(383.,-25.5000003799796,8.44825990149206));
#7927=CARTESIAN_POINT('',(383.,-24.9008705417131,13.7026111254689));
#7928=CARTESIAN_POINT('',(383.,-8.23223281335392,13.1819803027332));
#7929=CARTESIAN_POINT('',(383.,-6.81801927205425,11.7677667192866));
#7930=CARTESIAN_POINT('',(383.,-10.3786794839084,15.3284270372567));
#7931=CARTESIAN_POINT('',(383.,-7.48147105369812,11.1043149574152));
#7932=CARTESIAN_POINT('',(383.,-10.5554561948228,8.03032990790233));
#7933=CARTESIAN_POINT('',(383.,-7.48147149540473,8.89568433324099));
#7934=CARTESIAN_POINT('Origin',(383.,-10.0000001490116,10.0000001490116));
#7935=CARTESIAN_POINT('',(383.,-6.81801999529006,8.23223281335392));
#7936=CARTESIAN_POINT('',(383.,-10.8871824822259,12.3013954215603));
#7937=CARTESIAN_POINT('',(383.,-8.23223357873658,6.81801927205425));
#7938=CARTESIAN_POINT('',(383.,-9.67157326076652,5.37867963291997));
#7939=CARTESIAN_POINT('',(383.,-8.89568534060805,7.48147105369812));
#7940=CARTESIAN_POINT('',(383.,-11.9696703156151,10.555456120317));
#7941=CARTESIAN_POINT('',(383.,-11.1043159647822,7.48147149540474));
#7942=CARTESIAN_POINT('Origin',(383.,-10.0000001490116,10.0000001490116));
#7943=CARTESIAN_POINT('',(383.,-11.7677674846693,6.81801999529006));
#7944=CARTESIAN_POINT('',(383.,-12.698604876463,5.88718263123751));
#7945=CARTESIAN_POINT('',(383.,-13.181981025969,8.23223357873658));
#7946=CARTESIAN_POINT('',(383.,-14.6213205905975,9.67157318626072));
#7947=CARTESIAN_POINT('',(383.,-12.5185292443251,8.89568534060805));
#7948=CARTESIAN_POINT('',(383.,-14.4445441777062,6.9696704646267));
#7949=CARTESIAN_POINT('',(383.,-12.5185288026185,11.1043159647822));
#7950=CARTESIAN_POINT('Origin',(383.,-10.0000001490116,10.0000001490116));
#7951=CARTESIAN_POINT('',(383.,-13.1819803027332,11.7677674846693));
#7952=CARTESIAN_POINT('',(383.,-14.1128175922799,12.6986048019572));
#7953=CARTESIAN_POINT('',(383.,-11.7677667192866,13.181981025969));
#7954=CARTESIAN_POINT('',(383.,-15.3284271117625,9.62132073960906));
#7955=CARTESIAN_POINT('',(383.,-11.1043149574152,12.5185292443251));
#7956=CARTESIAN_POINT('',(383.,-13.0303297588907,14.4445441032004));
#7957=CARTESIAN_POINT('',(383.,-8.89568433324099,12.5185288026185));
#7958=CARTESIAN_POINT('Origin',(383.,-10.0000001490116,10.0000001490116));
#7959=CARTESIAN_POINT('',(383.,-12.3013954960661,9.11281774129152));
#7960=CARTESIAN_POINT('',(383.,-26.8180199580371,8.23223314863004));
#7961=CARTESIAN_POINT('',(383.,-28.2322335414837,6.81801960733037));
#7962=CARTESIAN_POINT('',(383.,-24.6715731676343,10.3786798750638));
#7963=CARTESIAN_POINT('',(383.,-28.8956851724767,7.48147125809581));
#7964=CARTESIAN_POINT('',(383.,-26.969670352868,5.55545638108737));
#7965=CARTESIAN_POINT('',(383.,-31.104315796651,7.48147129100697));
#7966=CARTESIAN_POINT('Origin',(383.,-30.0000004470348,10.0000001490116));
#7967=CARTESIAN_POINT('',(383.,-31.7677674474164,6.81801966001393));
#7968=CARTESIAN_POINT('',(383.,-27.6986045502535,10.8871824359064));
#7969=CARTESIAN_POINT('',(383.,-33.1819809887161,8.23223324346045));
#7970=CARTESIAN_POINT('',(383.,-29.6213207954884,4.67157294411685));
#7971=CARTESIAN_POINT('',(383.,-32.5185293379506,8.89568487445348));
#7972=CARTESIAN_POINT('',(383.,-29.4445439169358,11.9696702038564));
#7973=CARTESIAN_POINT('',(383.,-32.5185293050395,11.1043154986277));
#7974=CARTESIAN_POINT('Origin',(383.,-30.0000004470348,10.0000001490116));
#7975=CARTESIAN_POINT('',(383.,-33.1819809360325,11.7677671493932));
#7976=CARTESIAN_POINT('',(383.,-29.1128182346459,7.69860432673605));
#7977=CARTESIAN_POINT('',(383.,-31.767767352586,13.1819806906929));
#7978=CARTESIAN_POINT('',(383.,-30.3284273539064,14.6213206464768));
#7979=CARTESIAN_POINT('',(383.,-31.104315721593,12.5185290399274));
#7980=CARTESIAN_POINT('',(383.,-28.0303304666959,9.44454369341844));
#7981=CARTESIAN_POINT('',(383.,-28.8956850974187,12.5185290070163));
#7982=CARTESIAN_POINT('Origin',(383.,-30.0000004470348,10.0000001490116));
#7983=CARTESIAN_POINT('',(383.,-28.2322334466533,13.1819806380093));
#7984=CARTESIAN_POINT('',(383.,-27.3013959712872,14.1128180856343));
#7985=CARTESIAN_POINT('',(383.,-26.8180199053536,11.7677670545628));
#7986=CARTESIAN_POINT('',(383.,-25.3786800240755,10.328427130389));
#7987=CARTESIAN_POINT('',(383.,-27.481471556119,11.1043154235697));
#7988=CARTESIAN_POINT('',(383.,-25.5554566046048,13.0303303176843));
#7989=CARTESIAN_POINT('',(383.,-27.4814715890302,8.89568479939548));
#7990=CARTESIAN_POINT('Origin',(383.,-30.0000004470348,10.0000001490116));
#7991=CARTESIAN_POINT('',(383.,-25.887182584918,7.30139574776976));
#7992=CARTESIAN_POINT('Origin',(0.,-32.5185293050395,11.1043154986277));
#7993=CARTESIAN_POINT('',(0.,-32.5185293050395,11.1043154986277));
#7994=CARTESIAN_POINT('',(320.,-32.5185293050395,11.1043154986277));
#7995=CARTESIAN_POINT('',(0.,-33.1819809360325,11.7677671493932));
#7996=CARTESIAN_POINT('',(0.,-33.1819809360325,11.7677671493932));
#7997=CARTESIAN_POINT('',(320.,-33.1819809360325,11.7677671493932));
#7998=CARTESIAN_POINT('Origin',(0.,-30.0000004470348,10.0000001490116));
#7999=CARTESIAN_POINT('',(0.,-32.5185293379506,8.89568487445348));
#8000=CARTESIAN_POINT('',(320.,-32.5185293379506,8.89568487445348));
#8001=CARTESIAN_POINT('Origin',(0.,-30.0000004470348,10.0000001490116));
#8002=CARTESIAN_POINT('Origin',(0.,-33.1819809887161,8.23223324346045));
#8003=CARTESIAN_POINT('',(0.,-33.1819809887161,8.23223324346045));
#8004=CARTESIAN_POINT('',(320.,-33.1819809887161,8.23223324346045));
#8005=CARTESIAN_POINT('',(0.,-33.1819809887161,8.23223324346045));
#8006=CARTESIAN_POINT('Origin',(0.,-31.7677674474164,6.81801966001393));
#8007=CARTESIAN_POINT('',(0.,-31.7677674474164,6.81801966001393));
#8008=CARTESIAN_POINT('',(320.,-31.7677674474164,6.81801966001393));
#8009=CARTESIAN_POINT('',(0.,-32.4748742180662,7.52512645173719));
#8010=CARTESIAN_POINT('Origin',(0.,-31.104315796651,7.48147129100697));
#8011=CARTESIAN_POINT('',(0.,-31.104315796651,7.48147129100697));
#8012=CARTESIAN_POINT('',(320.,-31.104315796651,7.48147129100697));
#8013=CARTESIAN_POINT('',(0.,-31.7677674474164,6.81801966001393));
#8014=CARTESIAN_POINT('Origin',(0.,-30.0000004470348,10.0000001490116));
#8015=CARTESIAN_POINT('',(0.,-28.8956851724767,7.48147125809581));
#8016=CARTESIAN_POINT('',(320.,-28.8956851724767,7.48147125809581));
#8017=CARTESIAN_POINT('Origin',(0.,-30.0000004470348,10.0000001490116));
#8018=CARTESIAN_POINT('Origin',(0.,-28.2322335414837,6.81801960733037));
#8019=CARTESIAN_POINT('',(0.,-28.2322335414837,6.81801960733037));
#8020=CARTESIAN_POINT('',(320.,-28.2322335414837,6.81801960733037));
#8021=CARTESIAN_POINT('',(0.,-28.2322335414837,6.81801960733037));
#8022=CARTESIAN_POINT('Origin',(0.,-26.8180199580371,8.23223314863004));
#8023=CARTESIAN_POINT('',(0.,-26.8180199580371,8.23223314863004));
#8024=CARTESIAN_POINT('',(0.,-26.8180199580371,8.23223314863004));
#8025=CARTESIAN_POINT('',(0.,-27.5251267497604,7.5251263779802));
#8026=CARTESIAN_POINT('Origin',(0.,-11.1043159647822,7.48147149540474));
#8027=CARTESIAN_POINT('',(0.,-11.1043159647822,7.48147149540474));
#8028=CARTESIAN_POINT('',(320.,-11.1043159647822,7.48147149540474));
#8029=CARTESIAN_POINT('',(0.,-11.7677674846693,6.81801999529006));
#8030=CARTESIAN_POINT('',(0.,-11.7677674846693,6.81801999529006));
#8031=CARTESIAN_POINT('',(320.,-11.7677674846693,6.81801999529006));
#8032=CARTESIAN_POINT('Origin',(0.,-10.0000001490116,10.0000001490116));
#8033=CARTESIAN_POINT('',(0.,-8.89568534060805,7.48147105369812));
#8034=CARTESIAN_POINT('',(320.,-8.89568534060805,7.48147105369812));
#8035=CARTESIAN_POINT('Origin',(0.,-10.0000001490116,10.0000001490116));
#8036=CARTESIAN_POINT('Origin',(0.,-8.23223357873658,6.81801927205425));
#8037=CARTESIAN_POINT('',(0.,-8.23223357873658,6.81801927205425));
#8038=CARTESIAN_POINT('',(320.,-8.23223357873658,6.81801927205425));
#8039=CARTESIAN_POINT('',(0.,-8.23223357873658,6.81801927205425));
#8040=CARTESIAN_POINT('Origin',(0.,-6.81801999529006,8.23223281335392));
#8041=CARTESIAN_POINT('',(0.,-6.81801999529006,8.23223281335392));
#8042=CARTESIAN_POINT('',(320.,-6.81801999529006,8.23223281335392));
#8043=CARTESIAN_POINT('',(0.,-7.52512645173719,7.5251263779802));
#8044=CARTESIAN_POINT('Origin',(0.,-7.48147149540473,8.89568433324099));
#8045=CARTESIAN_POINT('',(0.,-7.48147149540473,8.89568433324099));
#8046=CARTESIAN_POINT('',(320.,-7.48147149540473,8.89568433324099));
#8047=CARTESIAN_POINT('',(0.,-6.81801999529006,8.23223281335392));
#8048=CARTESIAN_POINT('Origin',(0.,-10.0000001490116,10.0000001490116));
#8049=CARTESIAN_POINT('',(0.,-7.48147105369812,11.1043149574152));
#8050=CARTESIAN_POINT('',(320.,-7.48147105369812,11.1043149574152));
#8051=CARTESIAN_POINT('Origin',(0.,-10.0000001490116,10.0000001490116));
#8052=CARTESIAN_POINT('Origin',(0.,-6.81801927205425,11.7677667192866));
#8053=CARTESIAN_POINT('',(0.,-6.81801927205425,11.7677667192866));
#8054=CARTESIAN_POINT('',(320.,-6.81801927205425,11.7677667192866));
#8055=CARTESIAN_POINT('',(0.,-6.81801927205425,11.7677667192866));
#8056=CARTESIAN_POINT('Origin',(0.,-8.23223281335392,13.1819803027332));
#8057=CARTESIAN_POINT('',(0.,-8.23223281335392,13.1819803027332));
#8058=CARTESIAN_POINT('',(0.,-8.23223281335392,13.1819803027332));
#8059=CARTESIAN_POINT('',(0.,-7.5251263779802,12.474873846286));
#8060=CARTESIAN_POINT('Origin',(0.,-14.5000002160668,6.8965196539725));
#8061=CARTESIAN_POINT('',(0.,-14.5000002160668,6.8965196539725));
#8062=CARTESIAN_POINT('',(320.,-14.5000002160668,6.8965196539725));
#8063=CARTESIAN_POINT('',(0.,-18.5000002756715,2.89651937630208));
#8064=CARTESIAN_POINT('',(0.,-18.5000002756715,2.89651937630208));
#8065=CARTESIAN_POINT('',(320.,-18.5000002756715,2.89651937630208));
#8066=CARTESIAN_POINT('Origin',(0.,-14.5000002160668,13.1034812419144));
#8067=CARTESIAN_POINT('',(0.,-14.4999995420699,13.1034812419144));
#8068=CARTESIAN_POINT('',(320.,-14.4999995420699,13.1034812419144));
#8069=CARTESIAN_POINT('',(0.,-14.5000002160668,14.0000002160668));
#8070=CARTESIAN_POINT('Origin',(0.,-18.4999998197403,17.103481301519));
#8071=CARTESIAN_POINT('',(0.,-18.4999998197403,17.103481301519));
#8072=CARTESIAN_POINT('',(320.,-18.4999998197403,17.103481301519));
#8073=CARTESIAN_POINT('',(0.,-18.4999998197403,17.103481301519));
#8074=CARTESIAN_POINT('Origin',(0.,-21.5000001802597,17.103481301519));
#8075=CARTESIAN_POINT('',(0.,-21.5000001802597,17.103481301519));
#8076=CARTESIAN_POINT('',(0.,-21.5000001802597,17.103481301519));
#8077=CARTESIAN_POINT('',(0.,-18.4999998197403,17.103481301519));
#8078=CARTESIAN_POINT('Origin',(0.,-33.0000004917383,19.4999996945262));
#8079=CARTESIAN_POINT('',(0.,-33.0000004917383,19.4999996945262));
#8080=CARTESIAN_POINT('',(320.,-33.0000004917383,19.4999996945262));
#8081=CARTESIAN_POINT('',(0.,-33.0000005960464,19.9999997019768));
#8082=CARTESIAN_POINT('',(0.,-33.0000004917383,19.4999996945262));
#8083=CARTESIAN_POINT('',(320.,-33.0000005960464,19.9999997019768));
#8084=CARTESIAN_POINT('Origin',(0.,-32.5000004842877,19.4999996945262));
#8085=CARTESIAN_POINT('',(0.,-32.5000004842877,19.4999996945262));
#8086=CARTESIAN_POINT('',(320.,-32.5000004842877,19.4999996945262));
#8087=CARTESIAN_POINT('',(0.,-33.0000004917383,19.4999996945262));
#8088=CARTESIAN_POINT('Origin',(0.,-32.5000002680392,18.4999995687749));
#8089=CARTESIAN_POINT('',(0.,-32.5000002680392,18.4999995687749));
#8090=CARTESIAN_POINT('',(320.,-32.5000002680392,18.4999995687749));
#8091=CARTESIAN_POINT('',(0.,-32.5000002680392,18.4999995687749));
#8092=CARTESIAN_POINT('Origin',(0.,-37.1034810034958,18.4999998197403));
#8093=CARTESIAN_POINT('',(0.,-37.1034810034958,18.4999998197403));
#8094=CARTESIAN_POINT('',(320.,-37.1034810034958,18.4999998197403));
#8095=CARTESIAN_POINT('',(0.,-32.5000002680392,18.4999995687749));
#8096=CARTESIAN_POINT('Origin',(0.,-33.1034809438912,14.4999995420699));
#8097=CARTESIAN_POINT('',(0.,-33.1034809438912,14.4999995420699));
#8098=CARTESIAN_POINT('',(320.,-33.1034809438912,14.4999995420699));
#8099=CARTESIAN_POINT('',(0.,-37.1034810034958,18.4999998197403));
#8100=CARTESIAN_POINT('Origin',(0.,-26.8965193559493,14.5000002160668));
#8101=CARTESIAN_POINT('',(0.,-26.8965193559493,14.5000002160668));
#8102=CARTESIAN_POINT('',(320.,-26.8965193559493,14.5000002160668));
#8103=CARTESIAN_POINT('',(0.,-26.0000003799796,14.5000002160668));
#8104=CARTESIAN_POINT('Origin',(0.,-22.8965190782788,18.5000002756715));
#8105=CARTESIAN_POINT('',(0.,-22.8965190782788,18.5000002756715));
#8106=CARTESIAN_POINT('',(320.,-22.8965190782788,18.5000002756715));
#8107=CARTESIAN_POINT('',(0.,-22.8965190782788,18.5000002756715));
#8108=CARTESIAN_POINT('Origin',(0.,-27.4999998137355,18.5000002756715));
#8109=CARTESIAN_POINT('',(0.,-27.4999998137355,18.5000002756715));
#8110=CARTESIAN_POINT('',(320.,-27.4999998137355,18.5000002756715));
#8111=CARTESIAN_POINT('',(0.,-27.4999998137355,18.5000002756715));
#8112=CARTESIAN_POINT('Origin',(0.,-27.5000004097819,19.4999996945262));
#8113=CARTESIAN_POINT('',(0.,-27.5000004097819,19.4999996945262));
#8114=CARTESIAN_POINT('',(320.,-27.5000004097819,19.4999996945262));
#8115=CARTESIAN_POINT('',(0.,-27.5000004097819,19.4999996945262));
#8116=CARTESIAN_POINT('Origin',(0.,-27.0000004023314,19.4999996945262));
#8117=CARTESIAN_POINT('',(0.,-27.0000004023314,19.4999996945262));
#8118=CARTESIAN_POINT('',(320.,-27.0000004023314,19.4999996945262));
#8119=CARTESIAN_POINT('',(0.,-27.0000004023314,19.4999996945262));
#8120=CARTESIAN_POINT('Origin',(0.,-27.0000005960464,19.9999997019768));
#8121=CARTESIAN_POINT('',(0.,-27.0000005960464,19.9999997019768));
#8122=CARTESIAN_POINT('',(320.,-27.0000005960464,19.9999997019768));
#8123=CARTESIAN_POINT('',(0.,-27.0000005960464,19.9999997019768));
#8124=CARTESIAN_POINT('Origin',(0.,-13.,20.0000002980232));
#8125=CARTESIAN_POINT('',(0.,-13.,20.0000002980232));
#8126=CARTESIAN_POINT('',(320.,-13.,20.0000002980232));
#8127=CARTESIAN_POINT('',(0.,-27.0000005960464,19.9999997019768));
#8128=CARTESIAN_POINT('Origin',(0.,-13.0000001937151,19.5000002905726));
#8129=CARTESIAN_POINT('',(0.,-13.0000001937151,19.5000002905726));
#8130=CARTESIAN_POINT('',(320.,-13.0000001937151,19.5000002905726));
#8131=CARTESIAN_POINT('',(0.,-13.,20.0000002980232));
#8132=CARTESIAN_POINT('Origin',(0.,-12.5000001862645,19.5000002905726));
#8133=CARTESIAN_POINT('',(0.,-12.5000001862645,19.5000002905726));
#8134=CARTESIAN_POINT('',(320.,-12.5000001862645,19.5000002905726));
#8135=CARTESIAN_POINT('',(0.,-13.0000001937151,19.5000002905726));
#8136=CARTESIAN_POINT('Origin',(0.,-12.5000001862645,18.5000002756715));
#8137=CARTESIAN_POINT('',(0.,-12.5000001862645,18.5000002756715));
#8138=CARTESIAN_POINT('',(320.,-12.5000001862645,18.5000002756715));
#8139=CARTESIAN_POINT('',(0.,-12.5000001862645,19.5000002905726));
#8140=CARTESIAN_POINT('Origin',(0.,-17.1034809217212,18.5000002756715));
#8141=CARTESIAN_POINT('',(0.,-17.1034809217212,18.5000002756715));
#8142=CARTESIAN_POINT('',(320.,-17.1034809217212,18.5000002756715));
#8143=CARTESIAN_POINT('',(0.,-12.5000001862645,18.5000002756715));
#8144=CARTESIAN_POINT('Origin',(0.,-13.1034806440507,14.5000002160668));
#8145=CARTESIAN_POINT('',(0.,-13.1034806440507,14.5000002160668));
#8146=CARTESIAN_POINT('',(320.,-13.1034806440507,14.5000002160668));
#8147=CARTESIAN_POINT('',(0.,-17.1034809217212,18.5000002756715));
#8148=CARTESIAN_POINT('Origin',(0.,-6.89651905610883,14.5000002160668));
#8149=CARTESIAN_POINT('',(0.,-6.89651905610883,14.4999995420699));
#8150=CARTESIAN_POINT('',(320.,-6.89651905610883,14.4999995420699));
#8151=CARTESIAN_POINT('',(0.,-6.00000008195639,14.5000002160668));
#8152=CARTESIAN_POINT('Origin',(0.,-2.89651899650418,18.4999998197403));
#8153=CARTESIAN_POINT('',(0.,-2.89651899650418,18.4999998197403));
#8154=CARTESIAN_POINT('',(320.,-2.89651899650418,18.4999998197403));
#8155=CARTESIAN_POINT('',(0.,-2.89651899650418,18.4999998197403));
#8156=CARTESIAN_POINT('Origin',(0.,-7.49999973196081,18.4999995687749));
#8157=CARTESIAN_POINT('',(0.,-7.49999973196081,18.4999995687749));
#8158=CARTESIAN_POINT('',(320.,-7.49999973196081,18.4999995687749));
#8159=CARTESIAN_POINT('',(0.,-7.49999973196081,18.4999995687749));
#8160=CARTESIAN_POINT('Origin',(0.,-7.50000011175871,19.5000002905726));
#8161=CARTESIAN_POINT('',(0.,-7.50000011175871,19.5000002905726));
#8162=CARTESIAN_POINT('',(320.,-7.50000011175871,19.5000002905726));
#8163=CARTESIAN_POINT('',(0.,-7.49999973196081,18.4999995687749));
#8164=CARTESIAN_POINT('Origin',(0.,-7.00000010430813,19.5000002905726));
#8165=CARTESIAN_POINT('',(0.,-7.00000010430813,19.5000002905726));
#8166=CARTESIAN_POINT('',(320.,-7.00000010430813,19.5000002905726));
#8167=CARTESIAN_POINT('',(0.,-7.00000010430813,19.5000002905726));
#8168=CARTESIAN_POINT('Origin',(0.,-7.,20.0000002980232));
#8169=CARTESIAN_POINT('',(0.,-7.,20.0000002980232));
#8170=CARTESIAN_POINT('',(320.,-7.,20.0000002980232));
#8171=CARTESIAN_POINT('',(0.,-7.00000010430813,19.5000002905726));
#8172=CARTESIAN_POINT('Origin',(0.,-0.500000000000003,20.));
#8173=CARTESIAN_POINT('',(0.,-0.500000000000003,20.));
#8174=CARTESIAN_POINT('',(320.,-0.500000000000003,20.));
#8175=CARTESIAN_POINT('',(0.,-7.,20.0000002980232));
#8176=CARTESIAN_POINT('Origin',(0.,-0.500000000000004,19.5));
#8177=CARTESIAN_POINT('',(0.,-1.31838984174237E-15,19.5));
#8178=CARTESIAN_POINT('',(320.,0.,19.5));
#8179=CARTESIAN_POINT('Origin',(0.,-0.500000000000004,19.5));
#8180=CARTESIAN_POINT('Origin',(0.,-7.96020419445779E-16,13.));
#8181=CARTESIAN_POINT('',(0.,-7.96020419445779E-16,13.));
#8182=CARTESIAN_POINT('',(320.,0.,13.));
#8183=CARTESIAN_POINT('',(0.,-1.31838984174237E-15,19.5));
#8184=CARTESIAN_POINT('Origin',(0.,-0.500000007450581,13.0000001937151));
#8185=CARTESIAN_POINT('',(0.,-0.500000007450581,13.0000001937151));
#8186=CARTESIAN_POINT('',(320.,-0.500000007450581,13.0000001937151));
#8187=CARTESIAN_POINT('',(0.,-7.96020419445779E-16,13.));
#8188=CARTESIAN_POINT('Origin',(0.,-0.500000007450581,12.5000001862645));
#8189=CARTESIAN_POINT('',(0.,-0.500000007450581,12.5000001862645));
#8190=CARTESIAN_POINT('',(320.,-0.500000007450581,12.5000001862645));
#8191=CARTESIAN_POINT('',(0.,-0.500000007450581,13.0000001937151));
#8192=CARTESIAN_POINT('Origin',(0.,-1.50000002235174,12.5000001862645));
#8193=CARTESIAN_POINT('',(0.,-1.50000002235174,12.5000001862645));
#8194=CARTESIAN_POINT('',(320.,-1.50000002235174,12.5000001862645));
#8195=CARTESIAN_POINT('',(0.,-0.500000007450581,12.5000001862645));
#8196=CARTESIAN_POINT('Origin',(0.,-1.50000002235174,17.1034809217211));
#8197=CARTESIAN_POINT('',(0.,-1.50000002235174,17.1034809217211));
#8198=CARTESIAN_POINT('',(320.,-1.50000002235174,17.1034809217211));
#8199=CARTESIAN_POINT('',(0.,-1.50000002235174,12.5000001862645));
#8200=CARTESIAN_POINT('Origin',(0.,-5.50000008195639,13.1034806440507));
#8201=CARTESIAN_POINT('',(0.,-5.50000008195639,13.1034806440507));
#8202=CARTESIAN_POINT('',(320.,-5.50000008195639,13.1034806440507));
#8203=CARTESIAN_POINT('',(0.,-1.50000002235174,17.1034809217211));
#8204=CARTESIAN_POINT('Origin',(0.,-5.50000008195639,6.89651905610883));
#8205=CARTESIAN_POINT('',(0.,-5.50000075595331,6.89651905610883));
#8206=CARTESIAN_POINT('',(320.,-5.50000075595331,6.89651905610883));
#8207=CARTESIAN_POINT('',(0.,-5.50000008195639,6.00000008195639));
#8208=CARTESIAN_POINT('Origin',(0.,-1.50000047828288,2.89651899650418));
#8209=CARTESIAN_POINT('',(0.,-1.50000047828288,2.89651899650418));
#8210=CARTESIAN_POINT('',(320.,-1.50000047828288,2.89651899650418));
#8211=CARTESIAN_POINT('',(0.,-1.50000047828288,2.89651899650418));
#8212=CARTESIAN_POINT('Origin',(0.,-1.50000072924827,7.49999973196081));
#8213=CARTESIAN_POINT('',(0.,-1.50000072924827,7.49999973196081));
#8214=CARTESIAN_POINT('',(320.,-1.50000072924827,7.49999973196081));
#8215=CARTESIAN_POINT('',(0.,-1.50000072924827,7.49999973196081));
#8216=CARTESIAN_POINT('Origin',(0.,-0.500000007450581,7.50000011175871));
#8217=CARTESIAN_POINT('',(0.,-0.500000007450581,7.50000011175871));
#8218=CARTESIAN_POINT('',(320.,-0.500000007450581,7.50000011175871));
#8219=CARTESIAN_POINT('',(0.,-1.50000072924827,7.49999973196081));
#8220=CARTESIAN_POINT('Origin',(0.,-0.500000007450581,7.00000010430813));
#8221=CARTESIAN_POINT('',(0.,-0.500000007450581,7.00000010430813));
#8222=CARTESIAN_POINT('',(320.,-0.500000007450581,7.00000010430813));
#8223=CARTESIAN_POINT('',(0.,-0.500000007450581,7.00000010430813));
#8224=CARTESIAN_POINT('Origin',(0.,-9.0205620750794E-16,7.));
#8225=CARTESIAN_POINT('',(0.,-9.18485113047009E-16,7.));
#8226=CARTESIAN_POINT('',(320.,0.,7.));
#8227=CARTESIAN_POINT('',(0.,-0.500000007450581,7.00000010430813));
#8228=CARTESIAN_POINT('Origin',(0.,-6.93889390390722E-17,0.5));
#8229=CARTESIAN_POINT('',(0.,-6.93889390390723E-17,0.5));
#8230=CARTESIAN_POINT('',(320.,0.,0.5));
#8231=CARTESIAN_POINT('',(0.,-9.18485113047009E-16,7.));
#8232=CARTESIAN_POINT('Origin',(0.,-0.5,0.5));
#8233=CARTESIAN_POINT('',(0.,-0.5,0.));
#8234=CARTESIAN_POINT('',(320.,-0.499999999999998,0.));
#8235=CARTESIAN_POINT('Origin',(0.,-0.5,0.5));
#8236=CARTESIAN_POINT('Origin',(0.,-7.00000029802323,1.29886604670686E-16));
#8237=CARTESIAN_POINT('',(0.,-7.00000029802323,1.29886604670686E-16));
#8238=CARTESIAN_POINT('',(0.,-7.00000029802323,1.29886604670686E-16));
#8239=CARTESIAN_POINT('',(0.,-0.5,0.));
#8240=CARTESIAN_POINT('Origin',(0.,-27.4814715890302,8.89568479939548));
#8241=CARTESIAN_POINT('',(0.,-27.4814715890302,8.89568479939548));
#8242=CARTESIAN_POINT('',(0.,-27.4814715890302,8.89568479939548));
#8243=CARTESIAN_POINT('',(0.,-26.8180199580371,8.23223314863004));
#8244=CARTESIAN_POINT('Origin',(0.,-30.0000004470348,10.0000001490116));
#8245=CARTESIAN_POINT('',(0.,-27.481471556119,11.1043154235697));
#8246=CARTESIAN_POINT('',(0.,-27.481471556119,11.1043154235697));
#8247=CARTESIAN_POINT('Origin',(0.,-30.0000004470348,10.0000001490116));
#8248=CARTESIAN_POINT('Origin',(0.,-26.8180199053536,11.7677670545628));
#8249=CARTESIAN_POINT('',(0.,-26.8180199053536,11.7677670545628));
#8250=CARTESIAN_POINT('',(0.,-26.8180199053536,11.7677670545628));
#8251=CARTESIAN_POINT('',(0.,-26.8180199053536,11.7677670545628));
#8252=CARTESIAN_POINT('Origin',(0.,-28.2322334466533,13.1819806380093));
#8253=CARTESIAN_POINT('',(0.,-28.2322334466533,13.1819806380093));
#8254=CARTESIAN_POINT('',(0.,-28.2322334466533,13.1819806380093));
#8255=CARTESIAN_POINT('',(0.,-27.5251266760034,12.474873846286));
#8256=CARTESIAN_POINT('Origin',(0.,-28.8956850974187,12.5185290070163));
#8257=CARTESIAN_POINT('',(0.,-28.8956850974187,12.5185290070163));
#8258=CARTESIAN_POINT('',(0.,-28.8956850974187,12.5185290070163));
#8259=CARTESIAN_POINT('',(0.,-28.2322334466533,13.1819806380093));
#8260=CARTESIAN_POINT('Origin',(0.,-30.0000004470348,10.0000001490116));
#8261=CARTESIAN_POINT('',(0.,-31.104315721593,12.5185290399274));
#8262=CARTESIAN_POINT('',(0.,-31.104315721593,12.5185290399274));
#8263=CARTESIAN_POINT('Origin',(0.,-30.0000004470348,10.0000001490116));
#8264=CARTESIAN_POINT('Origin',(0.,-31.767767352586,13.1819806906929));
#8265=CARTESIAN_POINT('',(0.,-31.767767352586,13.1819806906929));
#8266=CARTESIAN_POINT('',(0.,-31.767767352586,13.1819806906929));
#8267=CARTESIAN_POINT('',(0.,-31.767767352586,13.1819806906929));
#8268=CARTESIAN_POINT('Origin',(0.,-33.1819809360325,11.7677671493932));
#8269=CARTESIAN_POINT('',(0.,-32.4748741443093,12.474873920043));
#8270=CARTESIAN_POINT('Origin',(0.,-8.89568433324099,12.5185288026185));
#8271=CARTESIAN_POINT('',(0.,-8.89568433324099,12.5185288026185));
#8272=CARTESIAN_POINT('',(0.,-8.89568433324099,12.5185288026185));
#8273=CARTESIAN_POINT('',(0.,-8.23223281335392,13.1819803027332));
#8274=CARTESIAN_POINT('Origin',(0.,-10.0000001490116,10.0000001490116));
#8275=CARTESIAN_POINT('',(0.,-11.1043149574152,12.5185292443251));
#8276=CARTESIAN_POINT('',(0.,-11.1043149574152,12.5185292443251));
#8277=CARTESIAN_POINT('Origin',(0.,-10.0000001490116,10.0000001490116));
#8278=CARTESIAN_POINT('Origin',(0.,-11.7677667192866,13.181981025969));
#8279=CARTESIAN_POINT('',(0.,-11.7677667192866,13.181981025969));
#8280=CARTESIAN_POINT('',(0.,-11.7677667192866,13.181981025969));
#8281=CARTESIAN_POINT('',(0.,-11.7677667192866,13.181981025969));
#8282=CARTESIAN_POINT('Origin',(0.,-13.1819803027332,11.7677674846693));
#8283=CARTESIAN_POINT('',(0.,-13.1819803027332,11.7677674846693));
#8284=CARTESIAN_POINT('',(0.,-13.1819803027332,11.7677674846693));
#8285=CARTESIAN_POINT('',(0.,-12.474873846286,12.474873920043));
#8286=CARTESIAN_POINT('Origin',(0.,-12.5185288026185,11.1043159647822));
#8287=CARTESIAN_POINT('',(0.,-12.5185288026185,11.1043159647822));
#8288=CARTESIAN_POINT('',(0.,-12.5185288026185,11.1043159647822));
#8289=CARTESIAN_POINT('',(0.,-13.1819803027332,11.7677674846693));
#8290=CARTESIAN_POINT('Origin',(0.,-10.0000001490116,10.0000001490116));
#8291=CARTESIAN_POINT('',(0.,-12.5185292443251,8.89568534060805));
#8292=CARTESIAN_POINT('',(0.,-12.5185292443251,8.89568534060805));
#8293=CARTESIAN_POINT('Origin',(0.,-10.0000001490116,10.0000001490116));
#8294=CARTESIAN_POINT('Origin',(0.,-13.181981025969,8.23223357873658));
#8295=CARTESIAN_POINT('',(0.,-13.181981025969,8.23223357873658));
#8296=CARTESIAN_POINT('',(0.,-13.181981025969,8.23223357873658));
#8297=CARTESIAN_POINT('',(0.,-13.181981025969,8.23223357873658));
#8298=CARTESIAN_POINT('Origin',(0.,-11.7677674846693,6.81801999529007));
#8299=CARTESIAN_POINT('',(0.,-12.474873920043,7.52512645173719));
#8300=CARTESIAN_POINT('Origin',(0.,-25.5000004579301,13.1034812419144));
#8301=CARTESIAN_POINT('',(0.,-25.5000004579301,13.1034812419144));
#8302=CARTESIAN_POINT('',(0.,-25.5000004579301,13.1034812419144));
#8303=CARTESIAN_POINT('',(0.,-21.5000001802597,17.103481301519));
#8304=CARTESIAN_POINT('Origin',(0.,-25.5000003799796,6.8965196539725));
#8305=CARTESIAN_POINT('',(0.,-25.4999997839332,6.8965196539725));
#8306=CARTESIAN_POINT('',(0.,-25.4999997839332,6.8965196539725));
#8307=CARTESIAN_POINT('',(0.,-25.5000003799796,6.00000008195639));
#8308=CARTESIAN_POINT('Origin',(0.,-21.4999997243285,2.89651937630208));
#8309=CARTESIAN_POINT('',(0.,-21.4999997243285,2.89651937630208));
#8310=CARTESIAN_POINT('',(0.,-21.4999997243285,2.89651937630208));
#8311=CARTESIAN_POINT('',(0.,-21.4999997243285,2.89651937630208));
#8312=CARTESIAN_POINT('Origin',(0.,-18.5000002756715,2.89651937630208));
#8313=CARTESIAN_POINT('',(0.,-18.5000002756715,2.89651937630208));
#8314=CARTESIAN_POINT('Origin',(0.,-7.00000010430813,0.50000000745058));
#8315=CARTESIAN_POINT('',(0.,-7.00000010430813,0.50000000745058));
#8316=CARTESIAN_POINT('',(0.,-7.00000010430813,0.50000000745058));
#8317=CARTESIAN_POINT('',(0.,-7.00000029802323,1.29886604670686E-16));
#8318=CARTESIAN_POINT('Origin',(0.,-7.50000011175871,0.50000000745058));
#8319=CARTESIAN_POINT('',(0.,-7.50000011175871,0.50000000745058));
#8320=CARTESIAN_POINT('',(0.,-7.50000011175871,0.50000000745058));
#8321=CARTESIAN_POINT('',(0.,-7.00000010430813,0.50000000745058));
#8322=CARTESIAN_POINT('Origin',(0.,-7.50000011175871,1.50000002235174));
#8323=CARTESIAN_POINT('',(0.,-7.50000011175871,1.50000002235174));
#8324=CARTESIAN_POINT('',(0.,-7.50000011175871,1.50000002235174));
#8325=CARTESIAN_POINT('',(0.,-7.50000011175871,0.50000000745058));
#8326=CARTESIAN_POINT('Origin',(0.,-2.89651937630208,1.50000002235174));
#8327=CARTESIAN_POINT('',(0.,-2.89651937630208,1.50000002235174));
#8328=CARTESIAN_POINT('',(0.,-2.89651937630208,1.50000002235174));
#8329=CARTESIAN_POINT('',(0.,-7.50000011175871,1.50000002235174));
#8330=CARTESIAN_POINT('Origin',(0.,-6.8965196539725,5.50000008195638));
#8331=CARTESIAN_POINT('',(0.,-6.8965196539725,5.50000008195638));
#8332=CARTESIAN_POINT('',(0.,-6.8965196539725,5.50000008195638));
#8333=CARTESIAN_POINT('',(0.,-2.89651937630208,1.50000002235174));
#8334=CARTESIAN_POINT('Origin',(0.,-13.1034812419144,5.50000008195639));
#8335=CARTESIAN_POINT('',(0.,-13.1034812419144,5.50000075595331));
#8336=CARTESIAN_POINT('',(0.,-13.1034812419144,5.50000075595331));
#8337=CARTESIAN_POINT('',(0.,-14.0000002160668,5.50000008195639));
#8338=CARTESIAN_POINT('Origin',(0.,-17.103481301519,1.50000047828288));
#8339=CARTESIAN_POINT('',(0.,-17.103481301519,1.50000047828288));
#8340=CARTESIAN_POINT('',(0.,-17.103481301519,1.50000047828288));
#8341=CARTESIAN_POINT('',(0.,-17.103481301519,1.50000047828288));
#8342=CARTESIAN_POINT('Origin',(0.,-12.5000005660624,1.50000072924827));
#8343=CARTESIAN_POINT('',(0.,-12.5000005660624,1.50000072924827));
#8344=CARTESIAN_POINT('',(0.,-12.5000005660624,1.50000072924827));
#8345=CARTESIAN_POINT('',(0.,-12.5000005660624,1.50000072924827));
#8346=CARTESIAN_POINT('Origin',(0.,-12.5000001862645,0.500000007450581));
#8347=CARTESIAN_POINT('',(0.,-12.5000001862645,0.500000007450581));
#8348=CARTESIAN_POINT('',(0.,-12.5000001862645,0.500000007450581));
#8349=CARTESIAN_POINT('',(0.,-12.5000005660624,1.50000072924827));
#8350=CARTESIAN_POINT('Origin',(0.,-13.0000001937151,0.500000007450581));
#8351=CARTESIAN_POINT('',(0.,-13.0000001937151,0.500000007450581));
#8352=CARTESIAN_POINT('',(0.,-13.0000001937151,0.500000007450581));
#8353=CARTESIAN_POINT('',(0.,-13.0000001937151,0.500000007450581));
#8354=CARTESIAN_POINT('Origin',(0.,-13.0000002980232,1.59594559789866E-15));
#8355=CARTESIAN_POINT('',(0.,-13.0000002980232,1.5846189278221E-15));
#8356=CARTESIAN_POINT('',(0.,-13.0000002980232,1.5846189278221E-15));
#8357=CARTESIAN_POINT('',(0.,-13.0000001937151,0.500000007450581));
#8358=CARTESIAN_POINT('Origin',(0.,-27.0000002980232,5.9604645663569E-7));
#8359=CARTESIAN_POINT('',(0.,-27.0000002980232,5.9604645663569E-7));
#8360=CARTESIAN_POINT('',(0.,-27.0000002980232,5.9604645663569E-7));
#8361=CARTESIAN_POINT('',(0.,-13.0000002980232,1.5846189278221E-15));
#8362=CARTESIAN_POINT('Origin',(0.,-27.0000004023313,0.500000603497037));
#8363=CARTESIAN_POINT('',(0.,-27.0000004023313,0.500000603497037));
#8364=CARTESIAN_POINT('',(0.,-27.0000004023313,0.500000603497037));
#8365=CARTESIAN_POINT('',(0.,-27.0000004023313,0.500000603497037));
#8366=CARTESIAN_POINT('Origin',(0.,-27.5000004097819,0.500000603497037));
#8367=CARTESIAN_POINT('',(0.,-27.5000004097819,0.500000603497037));
#8368=CARTESIAN_POINT('',(0.,-27.5000004097819,0.500000603497037));
#8369=CARTESIAN_POINT('',(0.,-27.0000004023313,0.500000603497037));
#8370=CARTESIAN_POINT('Origin',(0.,-27.4999994339376,1.50000072924827));
#8371=CARTESIAN_POINT('',(0.,-27.4999994339376,1.50000072924827));
#8372=CARTESIAN_POINT('',(0.,-27.4999994339376,1.50000072924827));
#8373=CARTESIAN_POINT('',(0.,-27.4999994339376,1.50000072924827));
#8374=CARTESIAN_POINT('Origin',(0.,-22.896518698481,1.50000047828288));
#8375=CARTESIAN_POINT('',(0.,-22.896518698481,1.50000047828288));
#8376=CARTESIAN_POINT('',(0.,-22.896518698481,1.50000047828288));
#8377=CARTESIAN_POINT('',(0.,-27.4999994339376,1.50000072924827));
#8378=CARTESIAN_POINT('Origin',(0.,-26.8965187580856,5.50000075595331));
#8379=CARTESIAN_POINT('',(0.,-26.8965187580856,5.50000075595331));
#8380=CARTESIAN_POINT('',(0.,-26.8965187580856,5.50000075595331));
#8381=CARTESIAN_POINT('',(0.,-22.896518698481,1.50000047828288));
#8382=CARTESIAN_POINT('Origin',(0.,-33.1034803460275,5.50000008195639));
#8383=CARTESIAN_POINT('',(0.,-33.1034803460275,5.50000008195639));
#8384=CARTESIAN_POINT('',(0.,-33.1034803460275,5.50000008195639));
#8385=CARTESIAN_POINT('',(0.,-34.0000005140901,5.50000008195639));
#8386=CARTESIAN_POINT('Origin',(0.,-37.1034806236979,1.50000002235174));
#8387=CARTESIAN_POINT('',(0.,-37.1034806236979,1.50000002235174));
#8388=CARTESIAN_POINT('',(0.,-37.1034806236979,1.50000002235174));
#8389=CARTESIAN_POINT('',(0.,-37.1034806236979,1.50000002235174));
#8390=CARTESIAN_POINT('Origin',(0.,-32.4999998882413,1.50000002235174));
#8391=CARTESIAN_POINT('',(0.,-32.4999998882413,1.50000002235174));
#8392=CARTESIAN_POINT('',(0.,-32.4999998882413,1.50000002235174));
#8393=CARTESIAN_POINT('',(0.,-32.4999998882413,1.50000002235174));
#8394=CARTESIAN_POINT('Origin',(0.,-32.5000004842877,0.500000603497033));
#8395=CARTESIAN_POINT('',(0.,-32.5000004842877,0.500000603497033));
#8396=CARTESIAN_POINT('',(0.,-32.5000004842877,0.500000603497033));
#8397=CARTESIAN_POINT('',(0.,-32.5000004842877,0.500000603497033));
#8398=CARTESIAN_POINT('Origin',(0.,-33.0000004917383,0.500000603497033));
#8399=CARTESIAN_POINT('',(0.,-33.0000004917383,0.500000603497033));
#8400=CARTESIAN_POINT('',(0.,-33.0000004917383,0.500000603497033));
#8401=CARTESIAN_POINT('',(0.,-33.0000004917383,0.500000603497033));
#8402=CARTESIAN_POINT('Origin',(0.,-33.0000002980232,5.9604645663569E-7));
#8403=CARTESIAN_POINT('',(0.,-33.0000002980232,5.9604645663569E-7));
#8404=CARTESIAN_POINT('',(0.,-33.0000002980232,5.9604645663569E-7));
#8405=CARTESIAN_POINT('',(0.,-33.0000002980232,5.9604645663569E-7));
#8406=CARTESIAN_POINT('Origin',(0.,-39.4999999574253,4.25747495591544E-8));
#8407=CARTESIAN_POINT('',(0.,-39.4999999574253,4.25747495591544E-8));
#8408=CARTESIAN_POINT('',(0.,-39.4999999574253,4.25747495591544E-8));
#8409=CARTESIAN_POINT('',(0.,-33.0000002980232,5.9604645663569E-7));
#8410=CARTESIAN_POINT('Origin',(0.,-39.5,0.50000004257475));
#8411=CARTESIAN_POINT('',(0.,-40.,0.50000004257475));
#8412=CARTESIAN_POINT('',(0.,-40.,0.50000004257475));
#8413=CARTESIAN_POINT('Origin',(0.,-39.5,0.50000004257475));
#8414=CARTESIAN_POINT('Origin',(0.,-40.,7.));
#8415=CARTESIAN_POINT('',(0.,-40.,7.));
#8416=CARTESIAN_POINT('',(0.,-40.,7.));
#8417=CARTESIAN_POINT('',(0.,-40.,0.50000004257475));
#8418=CARTESIAN_POINT('Origin',(0.,-39.4999999925494,7.00000010430813));
#8419=CARTESIAN_POINT('',(0.,-39.4999999925494,7.00000010430813));
#8420=CARTESIAN_POINT('',(0.,-39.4999999925494,7.00000010430813));
#8421=CARTESIAN_POINT('',(0.,-39.4999999925494,7.00000010430813));
#8422=CARTESIAN_POINT('Origin',(0.,-39.4999999925494,7.50000011175871));
#8423=CARTESIAN_POINT('',(0.,-39.4999999925494,7.50000011175871));
#8424=CARTESIAN_POINT('',(0.,-39.4999999925494,7.50000011175871));
#8425=CARTESIAN_POINT('',(0.,-39.4999999925494,7.00000010430813));
#8426=CARTESIAN_POINT('Origin',(0.,-38.4999992707517,7.49999973196081));
#8427=CARTESIAN_POINT('',(0.,-38.4999992707517,7.49999973196081));
#8428=CARTESIAN_POINT('',(0.,-38.4999992707517,7.49999973196081));
#8429=CARTESIAN_POINT('',(0.,-38.4999992707517,7.49999973196081));
#8430=CARTESIAN_POINT('Origin',(0.,-38.4999995217171,2.89651899650418));
#8431=CARTESIAN_POINT('',(0.,-38.4999995217171,2.89651899650418));
#8432=CARTESIAN_POINT('',(0.,-38.4999995217171,2.89651899650418));
#8433=CARTESIAN_POINT('',(0.,-38.4999992707517,7.49999973196081));
#8434=CARTESIAN_POINT('Origin',(0.,-34.4999992440467,6.89651905610883));
#8435=CARTESIAN_POINT('',(0.,-34.4999992440467,6.89651905610883));
#8436=CARTESIAN_POINT('',(0.,-34.4999992440467,6.89651905610883));
#8437=CARTESIAN_POINT('',(0.,-38.4999995217171,2.89651899650418));
#8438=CARTESIAN_POINT('Origin',(0.,-34.5000005140901,13.1034806440507));
#8439=CARTESIAN_POINT('',(0.,-34.4999999180436,13.1034806440507));
#8440=CARTESIAN_POINT('',(0.,-34.4999999180436,13.1034806440507));
#8441=CARTESIAN_POINT('',(0.,-34.5000005140901,14.0000002160668));
#8442=CARTESIAN_POINT('Origin',(0.,-38.4999999776483,17.1034809217211));
#8443=CARTESIAN_POINT('',(0.,-38.4999999776483,17.1034809217211));
#8444=CARTESIAN_POINT('',(0.,-38.4999999776483,17.1034809217211));
#8445=CARTESIAN_POINT('',(0.,-38.4999999776483,17.1034809217211));
#8446=CARTESIAN_POINT('Origin',(0.,-38.4999999776483,12.5000001862645));
#8447=CARTESIAN_POINT('',(0.,-38.4999999776483,12.5000001862645));
#8448=CARTESIAN_POINT('',(0.,-38.4999999776483,12.5000001862645));
#8449=CARTESIAN_POINT('',(0.,-38.4999999776483,12.5000001862645));
#8450=CARTESIAN_POINT('Origin',(0.,-39.4999999925494,12.5000001862645));
#8451=CARTESIAN_POINT('',(0.,-39.4999999925494,12.5000001862645));
#8452=CARTESIAN_POINT('',(0.,-39.4999999925494,12.5000001862645));
#8453=CARTESIAN_POINT('',(0.,-39.4999999925494,12.5000001862645));
#8454=CARTESIAN_POINT('Origin',(0.,-39.4999999925494,13.0000001937151));
#8455=CARTESIAN_POINT('',(0.,-39.4999999925494,13.0000001937151));
#8456=CARTESIAN_POINT('',(0.,-39.4999999925494,13.0000001937151));
#8457=CARTESIAN_POINT('',(0.,-39.4999999925494,13.0000001937151));
#8458=CARTESIAN_POINT('Origin',(0.,-40.,13.));
#8459=CARTESIAN_POINT('',(0.,-40.,13.));
#8460=CARTESIAN_POINT('',(0.,-40.,13.));
#8461=CARTESIAN_POINT('',(0.,-40.,13.));
#8462=CARTESIAN_POINT('Origin',(0.,-40.,19.4999999787126));
#8463=CARTESIAN_POINT('',(0.,-40.,19.4999999787126));
#8464=CARTESIAN_POINT('',(0.,-40.,19.4999999787126));
#8465=CARTESIAN_POINT('',(0.,-40.,13.));
#8466=CARTESIAN_POINT('Origin',(0.,-39.5,19.4999999787126));
#8467=CARTESIAN_POINT('',(0.,-39.4999999787126,19.9999999787126));
#8468=CARTESIAN_POINT('',(0.,-39.4999999787126,19.9999999787126));
#8469=CARTESIAN_POINT('Origin',(0.,-39.5,19.4999999787126));
#8470=CARTESIAN_POINT('Origin',(0.,-33.0000005960464,19.9999997019768));
#8471=CARTESIAN_POINT('',(0.,-39.4999999787126,19.9999999787126));
#8472=CARTESIAN_POINT('Origin',(0.,-20.,10.0000001490116));
#8473=CARTESIAN_POINT('',(0.,0.,0.));
#8474=CARTESIAN_POINT('Origin',(338.400005170703,-5.5,34.9999999770751));
#8475=CARTESIAN_POINT('',(338.400005170703,-34.5000005885959,34.9999999770751));
#8476=CARTESIAN_POINT('',(338.400005170703,-5.5,34.9999999770751));
#8477=CARTESIAN_POINT('',(338.400005170703,-12.750000147149,34.9999999770751));
#8478=CARTESIAN_POINT('',(338.400005170703,-5.5,23.9999999770751));
#8479=CARTESIAN_POINT('',(338.400005170703,-5.5,34.9999999770751));
#8480=CARTESIAN_POINT('',(338.400005170703,-34.5000005885959,23.9999999770751));
#8481=CARTESIAN_POINT('',(338.400005170703,-12.750000147149,23.9999999770751));
#8482=CARTESIAN_POINT('',(338.400005170703,-34.5000005885959,34.9999999770751));
#8483=CARTESIAN_POINT('Origin',(348.035533336156,-39.5000005885959,19.9999999770751));
#8484=CARTESIAN_POINT('',(348.035533336156,-0.500000000000003,19.9999999770751));
#8485=CARTESIAN_POINT('',(348.035533336156,-39.5000005885959,19.9999999770751));
#8486=CARTESIAN_POINT('',(348.035533336156,-29.7500004414469,19.9999999770751));
#8487=CARTESIAN_POINT('',(348.035533336156,-0.500000000000003,34.9999999770751));
#8488=CARTESIAN_POINT('',(348.035533336156,-0.500000000000003,19.9999999770751));
#8489=CARTESIAN_POINT('',(348.035533336156,-39.5000005885959,34.9999999770751));
#8490=CARTESIAN_POINT('',(348.035533336156,-29.7500004414469,34.9999999770751));
#8491=CARTESIAN_POINT('',(348.035533336156,-39.5000005885959,19.9999999770751));
#8492=CARTESIAN_POINT('Origin',(201.035533336156,-20.0000002942979,19.9999999770751));
#8493=CARTESIAN_POINT('',(101.035533336156,-39.5000005885959,19.9999999770751));
#8494=CARTESIAN_POINT('',(301.035533336156,-39.5000005885959,19.9999999770751));
#8495=CARTESIAN_POINT('',(101.035533336156,-0.500000000000002,19.9999999770751));
#8496=CARTESIAN_POINT('',(101.035533336156,-39.5000005885959,19.9999999770751));
#8497=CARTESIAN_POINT('',(301.035533336156,-0.500000000000003,19.9999999770751));
#8498=CARTESIAN_POINT('Origin',(101.035533336156,-39.5000005885959,19.9999999770751));
#8499=CARTESIAN_POINT('',(101.035533336156,-39.5000005885959,34.9999999770751));
#8500=CARTESIAN_POINT('',(301.035533336156,-39.5000005885959,34.9999999770751));
#8501=CARTESIAN_POINT('',(101.035533336156,-39.5000005885959,19.9999999770751));
#8502=CARTESIAN_POINT('',(160.000002235174,-39.5000005885959,24.0000003576279));
#8503=CARTESIAN_POINT('',(130.000002235174,-39.5000005885959,24.0000003576279));
#8504=CARTESIAN_POINT('',(125.517767785665,-39.5000005885959,24.0000003576279));
#8505=CARTESIAN_POINT('',(130.000002235174,-39.5000005885959,32.0000004768372));
#8506=CARTESIAN_POINT('',(130.000002235174,-39.5000005885959,22.0000001673515));
#8507=CARTESIAN_POINT('',(160.000002235174,-39.5000005885959,32.0000004768372));
#8508=CARTESIAN_POINT('',(125.517767785665,-39.5000005885959,32.0000004768372));
#8509=CARTESIAN_POINT('',(160.000002235174,-39.5000005885959,26.0000002269561));
#8510=CARTESIAN_POINT('Origin',(147.500002160668,-5.49999978393316,109.75000102073));
#8511=CARTESIAN_POINT('',(145.000002086163,-5.49999978393316,110.000001639128));
#8512=CARTESIAN_POINT('',(150.000002235174,-5.49999978393316,110.000001639128));
#8513=CARTESIAN_POINT('Origin',(147.500002160668,-5.49999978393316,110.000001639128));
#8514=CARTESIAN_POINT('',(145.000002086163,-5.49999978393316,112.000000476837));
#8515=CARTESIAN_POINT('',(145.000002086163,-5.49999978393316,110.875000748783));
#8516=CARTESIAN_POINT('',(150.000002235174,-5.49999978393316,112.000000476837));
#8517=CARTESIAN_POINT('',(195.000002123415,-5.49999978393316,112.000000476837));
#8518=CARTESIAN_POINT('',(150.000002235174,-5.49999978393316,109.875001329929));
#8519=CARTESIAN_POINT('',(146.500002160668,-5.49999978393316,110.000001639128));
#8520=CARTESIAN_POINT('Origin',(147.500002160668,-5.49999978393316,110.000001639128));
#8521=CARTESIAN_POINT('Origin',(145.000002086163,4.50000021606684,112.000000476837));
#8522=CARTESIAN_POINT('',(145.000002086163,-10.4999997839332,110.000001639128));
#8523=CARTESIAN_POINT('',(145.000002086163,4.50000021606684,110.000001639128));
#8524=CARTESIAN_POINT('',(145.000002086163,-10.4999997839332,112.000000476837));
#8525=CARTESIAN_POINT('',(145.000002086163,-10.4999997839332,110.000001639128));
#8526=CARTESIAN_POINT('',(145.000002086163,-7.75000004097819,112.000000476837));
#8527=CARTESIAN_POINT('Origin',(147.500002160668,4.50000021606684,110.000001639128));
#8528=CARTESIAN_POINT('',(150.000002235174,-10.4999997839332,110.000001639128));
#8529=CARTESIAN_POINT('',(150.000002235174,4.50000021606684,110.000001639128));
#8530=CARTESIAN_POINT('Origin',(147.500002160668,-10.4999997839332,110.000001639128));
#8531=CARTESIAN_POINT('Origin',(147.500002160668,4.50000021606684,110.000001639128));
#8532=CARTESIAN_POINT('',(146.500002160668,-10.4999997839332,110.000001639128));
#8533=CARTESIAN_POINT('Origin',(147.500002160668,-10.4999997839332,110.000001639128));
#8534=CARTESIAN_POINT('',(146.500002160668,4.50000021606684,110.000001639128));
#8535=CARTESIAN_POINT('Origin',(150.000002235174,4.50000021606684,110.000001639128));
#8536=CARTESIAN_POINT('',(150.000002235174,-10.4999997839332,112.000000476837));
#8537=CARTESIAN_POINT('',(150.000002235174,-7.75000004097819,112.000000476837));
#8538=CARTESIAN_POINT('',(150.000002235174,-10.4999997839332,112.000000476837));
#8539=CARTESIAN_POINT('Origin',(147.500002160668,-10.4999997839332,109.75000102073));
#8540=CARTESIAN_POINT('',(195.000002123415,-10.4999997839332,112.000000476837));
#8541=CARTESIAN_POINT('Origin',(147.500002160668,-29.4999997839332,109.75000102073));
#8542=CARTESIAN_POINT('',(145.000002086163,-29.4999997839332,110.000001639128));
#8543=CARTESIAN_POINT('',(150.000002235174,-29.4999997839332,110.000001639128));
#8544=CARTESIAN_POINT('Origin',(147.500002160668,-29.4999997839332,110.000001639128));
#8545=CARTESIAN_POINT('',(145.000002086163,-29.4999997839332,112.000000476837));
#8546=CARTESIAN_POINT('',(145.000002086163,-29.4999997839332,110.875000748783));
#8547=CARTESIAN_POINT('',(150.000002235174,-29.4999997839332,112.000000476837));
#8548=CARTESIAN_POINT('',(195.000002123415,-29.4999997839332,112.000000476837));
#8549=CARTESIAN_POINT('',(150.000002235174,-29.4999997839332,109.875001329929));
#8550=CARTESIAN_POINT('',(146.500002160668,-29.4999997839332,110.000001639128));
#8551=CARTESIAN_POINT('Origin',(147.500002160668,-29.4999997839332,110.000001639128));
#8552=CARTESIAN_POINT('Origin',(145.000002086163,4.50000021606684,112.000000476837));
#8553=CARTESIAN_POINT('',(145.000002086163,-34.4999997839332,110.000001639128));
#8554=CARTESIAN_POINT('',(145.000002086163,4.50000021606684,110.000001639128));
#8555=CARTESIAN_POINT('',(145.000002086163,-34.4999997839332,112.000000476837));
#8556=CARTESIAN_POINT('',(145.000002086163,-34.4999997839332,110.000001639128));
#8557=CARTESIAN_POINT('',(145.000002086163,-7.75000004097819,112.000000476837));
#8558=CARTESIAN_POINT('Origin',(147.500002160668,4.50000021606684,110.000001639128));
#8559=CARTESIAN_POINT('',(150.000002235174,-34.4999997839332,110.000001639128));
#8560=CARTESIAN_POINT('',(150.000002235174,4.50000021606684,110.000001639128));
#8561=CARTESIAN_POINT('Origin',(147.500002160668,-34.4999997839332,110.000001639128));
#8562=CARTESIAN_POINT('Origin',(147.500002160668,4.50000021606684,110.000001639128));
#8563=CARTESIAN_POINT('',(146.500002160668,-34.4999997839332,110.000001639128));
#8564=CARTESIAN_POINT('Origin',(147.500002160668,-34.4999997839332,110.000001639128));
#8565=CARTESIAN_POINT('',(146.500002160668,4.50000021606684,110.000001639128));
#8566=CARTESIAN_POINT('Origin',(150.000002235174,4.50000021606684,110.000001639128));
#8567=CARTESIAN_POINT('',(150.000002235174,-34.4999997839332,112.000000476837));
#8568=CARTESIAN_POINT('',(150.000002235174,-7.75000004097819,112.000000476837));
#8569=CARTESIAN_POINT('',(150.000002235174,-34.4999997839332,112.000000476837));
#8570=CARTESIAN_POINT('Origin',(147.500002160668,-34.4999997839332,109.75000102073));
#8571=CARTESIAN_POINT('',(195.000002123415,-34.4999997839332,112.000000476837));
#8572=CARTESIAN_POINT('Origin',(130.000002086163,2.00000021606684,34.5000004768372));
#8573=CARTESIAN_POINT('',(160.000002235174,2.00000021606684,32.0000004768372));
#8574=CARTESIAN_POINT('',(160.000002235174,4.50000021606684,34.5000004768372));
#8575=CARTESIAN_POINT('Origin',(160.000002235174,2.00000021606684,34.5000004768372));
#8576=CARTESIAN_POINT('',(130.000001937151,4.50000021606684,34.5000004768372));
#8577=CARTESIAN_POINT('',(130.000002086163,4.50000021606684,34.5000004768372));
#8578=CARTESIAN_POINT('',(130.000002235174,2.00000021606684,32.0000004768372));
#8579=CARTESIAN_POINT('Origin',(130.000002235174,2.00000021606684,34.5000004768372));
#8580=CARTESIAN_POINT('',(130.000002086163,2.00000021606684,32.0000004768372));
#8581=CARTESIAN_POINT('Origin',(130.000001937151,4.50000021606684,32.0000004768372));
#8582=CARTESIAN_POINT('',(160.000002235174,4.50000021606684,112.000000476837));
#8583=CARTESIAN_POINT('',(160.000002235174,4.50000021606684,32.0000004768372));
#8584=CARTESIAN_POINT('',(130.000001937151,4.50000021606684,112.000000476837));
#8585=CARTESIAN_POINT('',(150.000002235174,4.50000021606684,112.000000476837));
#8586=CARTESIAN_POINT('',(130.000001937151,4.50000021606684,32.0000004768372));
#8587=CARTESIAN_POINT('Origin',(140.000002235174,-42.0000005885959,34.5000004768372));
#8588=CARTESIAN_POINT('',(130.000002235174,-42.0000005885959,32.0000004768372));
#8589=CARTESIAN_POINT('',(130.000002235174,-44.5000005885959,34.5000004768372));
#8590=CARTESIAN_POINT('Origin',(130.000002235174,-42.0000005885959,34.5000004768372));
#8591=CARTESIAN_POINT('',(160.000002235174,-44.5000005885959,34.5000004768372));
#8592=CARTESIAN_POINT('',(140.000002235174,-44.5000005885959,34.5000004768372));
#8593=CARTESIAN_POINT('',(160.000002235174,-42.0000005885959,32.0000004768372));
#8594=CARTESIAN_POINT('Origin',(160.000002235174,-42.0000005885959,34.5000004768372));
#8595=CARTESIAN_POINT('',(140.000002235174,-42.0000005885959,32.0000004768372));
#8596=CARTESIAN_POINT('Origin',(150.000002235174,-44.5000005885959,32.0000004768372));
#8597=CARTESIAN_POINT('',(130.000002235174,-44.5000005885959,112.000000476837));
#8598=CARTESIAN_POINT('',(130.000002235174,-44.5000005885959,32.0000004768372));
#8599=CARTESIAN_POINT('',(160.000002235174,-44.5000005885959,112.000000476837));
#8600=CARTESIAN_POINT('',(150.000002235174,-44.5000005885959,112.000000476837));
#8601=CARTESIAN_POINT('',(160.000002235174,-44.5000005885959,32.0000004768372));
#8602=CARTESIAN_POINT('Origin',(145.000002235174,-52.0000005885959,26.5000003576279));
#8603=CARTESIAN_POINT('',(160.000002235174,-52.0000005885959,24.0000003576279));
#8604=CARTESIAN_POINT('',(160.000002235174,-54.5000005885959,26.5000003576279));
#8605=CARTESIAN_POINT('Origin',(160.000002235174,-52.0000005885959,26.5000003576279));
#8606=CARTESIAN_POINT('',(130.000002235174,-54.5000005885959,26.5000003576279));
#8607=CARTESIAN_POINT('',(145.000002235174,-54.5000005885959,26.5000003576279));
#8608=CARTESIAN_POINT('',(130.000002235174,-52.0000005885959,24.0000003576279));
#8609=CARTESIAN_POINT('Origin',(130.000002235174,-52.0000005885959,26.5000003576279));
#8610=CARTESIAN_POINT('',(145.000002235174,-52.0000005885959,24.0000003576279));
#8611=CARTESIAN_POINT('Origin',(140.000002235174,-54.5000005885959,28.0000004172325));
#8612=CARTESIAN_POINT('',(160.000002235174,-54.5000005885959,116.500000476837));
#8613=CARTESIAN_POINT('',(160.000002235174,-54.5000005885959,26.0000003874302));
#8614=CARTESIAN_POINT('',(130.000002235174,-54.5000005885959,116.500000476837));
#8615=CARTESIAN_POINT('',(191.250002160668,-54.5000005885959,116.500000476837));
#8616=CARTESIAN_POINT('',(130.000002235174,-54.5000005885959,32.0000004768372));
#8617=CARTESIAN_POINT('Origin',(160.000002235174,-39.5000005885959,32.0000004768372));
#8618=CARTESIAN_POINT('',(160.000002235174,-39.5000005885959,24.0000003576279));
#8619=CARTESIAN_POINT('',(160.000002235174,-39.5000005885959,32.0000004768372));
#8620=CARTESIAN_POINT('',(160.000002235174,-29.7500004433095,112.000000476837));
#8621=CARTESIAN_POINT('',(160.000002235174,-0.500000000000003,32.0000004768372));
#8622=CARTESIAN_POINT('',(160.000002235174,-39.5000005885959,32.0000004768372));
#8623=CARTESIAN_POINT('',(160.000002235174,-0.500000000000003,24.0000003576279));
#8624=CARTESIAN_POINT('',(160.000002235174,-0.500000000000003,26.0000002269561));
#8625=CARTESIAN_POINT('',(160.000002235174,11.9999994114041,24.0000003576279));
#8626=CARTESIAN_POINT('',(160.000002235174,-39.5000005885959,24.0000003576279));
#8627=CARTESIAN_POINT('',(160.000002235174,14.5000002160668,26.5000003576279));
#8628=CARTESIAN_POINT('Origin',(160.000002235174,11.9999994114041,26.5000003576279));
#8629=CARTESIAN_POINT('',(160.000002235174,14.5000002160668,116.500000476837));
#8630=CARTESIAN_POINT('',(160.000002235174,14.5000002160668,32.0000004768372));
#8631=CARTESIAN_POINT('',(160.000002235174,11.9999994114041,119.000000476837));
#8632=CARTESIAN_POINT('Origin',(160.000002235174,11.9999994114041,116.500000476837));
#8633=CARTESIAN_POINT('',(160.000002235174,-52.0000005885959,119.000000476837));
#8634=CARTESIAN_POINT('',(160.000002235174,-29.7500004433095,119.000000476837));
#8635=CARTESIAN_POINT('Origin',(160.000002235174,-52.0000005885959,116.500000476837));
#8636=CARTESIAN_POINT('Origin',(145.000002235174,11.9999994114041,26.5000003576279));
#8637=CARTESIAN_POINT('',(130.000002235174,11.9999994114041,24.0000003576279));
#8638=CARTESIAN_POINT('',(145.000002235174,11.9999994114041,24.0000003576279));
#8639=CARTESIAN_POINT('',(130.000002235174,14.4999994114041,26.5000003576279));
#8640=CARTESIAN_POINT('Origin',(130.000002235174,11.9999994114041,26.5000003576279));
#8641=CARTESIAN_POINT('',(145.000002235174,14.4999994114041,26.5000003576279));
#8642=CARTESIAN_POINT('Origin',(150.000002235174,-39.5000005885959,24.0000003576279));
#8643=CARTESIAN_POINT('',(130.000002235174,-0.500000000000003,24.0000003576279));
#8644=CARTESIAN_POINT('',(225.517767785665,-0.500000000000003,24.0000003576279));
#8645=CARTESIAN_POINT('',(130.000002235174,-39.5000005885959,24.0000003576279));
#8646=CARTESIAN_POINT('Origin',(191.250002160668,11.9999994114041,116.500000476837));
#8647=CARTESIAN_POINT('',(130.000002235174,14.4999994114041,116.500000476837));
#8648=CARTESIAN_POINT('',(130.000001937151,11.9999994114041,119.000000476837));
#8649=CARTESIAN_POINT('Origin',(130.000002235174,11.9999994114041,116.500000476837));
#8650=CARTESIAN_POINT('',(191.250002160668,11.9999994114041,119.000000476837));
#8651=CARTESIAN_POINT('',(191.250002160668,14.4999994114041,116.500000476837));
#8652=CARTESIAN_POINT('Origin',(242.500002086163,-20.0000002980232,119.000000476837));
#8653=CARTESIAN_POINT('',(130.000001937151,-52.0000005885959,119.000000476837));
#8654=CARTESIAN_POINT('',(130.000001937151,14.5000002160668,119.000000476837));
#8655=CARTESIAN_POINT('',(191.250002160668,-52.0000005885959,119.000000476837));
#8656=CARTESIAN_POINT('',(149.400002190471,-20.0000002980232,119.000000476837));
#8657=CARTESIAN_POINT('Origin',(147.000002190471,-20.0000002980232,119.000000476837));
#8658=CARTESIAN_POINT('Origin',(191.250002160668,-52.0000005885959,116.500000476837));
#8659=CARTESIAN_POINT('Origin',(130.000002235174,-52.0000005885959,116.500000476837));
#8660=CARTESIAN_POINT('Origin',(301.035533336156,-0.500000000000003,19.9999999770751));
#8661=CARTESIAN_POINT('',(101.035533336156,-0.500000000000003,34.9999999770751));
#8662=CARTESIAN_POINT('',(101.035533336156,-0.500000000000002,19.9999999770751));
#8663=CARTESIAN_POINT('',(301.035533336156,-0.500000000000003,34.9999999770751));
#8664=CARTESIAN_POINT('',(130.000002235174,-0.500000000000003,32.0000004768372));
#8665=CARTESIAN_POINT('',(225.517767785665,-0.500000000000003,32.0000004768372));
#8666=CARTESIAN_POINT('',(130.000002235174,-0.500000000000003,22.0000001673515));
#8667=CARTESIAN_POINT('Origin',(147.000002190471,-20.0000002980232,119.000000476837));
#8668=CARTESIAN_POINT('',(149.400002190471,-20.0000002980232,112.000000476837));
#8669=CARTESIAN_POINT('',(149.400002190471,-20.0000002980232,119.000000476837));
#8670=CARTESIAN_POINT('Origin',(147.000002190471,-20.0000002980232,112.000000476837));
#8671=CARTESIAN_POINT('Origin',(242.500002086163,-20.0000002980232,112.000000476837));
#8672=CARTESIAN_POINT('',(130.000001937151,14.5000002160668,112.000000476837));
#8673=CARTESIAN_POINT('Origin',(130.000002235174,-39.5000005885959,32.0000004768372));
#8674=CARTESIAN_POINT('',(130.000002235174,-39.5000005885959,32.0000004768372));
#8675=CARTESIAN_POINT('Origin',(130.000002235174,-39.5000005885959,32.0000004768372));
#8676=CARTESIAN_POINT('',(130.000002235174,-39.5000005885959,32.0000004768372));
#8677=CARTESIAN_POINT('Origin',(150.000002235174,-39.5000005885959,24.0000003576279));
#8678=CARTESIAN_POINT('',(130.000002235174,-39.5000005885959,24.0000003576279));
#8679=CARTESIAN_POINT('Origin',(130.000002235174,-39.5000005885959,24.0000003576279));
#8680=CARTESIAN_POINT('',(130.000002235174,14.4999994114041,24.0000003576279));
#8681=CARTESIAN_POINT('Origin',(140.000002235174,14.4999994114041,28.0000004172325));
#8682=CARTESIAN_POINT('Origin',(347.000005170703,-34.5000005885959,34.9999999770751));
#8683=CARTESIAN_POINT('',(336.000005170703,-34.5000005885959,23.9999999770751));
#8684=CARTESIAN_POINT('',(342.000005170703,-34.5000005885959,23.9999999770751));
#8685=CARTESIAN_POINT('',(336.000005170703,-34.5000005885959,34.9999999770751));
#8686=CARTESIAN_POINT('',(336.000005170703,-34.5000005885959,34.9999999770751));
#8687=CARTESIAN_POINT('',(274.017769253429,-34.5000005885959,34.9999999770751));
#8688=CARTESIAN_POINT('Origin',(336.000005170703,-34.5000005885959,34.9999999770751));
#8689=CARTESIAN_POINT('',(336.000005170703,-5.5,34.9999999770751));
#8690=CARTESIAN_POINT('',(336.000005170703,-27.2500004414469,34.9999999770751));
#8691=CARTESIAN_POINT('',(336.000005170703,-5.5,23.9999999770751));
#8692=CARTESIAN_POINT('',(336.000005170703,-5.5,23.9999999770751));
#8693=CARTESIAN_POINT('',(336.000005170703,-5.5,34.9999999770751));
#8694=CARTESIAN_POINT('Origin',(342.000005170703,-5.5,34.9999999770751));
#8695=CARTESIAN_POINT('',(271.517769253429,-5.5,34.9999999770751));
#8696=CARTESIAN_POINT('',(347.000005170703,-5.5,23.9999999770751));
#8697=CARTESIAN_POINT('Origin',(344.500005170703,-20.0000002942979,23.9999999770751));
#8698=CARTESIAN_POINT('Origin',(101.035533336156,-0.500000000000003,19.9999999770751));
#8699=CARTESIAN_POINT('',(101.035533336156,-39.5000005885959,34.9999999770751));
#8700=CARTESIAN_POINT('Origin',(201.035533336156,-20.0000002942979,34.9999999770751));
#8701=CARTESIAN_POINT('',(0.,0.,0.));
#8702=CARTESIAN_POINT('Origin',(340.899992380291,-34.3999992311001,37.7605910293123));
#8703=CARTESIAN_POINT('',(340.899992380291,-34.3999992311001,37.7605910293123));
#8704=CARTESIAN_POINT('',(340.899992380291,-5.59999987483025,37.7605910293123));
#8705=CARTESIAN_POINT('',(340.899992380291,-27.1999997645617,37.7605910293123));
#8706=CARTESIAN_POINT('',(338.099992380291,-34.3999992311001,37.7605910293123));
#8707=CARTESIAN_POINT('',(338.499992433935,-34.3999992311001,37.7605910293123));
#8708=CARTESIAN_POINT('',(338.099992380291,-5.59999987483025,37.7605910293123));
#8709=CARTESIAN_POINT('',(338.099992380291,-27.1999997645617,37.7605910293123));
#8710=CARTESIAN_POINT('',(340.899992380291,-5.59999987483025,37.7605910293123));
#8711=CARTESIAN_POINT('Origin',(338.099992380291,-34.3999992311001,23.9999999770751));
#8712=CARTESIAN_POINT('',(338.099992380291,-34.3999992311001,23.9999999770751));
#8713=CARTESIAN_POINT('',(338.099992380291,-34.3999992311001,23.9999999770751));
#8714=CARTESIAN_POINT('',(338.099992380291,-5.59999987483025,23.9999999770751));
#8715=CARTESIAN_POINT('',(338.099992380291,-27.1999993920326,23.9999999770751));
#8716=CARTESIAN_POINT('',(338.099992380291,-5.59999987483025,23.9999999770751));
#8717=CARTESIAN_POINT('Origin',(340.899992380291,-5.59999987483025,23.9999999770751));
#8718=CARTESIAN_POINT('',(336.09999248758,-5.59999987483025,23.9999999770751));
#8719=CARTESIAN_POINT('',(336.09999248758,-5.59999987483025,23.9999999770751));
#8720=CARTESIAN_POINT('',(336.09999248758,-5.59999987483025,39.0434736064622));
#8721=CARTESIAN_POINT('',(336.09999248758,-5.59999987483025,23.9999999770751));
#8722=CARTESIAN_POINT('',(289.928251617115,-5.59999987483025,51.3836659488287));
#8723=CARTESIAN_POINT('Origin',(147.504162618128,-34.5000005885959,100.362821970762));
#8724=CARTESIAN_POINT('',(150.004162618128,-34.5000005885959,100.362821970762));
#8725=CARTESIAN_POINT('',(145.004162618128,-34.5000005885959,100.362821970762));
#8726=CARTESIAN_POINT('Origin',(147.504162618128,-34.5000005885959,100.362821970762));
#8727=CARTESIAN_POINT('',(150.004162618128,-29.5000005885959,100.362821970762));
#8728=CARTESIAN_POINT('',(150.004162618128,-39.5000005885959,100.362821970762));
#8729=CARTESIAN_POINT('',(145.004162618128,-29.5000005885959,100.362821970762));
#8730=CARTESIAN_POINT('Origin',(147.504162618128,-29.5000005885959,100.362821970762));
#8731=CARTESIAN_POINT('',(145.004162618128,-39.5000005885959,100.362821970762));
#8732=CARTESIAN_POINT('Origin',(147.504162618128,-34.5000005885959,100.362821970762));
#8733=CARTESIAN_POINT('',(145.004162618128,-10.5000005885959,100.362821970762));
#8734=CARTESIAN_POINT('',(150.004162618128,-10.5000005885959,100.362821970762));
#8735=CARTESIAN_POINT('Origin',(147.504162618128,-10.5000005885959,100.362821970762));
#8736=CARTESIAN_POINT('',(150.004162618128,-5.50000058859586,100.362821970762));
#8737=CARTESIAN_POINT('',(150.004162618128,-27.5000005885959,100.362821970762));
#8738=CARTESIAN_POINT('',(145.004162618128,-5.50000058859586,100.362821970762));
#8739=CARTESIAN_POINT('Origin',(147.504162618128,-5.50000058859586,100.362821970762));
#8740=CARTESIAN_POINT('',(145.004162618128,-27.5000005885959,100.362821970762));
#8741=CARTESIAN_POINT('Origin',(147.504162618128,-34.5000005885959,100.362821970762));
#8742=CARTESIAN_POINT('',(146.504162618128,-10.5000005885959,100.362821970762));
#8743=CARTESIAN_POINT('Origin',(147.504162618128,-10.5000005885959,100.362821970762));
#8744=CARTESIAN_POINT('',(146.504162618128,-5.50000058859586,100.362821970762));
#8745=CARTESIAN_POINT('',(146.504162618128,-34.5000005885959,100.362821970762));
#8746=CARTESIAN_POINT('Origin',(147.504162618128,-5.50000058859586,100.362821970762));
#8747=CARTESIAN_POINT('Origin',(147.504162618128,-34.5000005885959,98.1946539468948));
#8748=CARTESIAN_POINT('',(145.004162618128,-34.5000005885959,97.3628219707617));
#8749=CARTESIAN_POINT('',(145.004162618128,-34.5000005885959,97.7787379588283));
#8750=CARTESIAN_POINT('',(150.004162618128,-34.5000005885959,96.0264859230278));
#8751=CARTESIAN_POINT('',(192.230684743026,-34.5000005885959,84.7407211858404));
#8752=CARTESIAN_POINT('',(150.004162618128,-34.5000005885959,99.2787379588282));
#8753=CARTESIAN_POINT('',(146.504162618128,-34.5000005885959,100.362821970762));
#8754=CARTESIAN_POINT('Origin',(147.504162618128,-34.5000005885959,100.362821970762));
#8755=CARTESIAN_POINT('Origin',(147.504162618128,-5.50000058859586,98.1946539468948));
#8756=CARTESIAN_POINT('',(150.004162618128,-5.50000058859586,96.0264859230278));
#8757=CARTESIAN_POINT('',(150.004162618128,-5.50000058859586,100.362821970762));
#8758=CARTESIAN_POINT('',(145.004162618128,-5.50000058859586,97.3628219707617));
#8759=CARTESIAN_POINT('',(192.230684743026,-5.50000058859586,84.7407211858404));
#8760=CARTESIAN_POINT('',(145.004162618128,-5.50000058859586,97.3628219707617));
#8761=CARTESIAN_POINT('Origin',(147.504162618128,-34.5000005885959,100.362821970762));
#8762=CARTESIAN_POINT('',(146.504162618128,-29.5000005885959,100.362821970762));
#8763=CARTESIAN_POINT('',(146.504162618128,-34.5000005885959,100.362821970762));
#8764=CARTESIAN_POINT('Origin',(147.504162618128,-29.5000005885959,100.362821970762));
#8765=CARTESIAN_POINT('Origin',(147.504162618128,-29.5000005885959,98.1946539468948));
#8766=CARTESIAN_POINT('',(150.004162618128,-29.5000005885959,96.0264859230278));
#8767=CARTESIAN_POINT('',(150.004162618128,-29.5000005885959,99.2787379588282));
#8768=CARTESIAN_POINT('',(145.004162618128,-29.5000005885959,97.3628219707617));
#8769=CARTESIAN_POINT('',(192.230684743026,-29.5000005885959,84.7407211858404));
#8770=CARTESIAN_POINT('',(145.004162618128,-29.5000005885959,97.7787379588283));
#8771=CARTESIAN_POINT('Origin',(147.504162618128,-10.5000005885959,98.1946539468948));
#8772=CARTESIAN_POINT('',(145.004162618128,-10.5000005885959,97.3628219707617));
#8773=CARTESIAN_POINT('',(145.004162618128,-10.5000005885959,97.7787379588283));
#8774=CARTESIAN_POINT('',(150.004162618128,-10.5000005885959,96.0264859230278));
#8775=CARTESIAN_POINT('',(192.230684743026,-10.5000005885959,84.7407211858404));
#8776=CARTESIAN_POINT('',(150.004162618128,-10.5000005885959,99.2787379588282));
#8777=CARTESIAN_POINT('Origin',(145.004162618128,-27.5000005885959,97.3628219707617));
#8778=CARTESIAN_POINT('',(145.004162618128,-14.7500004433095,97.3628219707617));
#8779=CARTESIAN_POINT('Origin',(237.331379847298,-20.0000002980232,72.6867842567012));
#8780=CARTESIAN_POINT('',(345.065442103935,-39.5000005885959,43.8930020642295));
#8781=CARTESIAN_POINT('',(345.065442103935,-0.500000007450581,43.8930020642295));
#8782=CARTESIAN_POINT('',(345.065442103935,-29.7500004433095,43.8930020642295));
#8783=CARTESIAN_POINT('',(138.292130695231,-0.500000007450581,99.1567280131834));
#8784=CARTESIAN_POINT('',(336.370628999364,-0.500000007450581,46.2168405002191));
#8785=CARTESIAN_POINT('',(138.292130695231,-39.5000005885959,99.1567280131834));
#8786=CARTESIAN_POINT('',(138.292130695231,-34.5000005140901,99.1567280131834));
#8787=CARTESIAN_POINT('',(138.292130695231,-39.5000005885959,99.1567280131834));
#8788=CARTESIAN_POINT('',(150.004162618128,-14.7500004433095,96.0264859230278));
#8789=CARTESIAN_POINT('',(145.004162618128,-25.2500004433095,97.3628219707617));
#8790=CARTESIAN_POINT('',(150.004162618128,-25.7500004433095,96.0264859230278));
#8791=CARTESIAN_POINT('Origin',(150.004162618128,-39.5000005885959,100.362821970762));
#8792=CARTESIAN_POINT('Origin',(150.004162618128,-27.5000005885959,100.362821970762));
#8793=CARTESIAN_POINT('Origin',(145.004162618128,-39.5000005885959,97.3628219707617));
#8794=CARTESIAN_POINT('Origin',(343.258012209277,-39.5000005885959,37.1303696495633));
#8795=CARTESIAN_POINT('',(343.258012209277,-0.500000007450581,37.1303696495633));
#8796=CARTESIAN_POINT('',(343.258012209277,-39.5000005885959,37.1303696495633));
#8797=CARTESIAN_POINT('',(343.258012209277,-29.7500004433095,37.1303696495633));
#8798=CARTESIAN_POINT('',(343.258012209277,-0.500000007450578,37.1303696495633));
#8799=CARTESIAN_POINT('',(343.258012209277,-39.5000005885959,37.1303696495627));
#8800=CARTESIAN_POINT('Origin',(136.484700800572,-39.5000005885959,92.3940955985171));
#8801=CARTESIAN_POINT('',(136.484700800572,-39.5000005885959,92.3940955985171));
#8802=CARTESIAN_POINT('',(136.484700800572,-39.5000005885959,92.3940955985171));
#8803=CARTESIAN_POINT('',(136.484700800572,-39.5000005885959,92.3940955985171));
#8804=CARTESIAN_POINT('Origin',(336.09999248758,-5.59999987483025,23.9999999770751));
#8805=CARTESIAN_POINT('',(336.09999248758,-34.3999992311001,39.0434736064622));
#8806=CARTESIAN_POINT('',(336.09999248758,-12.8000000864267,39.0434736064622));
#8807=CARTESIAN_POINT('',(336.09999248758,-34.3999992311001,23.9999999770751));
#8808=CARTESIAN_POINT('',(336.09999248758,-34.3999992311001,23.9999999770751));
#8809=CARTESIAN_POINT('',(336.09999248758,-34.3999992311001,23.9999999770751));
#8810=CARTESIAN_POINT('Origin',(336.09999248758,-34.3999992311001,23.9999999770751));
#8811=CARTESIAN_POINT('',(287.688258336119,-34.3999992311001,51.9823427024442));
#8812=CARTESIAN_POINT('',(340.899992380291,-34.3999992311001,23.9999999770751));
#8813=CARTESIAN_POINT('Origin',(338.499992433935,-19.9999995529652,23.9999999770751));
#8814=CARTESIAN_POINT('Origin',(334.563199104706,-0.500000007450581,39.4542080855528));
#8815=CARTESIAN_POINT('',(136.484700800572,-0.500000007450581,92.3940955985171));
#8816=CARTESIAN_POINT('',(334.563199104706,-0.500000007450581,39.4542080855528));
#8817=CARTESIAN_POINT('',(136.484700800572,-0.500000007450581,92.3940955985171));
#8818=CARTESIAN_POINT('Origin',(136.484700800572,-0.500000007450581,92.3940955985171));
#8819=CARTESIAN_POINT('',(136.484700800572,-34.5000005140901,92.3940955985171));
#8820=CARTESIAN_POINT('Origin',(235.523949952639,-20.0000002980232,65.924151842035));
#8821=CARTESIAN_POINT('',(0.,0.,0.));
#8822=CARTESIAN_POINT('Origin',(152.934971343254,-20.0000002980232,135.000000476837));
#8823=CARTESIAN_POINT('',(160.434971343254,-20.0000002980232,135.000000476837));
#8824=CARTESIAN_POINT('Origin',(152.934971343254,-20.0000002980232,135.000000476837));
#8825=CARTESIAN_POINT('',(155.138971343254,-20.0000002980232,135.000000476837));
#8826=CARTESIAN_POINT('Origin',(152.934971343254,-20.0000002980232,135.000000476837));
#8827=CARTESIAN_POINT('Origin',(152.934971343254,-20.0000002980232,135.000000476837));
#8828=CARTESIAN_POINT('',(160.434971343254,-20.0000002980232,139.000000476837));
#8829=CARTESIAN_POINT('Origin',(152.934971343254,-20.0000002980232,139.000000476837));
#8830=CARTESIAN_POINT('',(160.434971343254,-20.0000002980232,135.000000476837));
#8831=CARTESIAN_POINT('Origin',(152.934971343254,-20.0000002980232,139.000000476837));
#8832=CARTESIAN_POINT('Origin',(152.934971343254,-20.0000002980232,99.5000004768372));
#8833=CARTESIAN_POINT('',(155.138971343254,-20.0000002980232,99.5000004768372));
#8834=CARTESIAN_POINT('Origin',(152.934971343254,-20.0000002980232,99.5000004768372));
#8835=CARTESIAN_POINT('Origin',(152.934971343254,-20.0000002980232,119.000000476837));
#8836=CARTESIAN_POINT('',(155.138971343254,-20.0000002980232,119.000000476837));
#8837=CARTESIAN_POINT('',(0.,0.,0.));
#8838=CARTESIAN_POINT('Ctrl Pts',(142.75018492379,-34.9711530877081,95.));
#8839=CARTESIAN_POINT('Ctrl Pts',(142.75018492379,-34.9711530877081,95.));
#8840=CARTESIAN_POINT('Ctrl Pts',(142.75018492379,-34.9711530877081,95.));
#8841=CARTESIAN_POINT('Ctrl Pts',(142.75018492379,-34.9711530877081,95.));
#8842=CARTESIAN_POINT('Ctrl Pts',(142.75018492379,-34.9711530877081,95.));
#8843=CARTESIAN_POINT('Ctrl Pts',(142.75018492379,-34.9711530877081,95.));
#8844=CARTESIAN_POINT('Ctrl Pts',(142.75018492379,-34.9711530877081,95.));
#8845=CARTESIAN_POINT('Ctrl Pts',(142.75018492379,-34.9711530877081,95.));
#8846=CARTESIAN_POINT('Ctrl Pts',(142.75018492379,-34.9711530877081,95.));
#8847=CARTESIAN_POINT('Ctrl Pts',(142.778663971818,-34.9711530877081,97.2211534602371));
#8848=CARTESIAN_POINT('Ctrl Pts',(142.778663971818,-37.1923065479452,97.2211534602371));
#8849=CARTESIAN_POINT('Ctrl Pts',(142.778663971818,-37.1923065479452,95.));
#8850=CARTESIAN_POINT('Ctrl Pts',(142.778663971818,-37.1923065479452,92.7788465397629));
#8851=CARTESIAN_POINT('Ctrl Pts',(142.778663971818,-34.9711530877081,92.7788465397629));
#8852=CARTESIAN_POINT('Ctrl Pts',(142.778663971818,-32.749999627471,92.7788465397629));
#8853=CARTESIAN_POINT('Ctrl Pts',(142.778663971818,-32.749999627471,95.));
#8854=CARTESIAN_POINT('Ctrl Pts',(142.778663971818,-32.749999627471,97.2211534602371));
#8855=CARTESIAN_POINT('Ctrl Pts',(142.778663971818,-34.9711530877081,97.2211534602371));
#8856=CARTESIAN_POINT('Ctrl Pts',(145.,-34.9711530877081,97.2211534602371));
#8857=CARTESIAN_POINT('Ctrl Pts',(145.,-37.1923065479452,97.2211534602371));
#8858=CARTESIAN_POINT('Ctrl Pts',(145.,-37.1923065479452,95.));
#8859=CARTESIAN_POINT('Ctrl Pts',(145.,-37.1923065479452,92.7788465397629));
#8860=CARTESIAN_POINT('Ctrl Pts',(145.,-34.9711530877081,92.7788465397629));
#8861=CARTESIAN_POINT('Ctrl Pts',(145.,-32.749999627471,92.7788465397629));
#8862=CARTESIAN_POINT('Ctrl Pts',(145.,-32.749999627471,95.));
#8863=CARTESIAN_POINT('Ctrl Pts',(145.,-32.749999627471,97.2211534602371));
#8864=CARTESIAN_POINT('Ctrl Pts',(145.,-34.9711530877081,97.2211534602371));
#8865=CARTESIAN_POINT('Ctrl Pts',(147.221336028182,-34.9711530877081,97.2211534602371));
#8866=CARTESIAN_POINT('Ctrl Pts',(147.221336028182,-37.1923065479452,97.2211534602371));
#8867=CARTESIAN_POINT('Ctrl Pts',(147.221336028182,-37.1923065479452,95.));
#8868=CARTESIAN_POINT('Ctrl Pts',(147.221336028182,-37.1923065479452,92.7788465397629));
#8869=CARTESIAN_POINT('Ctrl Pts',(147.221336028182,-34.9711530877081,92.7788465397629));
#8870=CARTESIAN_POINT('Ctrl Pts',(147.221336028182,-32.749999627471,92.7788465397629));
#8871=CARTESIAN_POINT('Ctrl Pts',(147.221336028182,-32.749999627471,95.));
#8872=CARTESIAN_POINT('Ctrl Pts',(147.221336028182,-32.749999627471,97.2211534602371));
#8873=CARTESIAN_POINT('Ctrl Pts',(147.221336028182,-34.9711530877081,97.2211534602371));
#8874=CARTESIAN_POINT('Ctrl Pts',(147.24981507621,-34.9711530877081,95.));
#8875=CARTESIAN_POINT('Ctrl Pts',(147.24981507621,-34.9711530877081,95.));
#8876=CARTESIAN_POINT('Ctrl Pts',(147.24981507621,-34.9711530877081,95.));
#8877=CARTESIAN_POINT('Ctrl Pts',(147.24981507621,-34.9711530877081,95.));
#8878=CARTESIAN_POINT('Ctrl Pts',(147.24981507621,-34.9711530877081,95.));
#8879=CARTESIAN_POINT('Ctrl Pts',(147.24981507621,-34.9711530877081,95.));
#8880=CARTESIAN_POINT('Ctrl Pts',(147.24981507621,-34.9711530877081,95.));
#8881=CARTESIAN_POINT('Ctrl Pts',(147.24981507621,-34.9711530877081,95.));
#8882=CARTESIAN_POINT('Ctrl Pts',(147.24981507621,-34.9711530877081,95.));
#8883=CARTESIAN_POINT('',(147.24981507621,-34.9711530877081,95.));
#8884=CARTESIAN_POINT('',(142.75018492379,-34.9711530877081,95.));
#8885=CARTESIAN_POINT('Origin',(145.,-34.9711530877081,94.9711534602371));
#8886=CARTESIAN_POINT('',(0.,0.,0.));
#8887=CARTESIAN_POINT('Ctrl Pts',(2.5,0.,-6.12323399573676E-17));
#8888=CARTESIAN_POINT('Ctrl Pts',(2.5,0.41336745441971,0.0350877192982455));
#8889=CARTESIAN_POINT('Ctrl Pts',(2.29100651464288,1.23965024122507,0.105263157894737));
#8890=CARTESIAN_POINT('Ctrl Pts',(1.42469532321337,2.18084838553895,0.210526315789474));
#8891=CARTESIAN_POINT('Ctrl Pts',(0.215143611458759,2.5958600781364,0.31578947368421));
#8892=CARTESIAN_POINT('Ctrl Pts',(-1.04643257899845,2.38558206250961,0.421052631578947));
#8893=CARTESIAN_POINT('Ctrl Pts',(-2.05552515104368,1.59988234504743,0.526315789473684));
#8894=CARTESIAN_POINT('Ctrl Pts',(-2.56945573702437,0.428768859501774,0.631578947368421));
#8895=CARTESIAN_POINT('Ctrl Pts',(-2.46364196626251,-0.845772197092239,
0.736842105263157));
#8896=CARTESIAN_POINT('Ctrl Pts',(-1.76430503190985,-1.9165430562803,0.842105263157896));
#8897=CARTESIAN_POINT('Ctrl Pts',(-0.639434627750158,-2.52507426714615,
0.947368421052629));
#8898=CARTESIAN_POINT('Ctrl Pts',(0.639483587060967,-2.52526539266328,1.05263157894737));
#8899=CARTESIAN_POINT('Ctrl Pts',(1.76416929699669,-1.91639857812532,1.1578947368421));
#8900=CARTESIAN_POINT('Ctrl Pts',(2.46383228549843,-0.845834664367272,1.26315789473684));
#8901=CARTESIAN_POINT('Ctrl Pts',(2.56925361847064,0.428732552529029,1.36842105263158));
#8902=CARTESIAN_POINT('Ctrl Pts',(2.05569306266806,1.60001018761981,1.47368421052632));
#8903=CARTESIAN_POINT('Ctrl Pts',(1.04632796419518,2.38538743582019,1.57894736842105));
#8904=CARTESIAN_POINT('Ctrl Pts',(-0.215117330825431,2.59607997489212,1.68421052631579));
#8905=CARTESIAN_POINT('Ctrl Pts',(-1.42467925933698,2.18063394822491,1.78947368421053));
#8906=CARTESIAN_POINT('Ctrl Pts',(-2.29100915053924,1.23983214995263,1.89473684210526));
#8907=CARTESIAN_POINT('Ctrl Pts',(-2.60477934197259,1.74901591017183E-15,
2.));
#8908=CARTESIAN_POINT('Ctrl Pts',(-2.29100915053925,-1.23983214995263,2.10526315789474));
#8909=CARTESIAN_POINT('Ctrl Pts',(-1.42467925933698,-2.1806339482249,2.21052631578947));
#8910=CARTESIAN_POINT('Ctrl Pts',(-0.215117330825432,-2.59607997489212,
2.31578947368421));
#8911=CARTESIAN_POINT('Ctrl Pts',(1.04632796419518,-2.38538743582019,2.42105263157895));
#8912=CARTESIAN_POINT('Ctrl Pts',(2.05569306266806,-1.60001018761981,2.52631578947368));
#8913=CARTESIAN_POINT('Ctrl Pts',(2.56925361847063,-0.428732552529029,2.63157894736842));
#8914=CARTESIAN_POINT('Ctrl Pts',(2.46383228549843,0.845834664367273,2.73684210526316));
#8915=CARTESIAN_POINT('Ctrl Pts',(1.76416929699669,1.91639857812532,2.8421052631579));
#8916=CARTESIAN_POINT('Ctrl Pts',(0.639483587060971,2.52526539266328,2.94736842105263));
#8917=CARTESIAN_POINT('Ctrl Pts',(-0.639434627750158,2.52507426714615,3.05263157894737));
#8918=CARTESIAN_POINT('Ctrl Pts',(-1.76430503190985,1.9165430562803,3.15789473684211));
#8919=CARTESIAN_POINT('Ctrl Pts',(-2.46364196626251,0.845772197092239,3.26315789473684));
#8920=CARTESIAN_POINT('Ctrl Pts',(-2.56945573702437,-0.428768859501776,
3.36842105263158));
#8921=CARTESIAN_POINT('Ctrl Pts',(-2.05552515104368,-1.59988234504743,3.47368421052632));
#8922=CARTESIAN_POINT('Ctrl Pts',(-1.04643257899844,-2.38558206250962,3.57894736842105));
#8923=CARTESIAN_POINT('Ctrl Pts',(0.215143611458759,-2.59586007813639,3.68421052631579));
#8924=CARTESIAN_POINT('Ctrl Pts',(1.42469532321337,-2.18084838553895,3.78947368421053));
#8925=CARTESIAN_POINT('Ctrl Pts',(2.29100651464288,-1.23965024122506,3.89473684210526));
#8926=CARTESIAN_POINT('Ctrl Pts',(2.5,-0.413367454419711,3.96491228070175));
#8927=CARTESIAN_POINT('Ctrl Pts',(2.5,-1.83697019872103E-15,4.));
#8928=CARTESIAN_POINT('Ctrl Pts',(2.5,0.,-0.149599650170943));
#8929=CARTESIAN_POINT('Ctrl Pts',(2.5,0.413592430360658,-0.114511930872697));
#8930=CARTESIAN_POINT('Ctrl Pts',(2.29100680119568,1.23950387009402,-0.0443364922762056));
#8931=CARTESIAN_POINT('Ctrl Pts',(1.42470896072794,2.18095366572135,0.060926665618531));
#8932=CARTESIAN_POINT('Ctrl Pts',(0.215145771726613,2.59581110362415,0.166189823513268));
#8933=CARTESIAN_POINT('Ctrl Pts',(-1.04645005778837,2.38563713275983,0.271452981408004));
#8934=CARTESIAN_POINT('Ctrl Pts',(-2.0555120971228,1.59986364898621,0.376716139302742));
#8935=CARTESIAN_POINT('Ctrl Pts',(-2.56949425576443,0.428780674136805,0.481979297197478));
#8936=CARTESIAN_POINT('Ctrl Pts',(-2.46362719129998,-0.845769778279027,
0.587242455092215));
#8937=CARTESIAN_POINT('Ctrl Pts',(-1.76433125175157,-1.91656985518044,0.692505612986952));
#8938=CARTESIAN_POINT('Ctrl Pts',(-0.63943078847991,-2.52506010057117,0.797768770881688));
#8939=CARTESIAN_POINT('Ctrl Pts',(0.639492991956479,-2.52530228117473,0.903031928776426));
#8940=CARTESIAN_POINT('Ctrl Pts',(1.76415892392705,-1.91638748438847,1.00829508667116));
#8941=CARTESIAN_POINT('Ctrl Pts',(2.46386867382039,-0.84584704460965,1.1135582445659));
#8942=CARTESIAN_POINT('Ctrl Pts',(2.56923848804589,0.428729972561574,1.21882140246063));
#8943=CARTESIAN_POINT('Ctrl Pts',(2.05572342976767,1.6000338578489,1.32408456035537));
#8944=CARTESIAN_POINT('Ctrl Pts',(1.04632180161891,2.38537336813991,1.42934771825011));
#8945=CARTESIAN_POINT('Ctrl Pts',(-0.21512050984564,2.59611833750751,1.53461087614485));
#8946=CARTESIAN_POINT('Ctrl Pts',(-1.42467086582978,2.18062109786976,1.63987403403958));
#8947=CARTESIAN_POINT('Ctrl Pts',(-2.29104299773939,1.23985046874358,1.74513719193432));
#8948=CARTESIAN_POINT('Ctrl Pts',(-2.60476399649627,2.12380503378008E-15,
1.85040034982906));
#8949=CARTESIAN_POINT('Ctrl Pts',(-2.29104299773939,-1.23985046874358,1.95566350772379));
#8950=CARTESIAN_POINT('Ctrl Pts',(-1.42467086582978,-2.18062109786976,2.06092666561853));
#8951=CARTESIAN_POINT('Ctrl Pts',(-0.215120509845644,-2.59611833750752,
2.16618982351327));
#8952=CARTESIAN_POINT('Ctrl Pts',(1.04632180161891,-2.38537336813991,2.271452981408));
#8953=CARTESIAN_POINT('Ctrl Pts',(2.05572342976767,-1.60003385784891,2.37671613930274));
#8954=CARTESIAN_POINT('Ctrl Pts',(2.5692384880459,-0.428729972561572,2.48197929719748));
#8955=CARTESIAN_POINT('Ctrl Pts',(2.46386867382038,0.84584704460965,2.58724245509222));
#8956=CARTESIAN_POINT('Ctrl Pts',(1.76415892392705,1.91638748438847,2.69250561298695));
#8957=CARTESIAN_POINT('Ctrl Pts',(0.639492991956478,2.52530228117473,2.79776877088169));
#8958=CARTESIAN_POINT('Ctrl Pts',(-0.639430788479907,2.52506010057116,2.90303192877643));
#8959=CARTESIAN_POINT('Ctrl Pts',(-1.76433125175158,1.91656985518045,3.00829508667117));
#8960=CARTESIAN_POINT('Ctrl Pts',(-2.46362719129998,0.845769778279024,3.11355824456589));
#8961=CARTESIAN_POINT('Ctrl Pts',(-2.56949425576443,-0.428780674136804,
3.21882140246065));
#8962=CARTESIAN_POINT('Ctrl Pts',(-2.0555120971228,-1.59986364898621,3.32408456035536));
#8963=CARTESIAN_POINT('Ctrl Pts',(-1.04645005778837,-2.38563713275983,3.42934771825012));
#8964=CARTESIAN_POINT('Ctrl Pts',(0.215145771726615,-2.59581110362415,3.53461087614484));
#8965=CARTESIAN_POINT('Ctrl Pts',(1.42470896072794,-2.18095366572134,3.63987403403959));
#8966=CARTESIAN_POINT('Ctrl Pts',(2.29100680119568,-1.23950387009402,3.74513719193432));
#8967=CARTESIAN_POINT('Ctrl Pts',(2.5,-0.41359243036066,3.81531263053081));
#8968=CARTESIAN_POINT('Ctrl Pts',(2.5,-1.83697019872103E-15,3.85040034982906));
#8969=CARTESIAN_POINT('Ctrl Pts',(2.35713613761709,0.,-0.447385597208872));
#8970=CARTESIAN_POINT('Ctrl Pts',(2.35713613761709,0.389630946462665,-0.412297877910627));
#8971=CARTESIAN_POINT('Ctrl Pts',(2.16008555316123,1.16888418186614,-0.342122439314136));
#8972=CARTESIAN_POINT('Ctrl Pts',(1.34327339794589,2.0561690814689,-0.236859281419399));
#8973=CARTESIAN_POINT('Ctrl Pts',(0.202848014049828,2.44754314272366,-0.131596123524663));
#8974=CARTESIAN_POINT('Ctrl Pts',(-0.986624731109019,2.24922867248024,-0.0263329656299253));
#8975=CARTESIAN_POINT('Ctrl Pts',(-1.93806768399715,1.50846570346291,0.0789301922648113));
#8976=CARTESIAN_POINT('Ctrl Pts',(-2.42260320204948,0.404260621664479,0.184193350159548));
#8977=CARTESIAN_POINT('Ctrl Pts',(-2.32286331654963,-0.797441313941545,
0.289456508054285));
#8978=CARTESIAN_POINT('Ctrl Pts',(-1.66346952669653,-1.80700753175248,0.394719665949022));
#8979=CARTESIAN_POINT('Ctrl Pts',(-0.602895739741443,-2.38078472575855,
0.499982823843758));
#8980=CARTESIAN_POINT('Ctrl Pts',(0.602935166632069,-2.38093896796432,0.605245981738496));
#8981=CARTESIAN_POINT('Ctrl Pts',(1.66336015580115,-1.8068905781587,0.710509139633231));
#8982=CARTESIAN_POINT('Ctrl Pts',(2.32301674353125,-0.797492686220171,0.81577229752797));
#8983=CARTESIAN_POINT('Ctrl Pts',(2.42243991409027,0.40423370908036,0.921035455422706));
#8984=CARTESIAN_POINT('Ctrl Pts',(1.93820392077757,1.50856469728587,1.02629861331744));
#8985=CARTESIAN_POINT('Ctrl Pts',(0.986538116130791,2.24908032424386,1.13156177121218));
#8986=CARTESIAN_POINT('Ctrl Pts',(-0.20282271720547,2.44770606272417,1.23682492910692));
#8987=CARTESIAN_POINT('Ctrl Pts',(-1.34326945474884,2.05602696727254,1.34208808700165));
#8988=CARTESIAN_POINT('Ctrl Pts',(-2.16007097295171,1.16897195104962,1.44735124489639));
#8989=CARTESIAN_POINT('Ctrl Pts',(-2.45593561011585,2.37366444951892E-15,
1.55261440279112));
#8990=CARTESIAN_POINT('Ctrl Pts',(-2.16007097295171,-1.16897195104962,1.65787756068587));
#8991=CARTESIAN_POINT('Ctrl Pts',(-1.34326945474884,-2.05602696727254,1.7631407185806));
#8992=CARTESIAN_POINT('Ctrl Pts',(-0.202822717205473,-2.44770606272417,
1.86840387647534));
#8993=CARTESIAN_POINT('Ctrl Pts',(0.986538116130792,-2.24908032424386,1.97366703437007));
#8994=CARTESIAN_POINT('Ctrl Pts',(1.93820392077757,-1.50856469728587,2.07893019226482));
#8995=CARTESIAN_POINT('Ctrl Pts',(2.42243991409027,-0.40423370908036,2.18419335015955));
#8996=CARTESIAN_POINT('Ctrl Pts',(2.32301674353125,0.797492686220172,2.28945650805429));
#8997=CARTESIAN_POINT('Ctrl Pts',(1.66336015580115,1.8068905781587,2.39471966594902));
#8998=CARTESIAN_POINT('Ctrl Pts',(0.60293516663207,2.38093896796432,2.49998282384376));
#8999=CARTESIAN_POINT('Ctrl Pts',(-0.602895739741441,2.38078472575855,2.6052459817385));
#9000=CARTESIAN_POINT('Ctrl Pts',(-1.66346952669653,1.80700753175249,2.71050913963323));
#9001=CARTESIAN_POINT('Ctrl Pts',(-2.32286331654963,0.797441313941542,2.81577229752797));
#9002=CARTESIAN_POINT('Ctrl Pts',(-2.42260320204948,-0.404260621664478,
2.92103545542271));
#9003=CARTESIAN_POINT('Ctrl Pts',(-1.93806768399715,-1.50846570346291,3.02629861331744));
#9004=CARTESIAN_POINT('Ctrl Pts',(-0.986624731109019,-2.24922867248024,
3.13156177121219));
#9005=CARTESIAN_POINT('Ctrl Pts',(0.202848014049829,-2.44754314272366,3.23682492910691));
#9006=CARTESIAN_POINT('Ctrl Pts',(1.34327339794589,-2.0561690814689,3.34208808700166));
#9007=CARTESIAN_POINT('Ctrl Pts',(2.16008555316123,-1.16888418186614,3.44735124489638));
#9008=CARTESIAN_POINT('Ctrl Pts',(2.35713613761709,-0.389630946462666,3.51752668349288));
#9009=CARTESIAN_POINT('Ctrl Pts',(2.35713613761709,-1.73199553565239E-15,
3.55261440279113));
#9010=CARTESIAN_POINT('Ctrl Pts',(1.87266739499066,0.,-0.557951929351209));
#9011=CARTESIAN_POINT('Ctrl Pts',(1.87266739499066,0.309668970353451,-0.522864210052963));
#9012=CARTESIAN_POINT('Ctrl Pts',(1.71611731769813,0.928562122823259,-0.452688771456472));
#9013=CARTESIAN_POINT('Ctrl Pts',(1.06719395390967,1.6336150690697,-0.347425613561736));
#9014=CARTESIAN_POINT('Ctrl Pts',(0.161157249692065,1.94446668420495,-0.242162455666998));
#9015=CARTESIAN_POINT('Ctrl Pts',(-0.783850327101553,1.78696781414249,-0.136899297772262));
#9016=CARTESIAN_POINT('Ctrl Pts',(-1.53972428530346,1.19841658567216,-0.0316361398775247));
#9017=CARTESIAN_POINT('Ctrl Pts',(-1.924699369576,0.321178111818261,0.0736270180172124));
#9018=CARTESIAN_POINT('Ctrl Pts',(-1.84543088421386,-0.633539694303195,
0.178890175911949));
#9019=CARTESIAN_POINT('Ctrl Pts',(-1.32158599104879,-1.43562253967443,0.284153333806686));
#9020=CARTESIAN_POINT('Ctrl Pts',(-0.478978855381081,-1.89144786956814,
0.389416491701423));
#9021=CARTESIAN_POINT('Ctrl Pts',(0.479017240437928,-1.89159763211373,0.494679649596161));
#9022=CARTESIAN_POINT('Ctrl Pts',(1.32147958840605,-1.43550941982291,0.599942807490896));
#9023=CARTESIAN_POINT('Ctrl Pts',(1.84558005678091,-0.63358839863423,0.705205965385634));
#9024=CARTESIAN_POINT('Ctrl Pts',(1.92454103733373,0.32114905556394,0.810469123280369));
#9025=CARTESIAN_POINT('Ctrl Pts',(1.5398556727051,1.19851782239112,0.915732281175109));
#9026=CARTESIAN_POINT('Ctrl Pts',(0.783768908950713,1.78681309253267,1.02099543906984));
#9027=CARTESIAN_POINT('Ctrl Pts',(-0.161137695369164,1.94464268627198,1.12625859696458));
#9028=CARTESIAN_POINT('Ctrl Pts',(-1.06717907440196,1.63343917772894,1.23152175485932));
#9029=CARTESIAN_POINT('Ctrl Pts',(-1.71612362847188,0.928719663929006,1.33678491275405));
#9030=CARTESIAN_POINT('Ctrl Pts',(-1.95115215518153,1.06190251689004E-15,
1.44204807064879));
#9031=CARTESIAN_POINT('Ctrl Pts',(-1.71612362847188,-0.928719663929006,
1.54731122854353));
#9032=CARTESIAN_POINT('Ctrl Pts',(-1.06717907440196,-1.63343917772893,1.65257438643826));
#9033=CARTESIAN_POINT('Ctrl Pts',(-0.161137695369165,-1.94464268627198,
1.757837544333));
#9034=CARTESIAN_POINT('Ctrl Pts',(0.783768908950712,-1.78681309253268,1.86310070222774));
#9035=CARTESIAN_POINT('Ctrl Pts',(1.5398556727051,-1.19851782239112,1.96836386012247));
#9036=CARTESIAN_POINT('Ctrl Pts',(1.92454103733373,-0.321149055563941,2.07362701801721));
#9037=CARTESIAN_POINT('Ctrl Pts',(1.84558005678091,0.633588398634231,2.17889017591195));
#9038=CARTESIAN_POINT('Ctrl Pts',(1.32147958840605,1.43550941982291,2.28415333380668));
#9039=CARTESIAN_POINT('Ctrl Pts',(0.479017240437928,1.89159763211373,2.38941649170143));
#9040=CARTESIAN_POINT('Ctrl Pts',(-0.47897885538108,1.89144786956814,2.49467964959616));
#9041=CARTESIAN_POINT('Ctrl Pts',(-1.32158599104879,1.43562253967442,2.5999428074909));
#9042=CARTESIAN_POINT('Ctrl Pts',(-1.84543088421386,0.633539694303197,2.70520596538563));
#9043=CARTESIAN_POINT('Ctrl Pts',(-1.92469936957601,-0.321178111818264,
2.81046912328037));
#9044=CARTESIAN_POINT('Ctrl Pts',(-1.53972428530346,-1.19841658567216,2.91573228117511));
#9045=CARTESIAN_POINT('Ctrl Pts',(-0.783850327101553,-1.78696781414249,
3.02099543906985));
#9046=CARTESIAN_POINT('Ctrl Pts',(0.161157249692067,-1.94446668420494,3.12625859696458));
#9047=CARTESIAN_POINT('Ctrl Pts',(1.06719395390967,-1.6336150690697,3.23152175485931));
#9048=CARTESIAN_POINT('Ctrl Pts',(1.71611731769813,-0.928562122823259,3.33678491275406));
#9049=CARTESIAN_POINT('Ctrl Pts',(1.87266739499066,-0.309668970353452,3.40696035135054));
#9050=CARTESIAN_POINT('Ctrl Pts',(1.87266739499066,-1.37601367868575E-15,
3.44204807064879));
#9051=CARTESIAN_POINT('Ctrl Pts',(1.4840393230986,0.,-0.248345848413026));
#9052=CARTESIAN_POINT('Ctrl Pts',(1.4840393230986,0.245401319226148,-0.21325812911478));
#9053=CARTESIAN_POINT('Ctrl Pts',(1.35997752822407,0.735862937238594,-0.143082690518289));
#9054=CARTESIAN_POINT('Ctrl Pts',(0.84572275930206,1.29459521546652,-0.0378195326235523));
#9055=CARTESIAN_POINT('Ctrl Pts',(0.12771282285615,1.54093904209932,0.0674436252711843));
#9056=CARTESIAN_POINT('Ctrl Pts',(-0.621180384263885,1.41612390597662,0.172706783165921));
#9057=CARTESIAN_POINT('Ctrl Pts',(-1.22019090704968,0.949713671518291,0.277969941060659));
#9058=CARTESIAN_POINT('Ctrl Pts',(-1.52527274758619,0.254524984065996,0.383233098955394));
#9059=CARTESIAN_POINT('Ctrl Pts',(-1.46245531572593,-0.502063465633375,
0.488496256850132));
#9060=CARTESIAN_POINT('Ctrl Pts',(-1.04732153693723,-1.13769247400239,0.593759414744868));
#9061=CARTESIAN_POINT('Ctrl Pts',(-0.379578113317105,-1.49892254961815,
0.699022572639606));
#9062=CARTESIAN_POINT('Ctrl Pts',(0.379608347616013,-1.49904051991948,0.804285730534341));
#9063=CARTESIAN_POINT('Ctrl Pts',(1.04723772636938,-1.13760335836408,0.909548888429079));
#9064=CARTESIAN_POINT('Ctrl Pts',(1.46257281697483,-0.502101855983006,1.01481204632381));
#9065=CARTESIAN_POINT('Ctrl Pts',(1.52514802223142,0.254502158652137,1.12007520421855));
#9066=CARTESIAN_POINT('Ctrl Pts',(1.22029442208085,0.949793307652155,1.22533836211329));
#9067=CARTESIAN_POINT('Ctrl Pts',(0.621116192486027,1.41600225812145,1.33060152000803));
#9068=CARTESIAN_POINT('Ctrl Pts',(-0.127697312354821,1.54107730015622,1.43586467790276));
#9069=CARTESIAN_POINT('Ctrl Pts',(-0.845711275162193,1.29445747492554,1.5411278357975));
#9070=CARTESIAN_POINT('Ctrl Pts',(-1.35998206095593,0.735985485898102,1.64639099369224));
#9071=CARTESIAN_POINT('Ctrl Pts',(-1.54623663147615,9.99437662955334E-16,
1.75165415158697));
#9072=CARTESIAN_POINT('Ctrl Pts',(-1.35998206095592,-0.735985485898102,
1.85691730948171));
#9073=CARTESIAN_POINT('Ctrl Pts',(-0.845711275162194,-1.29445747492554,
1.96218046737645));
#9074=CARTESIAN_POINT('Ctrl Pts',(-0.127697312354822,-1.54107730015622,
2.06744362527118));
#9075=CARTESIAN_POINT('Ctrl Pts',(0.621116192486027,-1.41600225812145,2.17270678316592));
#9076=CARTESIAN_POINT('Ctrl Pts',(1.22029442208085,-0.94979330765216,2.27796994106066));
#9077=CARTESIAN_POINT('Ctrl Pts',(1.52514802223142,-0.254502158652135,2.38323309895539));
#9078=CARTESIAN_POINT('Ctrl Pts',(1.46257281697483,0.502101855983003,2.48849625685014));
#9079=CARTESIAN_POINT('Ctrl Pts',(1.04723772636938,1.13760335836408,2.59375941474487));
#9080=CARTESIAN_POINT('Ctrl Pts',(0.379608347616014,1.49904051991948,2.69902257263961));
#9081=CARTESIAN_POINT('Ctrl Pts',(-0.379578113317103,1.49892254961815,2.80428573053434));
#9082=CARTESIAN_POINT('Ctrl Pts',(-1.04732153693723,1.13769247400239,2.90954888842908));
#9083=CARTESIAN_POINT('Ctrl Pts',(-1.46245531572593,0.502063465633375,3.01481204632381));
#9084=CARTESIAN_POINT('Ctrl Pts',(-1.5252727475862,-0.254524984065997,3.12007520421855));
#9085=CARTESIAN_POINT('Ctrl Pts',(-1.22019090704968,-0.94971367151829,3.22533836211329));
#9086=CARTESIAN_POINT('Ctrl Pts',(-0.621180384263885,-1.41612390597663,
3.33060152000803));
#9087=CARTESIAN_POINT('Ctrl Pts',(0.127712822856151,-1.54093904209932,3.43586467790276));
#9088=CARTESIAN_POINT('Ctrl Pts',(0.84572275930206,-1.29459521546652,3.54112783579751));
#9089=CARTESIAN_POINT('Ctrl Pts',(1.35997752822407,-0.735862937238594,3.64639099369223));
#9090=CARTESIAN_POINT('Ctrl Pts',(1.4840393230986,-0.245401319226149,3.71656643228873));
#9091=CARTESIAN_POINT('Ctrl Pts',(1.4840393230986,-1.0904544041049E-15,
3.75165415158698));
#9092=CARTESIAN_POINT('Ctrl Pts',(1.48457322853096,0.,0.248137149420807));
#9093=CARTESIAN_POINT('Ctrl Pts',(1.48457322853096,0.245426444367683,0.283224868719053));
#9094=CARTESIAN_POINT('Ctrl Pts',(1.3604667201134,0.736168768462932,0.353400307315544));
#9095=CARTESIAN_POINT('Ctrl Pts',(0.846023192052586,1.29503140827816,0.458663465210281));
#9096=CARTESIAN_POINT('Ctrl Pts',(0.127758162969983,1.54150716758315,0.563926623105018));
#9097=CARTESIAN_POINT('Ctrl Pts',(-0.621398956090561,1.41661791692512,0.669189780999754));
#9098=CARTESIAN_POINT('Ctrl Pts',(-1.22063355392144,0.950060594165506,0.774452938894493));
#9099=CARTESIAN_POINT('Ctrl Pts',(-1.52581067328196,0.254613236309622,0.879716096789226));
#9100=CARTESIAN_POINT('Ctrl Pts',(-1.46298560403675,-0.502244769582936,
0.984979254683967));
#9101=CARTESIAN_POINT('Ctrl Pts',(-1.04769096540537,-1.13809425220244,1.0902424125787));
#9102=CARTESIAN_POINT('Ctrl Pts',(-0.379715750113048,-1.49946578676008,
1.19550557047344));
#9103=CARTESIAN_POINT('Ctrl Pts',(0.379742277008922,-1.49956946586172,1.30076872836818));
#9104=CARTESIAN_POINT('Ctrl Pts',(1.04761739809207,-1.13801574280618,1.40603188626291));
#9105=CARTESIAN_POINT('Ctrl Pts',(1.46308878354077,-0.502279018930732,1.51129504415765));
#9106=CARTESIAN_POINT('Ctrl Pts',(1.52570096498037,0.254594443947692,1.61655820205238));
#9107=CARTESIAN_POINT('Ctrl Pts',(1.22072491580534,0.950128364675268,1.72182135994713));
#9108=CARTESIAN_POINT('Ctrl Pts',(0.62134137849793,1.41651563567875,1.82708451784185));
#9109=CARTESIAN_POINT('Ctrl Pts',(-0.127742360875276,1.54162095560888,1.9323476757366));
#9110=CARTESIAN_POINT('Ctrl Pts',(-0.846017888958452,1.29492678315958,2.03761083363133));
#9111=CARTESIAN_POINT('Ctrl Pts',(-1.36046183237304,0.736245124755056,2.14287399152607));
#9112=CARTESIAN_POINT('Ctrl Pts',(-1.54679722154438,1.24929707869417E-16,
2.2481371494208));
#9113=CARTESIAN_POINT('Ctrl Pts',(-1.36046183237304,-0.736245124755054,
2.35340030731555));
#9114=CARTESIAN_POINT('Ctrl Pts',(-0.846017888958454,-1.29492678315958,
2.45866346521028));
#9115=CARTESIAN_POINT('Ctrl Pts',(-0.127742360875276,-1.54162095560888,
2.56392662310502));
#9116=CARTESIAN_POINT('Ctrl Pts',(0.62134137849793,-1.41651563567875,2.66918978099976));
#9117=CARTESIAN_POINT('Ctrl Pts',(1.22072491580534,-0.950128364675267,2.77445293889449));
#9118=CARTESIAN_POINT('Ctrl Pts',(1.52570096498037,-0.254594443947693,2.87971609678923));
#9119=CARTESIAN_POINT('Ctrl Pts',(1.46308878354076,0.502279018930734,2.98497925468396));
#9120=CARTESIAN_POINT('Ctrl Pts',(1.04761739809207,1.13801574280617,3.0902424125787));
#9121=CARTESIAN_POINT('Ctrl Pts',(0.379742277008923,1.49956946586172,3.19550557047344));
#9122=CARTESIAN_POINT('Ctrl Pts',(-0.379715750113047,1.49946578676008,3.30076872836817));
#9123=CARTESIAN_POINT('Ctrl Pts',(-1.04769096540538,1.13809425220244,3.40603188626291));
#9124=CARTESIAN_POINT('Ctrl Pts',(-1.46298560403675,0.502244769582934,3.51129504415765));
#9125=CARTESIAN_POINT('Ctrl Pts',(-1.52581067328196,-0.254613236309624,
3.61655820205238));
#9126=CARTESIAN_POINT('Ctrl Pts',(-1.22063355392144,-0.950060594165504,
3.72182135994712));
#9127=CARTESIAN_POINT('Ctrl Pts',(-0.621398956090561,-1.41661791692512,
3.82708451784187));
#9128=CARTESIAN_POINT('Ctrl Pts',(0.127758162969984,-1.54150716758314,3.93234767573659));
#9129=CARTESIAN_POINT('Ctrl Pts',(0.846023192052586,-1.29503140827816,4.03761083363133));
#9130=CARTESIAN_POINT('Ctrl Pts',(1.3604667201134,-0.736168768462931,4.14287399152608));
#9131=CARTESIAN_POINT('Ctrl Pts',(1.48457322853096,-0.245426444367684,4.21304943012256));
#9132=CARTESIAN_POINT('Ctrl Pts',(1.48457322853096,-1.09084671145217E-15,
4.24813714942081));
#9133=CARTESIAN_POINT('Ctrl Pts',(1.872447331389,0.,0.558462651288207));
#9134=CARTESIAN_POINT('Ctrl Pts',(1.872447331389,0.309680023534454,0.593550370586453));
#9135=CARTESIAN_POINT('Ctrl Pts',(1.71591571126469,0.928422137202662,0.663725809182944));
#9136=CARTESIAN_POINT('Ctrl Pts',(1.06707142017974,1.63344529906055,0.768988967077682));
#9137=CARTESIAN_POINT('Ctrl Pts',(0.161138767110364,1.94422785536232,0.874252124972417));
#9138=CARTESIAN_POINT('Ctrl Pts',(-0.783761900115111,1.78676943473639,0.979515282867157));
#9139=CARTESIAN_POINT('Ctrl Pts',(-1.53954059415328,1.19827181293877,1.08477844076189));
#9140=CARTESIAN_POINT('Ctrl Pts',(-1.92448131443906,0.321142860568766,1.19004159865663));
#9141=CARTESIAN_POINT('Ctrl Pts',(-1.84521090549005,-0.633464734784621,
1.29530475655136));
#9142=CARTESIAN_POINT('Ctrl Pts',(-1.32143621622394,-1.43545948613479,1.4005679144461));
#9143=CARTESIAN_POINT('Ctrl Pts',(-0.478921759290262,-1.89122261152791,
1.50583107234084));
#9144=CARTESIAN_POINT('Ctrl Pts',(0.478962932796804,-1.89138312308968,1.61109423023558));
#9145=CARTESIAN_POINT('Ctrl Pts',(1.32132210928674,-1.43533838868902,1.71635738813031));
#9146=CARTESIAN_POINT('Ctrl Pts',(1.84537084995966,-0.633516554251481,1.82162054602505));
#9147=CARTESIAN_POINT('Ctrl Pts',(1.92431168714239,0.321110772161717,1.92688370391978));
#9148=CARTESIAN_POINT('Ctrl Pts',(1.53968112284085,1.19838197206282,2.03214686181452));
#9149=CARTESIAN_POINT('Ctrl Pts',(0.783675505985748,1.78660015134097,2.13741001970926));
#9150=CARTESIAN_POINT('Ctrl Pts',(-0.161119429922223,1.94442225460321,2.242673177604));
#9151=CARTESIAN_POINT('Ctrl Pts',(-1.06705189646749,1.63324451674708,2.34793633549873));
#9152=CARTESIAN_POINT('Ctrl Pts',(-1.71592909864415,0.928614389988726,2.45319949339347));
#9153=CARTESIAN_POINT('Ctrl Pts',(-1.95091963247541,2.49859415738833E-16,
2.55846265128821));
#9154=CARTESIAN_POINT('Ctrl Pts',(-1.71592909864415,-0.928614389988723,
2.66372580918294));
#9155=CARTESIAN_POINT('Ctrl Pts',(-1.06705189646749,-1.63324451674708,2.76898896707768));
#9156=CARTESIAN_POINT('Ctrl Pts',(-0.161119429922227,-1.94442225460321,
2.87425212497242));
#9157=CARTESIAN_POINT('Ctrl Pts',(0.783675505985748,-1.78660015134097,2.97951528286716));
#9158=CARTESIAN_POINT('Ctrl Pts',(1.53968112284085,-1.19838197206282,3.08477844076189));
#9159=CARTESIAN_POINT('Ctrl Pts',(1.92431168714239,-0.321110772161716,3.19004159865663));
#9160=CARTESIAN_POINT('Ctrl Pts',(1.84537084995966,0.63351655425148,3.29530475655137));
#9161=CARTESIAN_POINT('Ctrl Pts',(1.32132210928674,1.43533838868902,3.4005679144461));
#9162=CARTESIAN_POINT('Ctrl Pts',(0.478962932796804,1.89138312308967,3.50583107234084));
#9163=CARTESIAN_POINT('Ctrl Pts',(-0.47892175929026,1.89122261152791,3.61109423023557));
#9164=CARTESIAN_POINT('Ctrl Pts',(-1.32143621622394,1.43545948613479,3.71635738813032));
#9165=CARTESIAN_POINT('Ctrl Pts',(-1.84521090549005,0.633464734784621,3.82162054602505));
#9166=CARTESIAN_POINT('Ctrl Pts',(-1.92448131443906,-0.321142860568766,
3.92688370391979));
#9167=CARTESIAN_POINT('Ctrl Pts',(-1.53954059415328,-1.19827181293877,4.03214686181452));
#9168=CARTESIAN_POINT('Ctrl Pts',(-0.783761900115112,-1.7867694347364,4.13741001970927));
#9169=CARTESIAN_POINT('Ctrl Pts',(0.161138767110367,-1.94422785536232,4.242673177604));
#9170=CARTESIAN_POINT('Ctrl Pts',(1.06707142017973,-1.63344529906055,4.34793633549873));
#9171=CARTESIAN_POINT('Ctrl Pts',(1.71591571126469,-0.928422137202664,4.45319949339347));
#9172=CARTESIAN_POINT('Ctrl Pts',(1.872447331389,-0.309680023534455,4.52337493198996));
#9173=CARTESIAN_POINT('Ctrl Pts',(1.872447331389,-1.37585197857453E-15,
4.55846265128821));
#9174=CARTESIAN_POINT('Ctrl Pts',(2.35700931667831,0.,0.447081434209653));
#9175=CARTESIAN_POINT('Ctrl Pts',(2.35700931667831,0.389588032009851,0.482169153507898));
#9176=CARTESIAN_POINT('Ctrl Pts',(2.15996930617102,1.16883557400988,0.552344592104389));
#9177=CARTESIAN_POINT('Ctrl Pts',(1.34319979521245,2.05604818115094,0.657607749999127));
#9178=CARTESIAN_POINT('Ctrl Pts',(0.202836889443322,2.44741623611564,0.762870907893863));
#9179=CARTESIAN_POINT('Ctrl Pts',(-0.986569942337765,2.2491022840197,0.868134065788599));
#9180=CARTESIAN_POINT('Ctrl Pts',(-1.9379646838736,1.50838636771416,0.973397223683337));
#9181=CARTESIAN_POINT('Ctrl Pts',(-2.42246910047226,0.404237718473146,1.07866038157807));
#9182=CARTESIAN_POINT('Ctrl Pts',(-2.32273978119986,-0.797398645232005,
1.18392353947281));
#9183=CARTESIAN_POINT('Ctrl Pts',(-1.66337746878709,-1.80690769457185,1.28918669736755));
#9184=CARTESIAN_POINT('Ctrl Pts',(-0.602863676758287,-2.38065801470355,
1.39444985526229));
#9185=CARTESIAN_POINT('Ctrl Pts',(0.602901809279903,-2.38080726711006,1.49971301315702));
#9186=CARTESIAN_POINT('Ctrl Pts',(1.66327167418654,-1.80679444449652,1.60497617105176));
#9187=CARTESIAN_POINT('Ctrl Pts',(2.32288820786907,-0.797448570786624,1.71023932894649));
#9188=CARTESIAN_POINT('Ctrl Pts',(2.42231105590605,0.404212211834099,1.81550248684123));
#9189=CARTESIAN_POINT('Ctrl Pts',(1.93809667668766,1.50848122248572,1.92076564473597));
#9190=CARTESIAN_POINT('Ctrl Pts',(0.986485638733619,2.24896068962834,2.0260288026307));
#9191=CARTESIAN_POINT('Ctrl Pts',(-0.202811494559232,2.4475706257716,2.13129196052545));
#9192=CARTESIAN_POINT('Ctrl Pts',(-1.34319800181842,2.05591760072638,2.23655511842018));
#9193=CARTESIAN_POINT('Ctrl Pts',(-2.15995145219693,1.16890726949547,2.34181827631492));
#9194=CARTESIAN_POINT('Ctrl Pts',(-2.45580497074633,7.495782472165E-16,
2.44708143420965));
#9195=CARTESIAN_POINT('Ctrl Pts',(-2.15995145219692,-1.16890726949547,2.55234459210439));
#9196=CARTESIAN_POINT('Ctrl Pts',(-1.34319800181843,-2.05591760072638,2.65760774999913));
#9197=CARTESIAN_POINT('Ctrl Pts',(-0.202811494559231,-2.4475706257716,2.76287090789386));
#9198=CARTESIAN_POINT('Ctrl Pts',(0.986485638733618,-2.24896068962834,2.8681340657886));
#9199=CARTESIAN_POINT('Ctrl Pts',(1.93809667668766,-1.50848122248572,2.97339722368333));
#9200=CARTESIAN_POINT('Ctrl Pts',(2.42231105590606,-0.4042122118341,3.07866038157807));
#9201=CARTESIAN_POINT('Ctrl Pts',(2.32288820786907,0.797448570786626,3.1839235394728));
#9202=CARTESIAN_POINT('Ctrl Pts',(1.66327167418654,1.80679444449652,3.28918669736755));
#9203=CARTESIAN_POINT('Ctrl Pts',(0.602901809279905,2.38080726711007,3.39444985526228));
#9204=CARTESIAN_POINT('Ctrl Pts',(-0.602863676758286,2.38065801470355,3.49971301315702));
#9205=CARTESIAN_POINT('Ctrl Pts',(-1.66337746878709,1.80690769457185,3.60497617105176));
#9206=CARTESIAN_POINT('Ctrl Pts',(-2.32273978119985,0.797398645232005,3.71023932894649));
#9207=CARTESIAN_POINT('Ctrl Pts',(-2.42246910047226,-0.40423771847315,3.81550248684123));
#9208=CARTESIAN_POINT('Ctrl Pts',(-1.9379646838736,-1.50838636771416,3.92076564473596));
#9209=CARTESIAN_POINT('Ctrl Pts',(-0.986569942337767,-2.24910228401971,
4.02602880263071));
#9210=CARTESIAN_POINT('Ctrl Pts',(0.202836889443324,-2.44741623611564,4.13129196052543));
#9211=CARTESIAN_POINT('Ctrl Pts',(1.34319979521245,-2.05604818115095,4.23655511842018));
#9212=CARTESIAN_POINT('Ctrl Pts',(2.15996930617102,-1.16883557400988,4.34181827631492));
#9213=CARTESIAN_POINT('Ctrl Pts',(2.35700931667831,-0.389588032009852,4.41199371491141));
#9214=CARTESIAN_POINT('Ctrl Pts',(2.35700931667831,-1.73190234913835E-15,
4.44708143420965));
#9215=CARTESIAN_POINT('Ctrl Pts',(2.5,0.,0.149599650170943));
#9216=CARTESIAN_POINT('Ctrl Pts',(2.5,0.413621765424161,0.184687369469188));
#9217=CARTESIAN_POINT('Ctrl Pts',(2.29100683855987,1.23948478446911,0.254862808065679));
#9218=CARTESIAN_POINT('Ctrl Pts',(1.42471073895078,2.18096739341517,0.360125965960417));
#9219=CARTESIAN_POINT('Ctrl Pts',(0.215146053408264,2.59580471773942,0.465389123855153));
#9220=CARTESIAN_POINT('Ctrl Pts',(-1.04645233688279,2.38564431348005,0.57065228174989));
#9221=CARTESIAN_POINT('Ctrl Pts',(-2.05551039499592,1.59986121116934,0.675915439644627));
#9222=CARTESIAN_POINT('Ctrl Pts',(-2.56949927830008,0.428782214670726,0.781178597539364));
#9223=CARTESIAN_POINT('Ctrl Pts',(-2.46362526476303,-0.845769462885128,
0.8864417554341));
#9224=CARTESIAN_POINT('Ctrl Pts',(-1.76433467060925,-1.9165733495427,0.991704913328839));
#9225=CARTESIAN_POINT('Ctrl Pts',(-0.639430287869774,-2.52505825336308,
1.09696807122357));
#9226=CARTESIAN_POINT('Ctrl Pts',(0.639494218279641,-2.52530709114162,1.20223122911831));
#9227=CARTESIAN_POINT('Ctrl Pts',(1.76415757136172,-1.91638603785391,1.30749438701305));
#9228=CARTESIAN_POINT('Ctrl Pts',(2.46387341856657,-0.845848658894246,1.41275754490779));
#9229=CARTESIAN_POINT('Ctrl Pts',(2.5692365151595,0.428729636154449,1.51802070280252));
#9230=CARTESIAN_POINT('Ctrl Pts',(2.05572738939461,1.60003694425748,1.62328386069726));
#9231=CARTESIAN_POINT('Ctrl Pts',(1.04632099806824,2.38537153382691,1.72854701859199));
#9232=CARTESIAN_POINT('Ctrl Pts',(-0.215120924364453,2.59612333968577,1.83381017648674));
#9233=CARTESIAN_POINT('Ctrl Pts',(-1.42466977138357,2.18061942228621,1.93907333438147));
#9234=CARTESIAN_POINT('Ctrl Pts',(-2.2910474111436,1.23985285736742,2.04433649227621));
#9235=CARTESIAN_POINT('Ctrl Pts',(-2.60476199556887,1.99887532591067E-15,
2.14959965017094));
#9236=CARTESIAN_POINT('Ctrl Pts',(-2.29104741114361,-1.23985285736742,2.25486280806568));
#9237=CARTESIAN_POINT('Ctrl Pts',(-1.42466977138357,-2.18061942228621,2.36012596596041));
#9238=CARTESIAN_POINT('Ctrl Pts',(-0.215120924364454,-2.59612333968577,
2.46538912385516));
#9239=CARTESIAN_POINT('Ctrl Pts',(1.04632099806824,-2.38537153382691,2.57065228174989));
#9240=CARTESIAN_POINT('Ctrl Pts',(2.05572738939461,-1.60003694425748,2.67591543964463));
#9241=CARTESIAN_POINT('Ctrl Pts',(2.5692365151595,-0.428729636154449,2.78117859753936));
#9242=CARTESIAN_POINT('Ctrl Pts',(2.46387341856657,0.845848658894248,2.8864417554341));
#9243=CARTESIAN_POINT('Ctrl Pts',(1.76415757136172,1.9163860378539,2.99170491332883));
#9244=CARTESIAN_POINT('Ctrl Pts',(0.639494218279645,2.52530709114162,3.09696807122358));
#9245=CARTESIAN_POINT('Ctrl Pts',(-0.639430287869775,2.52505825336308,3.20223122911831));
#9246=CARTESIAN_POINT('Ctrl Pts',(-1.76433467060925,1.91657334954271,3.30749438701305));
#9247=CARTESIAN_POINT('Ctrl Pts',(-2.46362526476304,0.845769462885126,3.41275754490778));
#9248=CARTESIAN_POINT('Ctrl Pts',(-2.56949927830008,-0.428782214670727,
3.51802070280252));
#9249=CARTESIAN_POINT('Ctrl Pts',(-2.05551039499592,-1.59986121116935,3.62328386069725));
#9250=CARTESIAN_POINT('Ctrl Pts',(-1.04645233688279,-2.38564431348005,3.728547018592));
#9251=CARTESIAN_POINT('Ctrl Pts',(0.215146053408264,-2.59580471773943,3.83381017648673));
#9252=CARTESIAN_POINT('Ctrl Pts',(1.42471073895078,-2.18096739341517,3.93907333438147));
#9253=CARTESIAN_POINT('Ctrl Pts',(2.29100683855987,-1.23948478446911,4.0443364922762));
#9254=CARTESIAN_POINT('Ctrl Pts',(2.5,-0.413621765424163,4.1145119308727));
#9255=CARTESIAN_POINT('Ctrl Pts',(2.5,-1.83697019872103E-15,4.14959965017094));
#9256=CARTESIAN_POINT('Ctrl Pts',(2.5,0.,6.12323399573676E-17));
#9257=CARTESIAN_POINT('Ctrl Pts',(2.5,0.41336745441971,0.0350877192982457));
#9258=CARTESIAN_POINT('Ctrl Pts',(2.29100651464288,1.23965024122507,0.105263157894737));
#9259=CARTESIAN_POINT('Ctrl Pts',(1.42469532321337,2.18084838553895,0.210526315789474));
#9260=CARTESIAN_POINT('Ctrl Pts',(0.215143611458759,2.5958600781364,0.31578947368421));
#9261=CARTESIAN_POINT('Ctrl Pts',(-1.04643257899845,2.38558206250961,0.421052631578948));
#9262=CARTESIAN_POINT('Ctrl Pts',(-2.05552515104368,1.59988234504743,0.526315789473684));
#9263=CARTESIAN_POINT('Ctrl Pts',(-2.56945573702437,0.428768859501774,0.631578947368421));
#9264=CARTESIAN_POINT('Ctrl Pts',(-2.46364196626251,-0.845772197092239,
0.736842105263157));
#9265=CARTESIAN_POINT('Ctrl Pts',(-1.76430503190985,-1.9165430562803,0.842105263157896));
#9266=CARTESIAN_POINT('Ctrl Pts',(-0.639434627750158,-2.52507426714615,
0.947368421052629));
#9267=CARTESIAN_POINT('Ctrl Pts',(0.639483587060967,-2.52526539266328,1.05263157894737));
#9268=CARTESIAN_POINT('Ctrl Pts',(1.76416929699669,-1.91639857812532,1.1578947368421));
#9269=CARTESIAN_POINT('Ctrl Pts',(2.46383228549843,-0.845834664367272,1.26315789473684));
#9270=CARTESIAN_POINT('Ctrl Pts',(2.56925361847064,0.428732552529029,1.36842105263158));
#9271=CARTESIAN_POINT('Ctrl Pts',(2.05569306266806,1.60001018761981,1.47368421052632));
#9272=CARTESIAN_POINT('Ctrl Pts',(1.04632796419518,2.38538743582019,1.57894736842105));
#9273=CARTESIAN_POINT('Ctrl Pts',(-0.215117330825431,2.59607997489212,1.68421052631579));
#9274=CARTESIAN_POINT('Ctrl Pts',(-1.42467925933698,2.18063394822491,1.78947368421053));
#9275=CARTESIAN_POINT('Ctrl Pts',(-2.29100915053924,1.23983214995263,1.89473684210526));
#9276=CARTESIAN_POINT('Ctrl Pts',(-2.60477934197259,1.74901591017183E-15,
2.));
#9277=CARTESIAN_POINT('Ctrl Pts',(-2.29100915053925,-1.23983214995263,2.10526315789474));
#9278=CARTESIAN_POINT('Ctrl Pts',(-1.42467925933698,-2.1806339482249,2.21052631578947));
#9279=CARTESIAN_POINT('Ctrl Pts',(-0.215117330825432,-2.59607997489212,
2.31578947368421));
#9280=CARTESIAN_POINT('Ctrl Pts',(1.04632796419518,-2.38538743582019,2.42105263157895));
#9281=CARTESIAN_POINT('Ctrl Pts',(2.05569306266806,-1.60001018761981,2.52631578947368));
#9282=CARTESIAN_POINT('Ctrl Pts',(2.56925361847063,-0.428732552529029,2.63157894736842));
#9283=CARTESIAN_POINT('Ctrl Pts',(2.46383228549843,0.845834664367273,2.73684210526316));
#9284=CARTESIAN_POINT('Ctrl Pts',(1.76416929699669,1.91639857812532,2.8421052631579));
#9285=CARTESIAN_POINT('Ctrl Pts',(0.639483587060971,2.52526539266328,2.94736842105263));
#9286=CARTESIAN_POINT('Ctrl Pts',(-0.639434627750158,2.52507426714615,3.05263157894737));
#9287=CARTESIAN_POINT('Ctrl Pts',(-1.76430503190985,1.9165430562803,3.15789473684211));
#9288=CARTESIAN_POINT('Ctrl Pts',(-2.46364196626251,0.845772197092239,3.26315789473684));
#9289=CARTESIAN_POINT('Ctrl Pts',(-2.56945573702437,-0.428768859501776,
3.36842105263158));
#9290=CARTESIAN_POINT('Ctrl Pts',(-2.05552515104368,-1.59988234504743,3.47368421052632));
#9291=CARTESIAN_POINT('Ctrl Pts',(-1.04643257899844,-2.38558206250962,3.57894736842105));
#9292=CARTESIAN_POINT('Ctrl Pts',(0.215143611458759,-2.59586007813639,3.68421052631579));
#9293=CARTESIAN_POINT('Ctrl Pts',(1.42469532321337,-2.18084838553895,3.78947368421053));
#9294=CARTESIAN_POINT('Ctrl Pts',(2.29100651464288,-1.23965024122506,3.89473684210526));
#9295=CARTESIAN_POINT('Ctrl Pts',(2.5,-0.413367454419711,3.96491228070175));
#9296=CARTESIAN_POINT('Ctrl Pts',(2.5,-1.83697019872103E-15,4.));
#9297=CARTESIAN_POINT('',(2.5,0.,-6.12323399573676E-17));
#9298=CARTESIAN_POINT('Origin',(2.,0.,0.));
#9299=CARTESIAN_POINT('',(2.5,-1.83697019872103E-15,4.));
#9300=CARTESIAN_POINT('Ctrl Pts',(2.5,0.,6.12323399573676E-17));
#9301=CARTESIAN_POINT('Ctrl Pts',(2.5,0.41336745441971,0.0350877192982457));
#9302=CARTESIAN_POINT('Ctrl Pts',(2.29100651464288,1.23965024122507,0.105263157894737));
#9303=CARTESIAN_POINT('Ctrl Pts',(1.42469532321337,2.18084838553895,0.210526315789474));
#9304=CARTESIAN_POINT('Ctrl Pts',(0.215143611458759,2.5958600781364,0.31578947368421));
#9305=CARTESIAN_POINT('Ctrl Pts',(-1.04643257899845,2.38558206250961,0.421052631578948));
#9306=CARTESIAN_POINT('Ctrl Pts',(-2.05552515104368,1.59988234504743,0.526315789473684));
#9307=CARTESIAN_POINT('Ctrl Pts',(-2.56945573702437,0.428768859501774,0.631578947368421));
#9308=CARTESIAN_POINT('Ctrl Pts',(-2.46364196626251,-0.845772197092239,
0.736842105263157));
#9309=CARTESIAN_POINT('Ctrl Pts',(-1.76430503190985,-1.9165430562803,0.842105263157896));
#9310=CARTESIAN_POINT('Ctrl Pts',(-0.639434627750158,-2.52507426714615,
0.947368421052629));
#9311=CARTESIAN_POINT('Ctrl Pts',(0.639483587060967,-2.52526539266328,1.05263157894737));
#9312=CARTESIAN_POINT('Ctrl Pts',(1.76416929699669,-1.91639857812532,1.1578947368421));
#9313=CARTESIAN_POINT('Ctrl Pts',(2.46383228549843,-0.845834664367272,1.26315789473684));
#9314=CARTESIAN_POINT('Ctrl Pts',(2.56925361847064,0.428732552529029,1.36842105263158));
#9315=CARTESIAN_POINT('Ctrl Pts',(2.05569306266806,1.60001018761981,1.47368421052632));
#9316=CARTESIAN_POINT('Ctrl Pts',(1.04632796419518,2.38538743582019,1.57894736842105));
#9317=CARTESIAN_POINT('Ctrl Pts',(-0.215117330825431,2.59607997489212,1.68421052631579));
#9318=CARTESIAN_POINT('Ctrl Pts',(-1.42467925933698,2.18063394822491,1.78947368421053));
#9319=CARTESIAN_POINT('Ctrl Pts',(-2.29100915053924,1.23983214995263,1.89473684210526));
#9320=CARTESIAN_POINT('Ctrl Pts',(-2.60477934197259,1.74901591017183E-15,
2.));
#9321=CARTESIAN_POINT('Ctrl Pts',(-2.29100915053925,-1.23983214995263,2.10526315789474));
#9322=CARTESIAN_POINT('Ctrl Pts',(-1.42467925933698,-2.1806339482249,2.21052631578947));
#9323=CARTESIAN_POINT('Ctrl Pts',(-0.215117330825432,-2.59607997489212,
2.31578947368421));
#9324=CARTESIAN_POINT('Ctrl Pts',(1.04632796419518,-2.38538743582019,2.42105263157895));
#9325=CARTESIAN_POINT('Ctrl Pts',(2.05569306266806,-1.60001018761981,2.52631578947368));
#9326=CARTESIAN_POINT('Ctrl Pts',(2.56925361847063,-0.428732552529029,2.63157894736842));
#9327=CARTESIAN_POINT('Ctrl Pts',(2.46383228549843,0.845834664367273,2.73684210526316));
#9328=CARTESIAN_POINT('Ctrl Pts',(1.76416929699669,1.91639857812532,2.8421052631579));
#9329=CARTESIAN_POINT('Ctrl Pts',(0.639483587060971,2.52526539266328,2.94736842105263));
#9330=CARTESIAN_POINT('Ctrl Pts',(-0.639434627750158,2.52507426714615,3.05263157894737));
#9331=CARTESIAN_POINT('Ctrl Pts',(-1.76430503190985,1.9165430562803,3.15789473684211));
#9332=CARTESIAN_POINT('Ctrl Pts',(-2.46364196626251,0.845772197092239,3.26315789473684));
#9333=CARTESIAN_POINT('Ctrl Pts',(-2.56945573702437,-0.428768859501776,
3.36842105263158));
#9334=CARTESIAN_POINT('Ctrl Pts',(-2.05552515104368,-1.59988234504743,3.47368421052632));
#9335=CARTESIAN_POINT('Ctrl Pts',(-1.04643257899844,-2.38558206250962,3.57894736842105));
#9336=CARTESIAN_POINT('Ctrl Pts',(0.215143611458759,-2.59586007813639,3.68421052631579));
#9337=CARTESIAN_POINT('Ctrl Pts',(1.42469532321337,-2.18084838553895,3.78947368421053));
#9338=CARTESIAN_POINT('Ctrl Pts',(2.29100651464288,-1.23965024122506,3.89473684210526));
#9339=CARTESIAN_POINT('Ctrl Pts',(2.5,-0.413367454419711,3.96491228070175));
#9340=CARTESIAN_POINT('Ctrl Pts',(2.5,-1.83697019872103E-15,4.));
#9341=CARTESIAN_POINT('Origin',(2.,-1.46957615897682E-15,4.));
#9342=CARTESIAN_POINT('Origin',(2.,-1.46957615897682E-15,4.));
#9343=CARTESIAN_POINT('Origin',(2.,0.,0.));
#9344=CARTESIAN_POINT('',(0.,0.,0.));
#9345=CARTESIAN_POINT('',(0.,0.,0.));
#9346=CARTESIAN_POINT('',(70.,0.,10.));
#9347=CARTESIAN_POINT('',(0.,0.,0.));
#9348=CARTESIAN_POINT('',(0.,0.,0.));
#9349=CARTESIAN_POINT('',(0.,0.,0.));
#9350=CARTESIAN_POINT('',(-6.,0.,0.));
#9351=CARTESIAN_POINT('',(1.93041918399149,14.9753964603864,4.15395788370915));
#9352=CARTESIAN_POINT('',(147.5,-8.,103.));
#9353=CARTESIAN_POINT('',(147.5,-32.,103.));
#9354=CARTESIAN_POINT('Origin',(0.,0.,0.));
#9355=UNCERTAINTY_MEASURE_WITH_UNIT(LENGTH_MEASURE(0.01),#9377,
'DISTANCE_ACCURACY_VALUE',
'Maximum model space distance between geometric entities at asserted c
onnectivities');
#9356=UNCERTAINTY_MEASURE_WITH_UNIT(LENGTH_MEASURE(0.01),#9377,
'DISTANCE_ACCURACY_VALUE',
'Maximum model space distance between geometric entities at asserted c
onnectivities');
#9357=UNCERTAINTY_MEASURE_WITH_UNIT(LENGTH_MEASURE(0.01),#9377,
'DISTANCE_ACCURACY_VALUE',
'Maximum model space distance between geometric entities at asserted c
onnectivities');
#9358=UNCERTAINTY_MEASURE_WITH_UNIT(LENGTH_MEASURE(0.01),#9377,
'DISTANCE_ACCURACY_VALUE',
'Maximum model space distance between geometric entities at asserted c
onnectivities');
#9359=UNCERTAINTY_MEASURE_WITH_UNIT(LENGTH_MEASURE(0.01),#9377,
'DISTANCE_ACCURACY_VALUE',
'Maximum model space distance between geometric entities at asserted c
onnectivities');
#9360=UNCERTAINTY_MEASURE_WITH_UNIT(LENGTH_MEASURE(0.01),#9377,
'DISTANCE_ACCURACY_VALUE',
'Maximum model space distance between geometric entities at asserted c
onnectivities');
#9361=UNCERTAINTY_MEASURE_WITH_UNIT(LENGTH_MEASURE(0.01),#9377,
'DISTANCE_ACCURACY_VALUE',
'Maximum model space distance between geometric entities at asserted c
onnectivities');
#9362=UNCERTAINTY_MEASURE_WITH_UNIT(LENGTH_MEASURE(0.01),#9377,
'DISTANCE_ACCURACY_VALUE',
'Maximum model space distance between geometric entities at asserted c
onnectivities');
#9363=UNCERTAINTY_MEASURE_WITH_UNIT(LENGTH_MEASURE(0.01),#9377,
'DISTANCE_ACCURACY_VALUE',
'Maximum model space distance between geometric entities at asserted c
onnectivities');
#9364=UNCERTAINTY_MEASURE_WITH_UNIT(LENGTH_MEASURE(0.01),#9377,
'DISTANCE_ACCURACY_VALUE',
'Maximum model space distance between geometric entities at asserted c
onnectivities');
#9365=UNCERTAINTY_MEASURE_WITH_UNIT(LENGTH_MEASURE(0.01),#9377,
'DISTANCE_ACCURACY_VALUE',
'Maximum model space distance between geometric entities at asserted c
onnectivities');
#9366=(
GEOMETRIC_REPRESENTATION_CONTEXT(3)
GLOBAL_UNCERTAINTY_ASSIGNED_CONTEXT((#9355))
GLOBAL_UNIT_ASSIGNED_CONTEXT((#9377,#9379,#9380))
REPRESENTATION_CONTEXT('','3D')
);
#9367=(
GEOMETRIC_REPRESENTATION_CONTEXT(3)
GLOBAL_UNCERTAINTY_ASSIGNED_CONTEXT((#9356))
GLOBAL_UNIT_ASSIGNED_CONTEXT((#9377,#9379,#9380))
REPRESENTATION_CONTEXT('','3D')
);
#9368=(
GEOMETRIC_REPRESENTATION_CONTEXT(3)
GLOBAL_UNCERTAINTY_ASSIGNED_CONTEXT((#9357))
GLOBAL_UNIT_ASSIGNED_CONTEXT((#9377,#9379,#9380))
REPRESENTATION_CONTEXT('','3D')
);
#9369=(
GEOMETRIC_REPRESENTATION_CONTEXT(3)
GLOBAL_UNCERTAINTY_ASSIGNED_CONTEXT((#9358))
GLOBAL_UNIT_ASSIGNED_CONTEXT((#9377,#9379,#9380))
REPRESENTATION_CONTEXT('','3D')
);
#9370=(
GEOMETRIC_REPRESENTATION_CONTEXT(3)
GLOBAL_UNCERTAINTY_ASSIGNED_CONTEXT((#9359))
GLOBAL_UNIT_ASSIGNED_CONTEXT((#9377,#9379,#9380))
REPRESENTATION_CONTEXT('','3D')
);
#9371=(
GEOMETRIC_REPRESENTATION_CONTEXT(3)
GLOBAL_UNCERTAINTY_ASSIGNED_CONTEXT((#9360))
GLOBAL_UNIT_ASSIGNED_CONTEXT((#9377,#9379,#9380))
REPRESENTATION_CONTEXT('','3D')
);
#9372=(
GEOMETRIC_REPRESENTATION_CONTEXT(3)
GLOBAL_UNCERTAINTY_ASSIGNED_CONTEXT((#9361))
GLOBAL_UNIT_ASSIGNED_CONTEXT((#9377,#9379,#9380))
REPRESENTATION_CONTEXT('','3D')
);
#9373=(
GEOMETRIC_REPRESENTATION_CONTEXT(3)
GLOBAL_UNCERTAINTY_ASSIGNED_CONTEXT((#9362))
GLOBAL_UNIT_ASSIGNED_CONTEXT((#9377,#9379,#9380))
REPRESENTATION_CONTEXT('','3D')
);
#9374=(
GEOMETRIC_REPRESENTATION_CONTEXT(3)
GLOBAL_UNCERTAINTY_ASSIGNED_CONTEXT((#9363))
GLOBAL_UNIT_ASSIGNED_CONTEXT((#9377,#9379,#9380))
REPRESENTATION_CONTEXT('','3D')
);
#9375=(
GEOMETRIC_REPRESENTATION_CONTEXT(3)
GLOBAL_UNCERTAINTY_ASSIGNED_CONTEXT((#9364))
GLOBAL_UNIT_ASSIGNED_CONTEXT((#9377,#9379,#9380))
REPRESENTATION_CONTEXT('','3D')
);
#9376=(
GEOMETRIC_REPRESENTATION_CONTEXT(3)
GLOBAL_UNCERTAINTY_ASSIGNED_CONTEXT((#9365))
GLOBAL_UNIT_ASSIGNED_CONTEXT((#9377,#9379,#9380))
REPRESENTATION_CONTEXT('','3D')
);
#9377=(
LENGTH_UNIT()
NAMED_UNIT(*)
SI_UNIT(.MILLI.,.METRE.)
);
#9378=(
LENGTH_UNIT()
NAMED_UNIT(*)
SI_UNIT($,.METRE.)
);
#9379=(
NAMED_UNIT(*)
PLANE_ANGLE_UNIT()
SI_UNIT($,.RADIAN.)
);
#9380=(
NAMED_UNIT(*)
SI_UNIT($,.STERADIAN.)
SOLID_ANGLE_UNIT()
);
#9381=SHAPE_DEFINITION_REPRESENTATION(#9391,#9411);
#9382=SHAPE_DEFINITION_REPRESENTATION(#9392,#9412);
#9383=SHAPE_DEFINITION_REPRESENTATION(#9393,#9413);
#9384=SHAPE_DEFINITION_REPRESENTATION(#9394,#9414);
#9385=SHAPE_DEFINITION_REPRESENTATION(#9395,#9415);
#9386=SHAPE_DEFINITION_REPRESENTATION(#9396,#9416);
#9387=SHAPE_DEFINITION_REPRESENTATION(#9397,#9417);
#9388=SHAPE_DEFINITION_REPRESENTATION(#9398,#9418);
#9389=SHAPE_DEFINITION_REPRESENTATION(#9399,#9419);
#9390=SHAPE_DEFINITION_REPRESENTATION(#9400,#9420);
#9391=PRODUCT_DEFINITION_SHAPE('',$,#9422);
#9392=PRODUCT_DEFINITION_SHAPE('',$,#9423);
#9393=PRODUCT_DEFINITION_SHAPE('',$,#9424);
#9394=PRODUCT_DEFINITION_SHAPE('',$,#9425);
#9395=PRODUCT_DEFINITION_SHAPE('',$,#9426);
#9396=PRODUCT_DEFINITION_SHAPE('',$,#9427);
#9397=PRODUCT_DEFINITION_SHAPE('',$,#9428);
#9398=PRODUCT_DEFINITION_SHAPE('',$,#9429);
#9399=PRODUCT_DEFINITION_SHAPE('',$,#9430);
#9400=PRODUCT_DEFINITION_SHAPE('',$,#9431);
#9401=PRODUCT_DEFINITION_SHAPE($,$,#44);
#9402=PRODUCT_DEFINITION_SHAPE($,$,#45);
#9403=PRODUCT_DEFINITION_SHAPE($,$,#46);
#9404=PRODUCT_DEFINITION_SHAPE($,$,#47);
#9405=PRODUCT_DEFINITION_SHAPE($,$,#48);
#9406=PRODUCT_DEFINITION_SHAPE($,$,#49);
#9407=PRODUCT_DEFINITION_SHAPE($,$,#50);
#9408=PRODUCT_DEFINITION_SHAPE($,$,#51);
#9409=PRODUCT_DEFINITION_SHAPE($,$,#52);
#9410=PRODUCT_DEFINITION_SHAPE($,$,#53);
#9411=SHAPE_REPRESENTATION('',(#5463,#5871,#5872,#5873,#5874,#5875,#5876,
#5877,#5878,#5879,#5880),#9366);
#9412=SHAPE_REPRESENTATION('',(#5464),#9367);
#9413=SHAPE_REPRESENTATION('',(#5548),#9368);
#9414=SHAPE_REPRESENTATION('',(#5593),#9369);
#9415=SHAPE_REPRESENTATION('',(#5609),#9370);
#9416=SHAPE_REPRESENTATION('',(#5756),#9371);
#9417=SHAPE_REPRESENTATION('',(#5821),#9372);
#9418=SHAPE_REPRESENTATION('',(#5854),#9373);
#9419=SHAPE_REPRESENTATION('',(#5864),#9374);
#9420=SHAPE_REPRESENTATION('',(#5866),#9375);
#9421=PRODUCT_DEFINITION_CONTEXT('part definition',#9453,'design');
#9422=PRODUCT_DEFINITION('Banc_Optique_V2','Banc_Optique_V2 v3',#9432,#9421);
#9423=PRODUCT_DEFINITION('support2laser','support2laser v1',#9433,#9421);
#9424=PRODUCT_DEFINITION('Laser','Laser v1',#9434,#9421);
#9425=PRODUCT_DEFINITION('Moiroirs','Moiroirs',#9435,#9421);
#9426=PRODUCT_DEFINITION('Rail1','Rail1 v2',#9436,#9421);
#9427=PRODUCT_DEFINITION('Support1','Support1',#9437,#9421);
#9428=PRODUCT_DEFINITION('Support3','Support3',#9438,#9421);
#9429=PRODUCT_DEFINITION('visprecise','visprecise',#9439,#9421);
#9430=PRODUCT_DEFINITION('Bille','Bille',#9440,#9421);
#9431=PRODUCT_DEFINITION('ressort1','ressort1',#9441,#9421);
#9432=PRODUCT_DEFINITION_FORMATION('',$,#9455);
#9433=PRODUCT_DEFINITION_FORMATION('',$,#9456);
#9434=PRODUCT_DEFINITION_FORMATION('',$,#9457);
#9435=PRODUCT_DEFINITION_FORMATION('',$,#9458);
#9436=PRODUCT_DEFINITION_FORMATION('',$,#9459);
#9437=PRODUCT_DEFINITION_FORMATION('',$,#9460);
#9438=PRODUCT_DEFINITION_FORMATION('',$,#9461);
#9439=PRODUCT_DEFINITION_FORMATION('',$,#9462);
#9440=PRODUCT_DEFINITION_FORMATION('',$,#9463);
#9441=PRODUCT_DEFINITION_FORMATION('',$,#9464);
#9442=PRODUCT_RELATED_PRODUCT_CATEGORY('Banc_Optique_V2 v3',
'Banc_Optique_V2 v3',(#9455));
#9443=PRODUCT_RELATED_PRODUCT_CATEGORY('support2laser v1',
'support2laser v1',(#9456));
#9444=PRODUCT_RELATED_PRODUCT_CATEGORY('Laser v1','Laser v1',(#9457));
#9445=PRODUCT_RELATED_PRODUCT_CATEGORY('Moiroirs','Moiroirs',(#9458));
#9446=PRODUCT_RELATED_PRODUCT_CATEGORY('Rail1 v2','Rail1 v2',(#9459));
#9447=PRODUCT_RELATED_PRODUCT_CATEGORY('Support1','Support1',(#9460));
#9448=PRODUCT_RELATED_PRODUCT_CATEGORY('Support3','Support3',(#9461));
#9449=PRODUCT_RELATED_PRODUCT_CATEGORY('visprecise','visprecise',(#9462));
#9450=PRODUCT_RELATED_PRODUCT_CATEGORY('Bille','Bille',(#9463));
#9451=PRODUCT_RELATED_PRODUCT_CATEGORY('ressort1','ressort1',(#9464));
#9452=APPLICATION_PROTOCOL_DEFINITION('international standard',
'automotive_design',2009,#9453);
#9453=APPLICATION_CONTEXT(
'Core Data for Automotive Mechanical Design Process');
#9454=PRODUCT_CONTEXT('part definition',#9453,'mechanical');
#9455=PRODUCT('Banc_Optique_V2','Banc_Optique_V2 v3',$,(#9454));
#9456=PRODUCT('support2laser','support2laser v1',$,(#9454));
#9457=PRODUCT('Laser','Laser v1',$,(#9454));
#9458=PRODUCT('Moiroirs','Moiroirs',$,(#9454));
#9459=PRODUCT('Rail1','Rail1 v2',$,(#9454));
#9460=PRODUCT('Support1','Support1',$,(#9454));
#9461=PRODUCT('Support3','Support3',$,(#9454));
#9462=PRODUCT('visprecise','visprecise',$,(#9454));
#9463=PRODUCT('Bille','Bille',$,(#9454));
#9464=PRODUCT('ressort1','ressort1',$,(#9454));
#9465=PRESENTATION_STYLE_ASSIGNMENT((#9472));
#9466=PRESENTATION_STYLE_ASSIGNMENT((#9473));
#9467=PRESENTATION_STYLE_ASSIGNMENT((#9474));
#9468=PRESENTATION_STYLE_ASSIGNMENT((#9475));
#9469=PRESENTATION_STYLE_ASSIGNMENT((#9476));
#9470=PRESENTATION_STYLE_ASSIGNMENT((#9477));
#9471=PRESENTATION_STYLE_ASSIGNMENT((NULL_STYLE(.NULL.)));
#9472=SURFACE_STYLE_USAGE(.BOTH.,#9478);
#9473=SURFACE_STYLE_USAGE(.BOTH.,#9479);
#9474=SURFACE_STYLE_USAGE(.BOTH.,#9480);
#9475=SURFACE_STYLE_USAGE(.BOTH.,#9481);
#9476=SURFACE_STYLE_USAGE(.BOTH.,#9482);
#9477=SURFACE_STYLE_USAGE(.BOTH.,#9483);
#9478=SURFACE_SIDE_STYLE('',(#9484));
#9479=SURFACE_SIDE_STYLE('',(#9485));
#9480=SURFACE_SIDE_STYLE('',(#9486));
#9481=SURFACE_SIDE_STYLE('',(#9487));
#9482=SURFACE_SIDE_STYLE('',(#9488));
#9483=SURFACE_SIDE_STYLE('',(#9489));
#9484=SURFACE_STYLE_FILL_AREA(#9490);
#9485=SURFACE_STYLE_FILL_AREA(#9491);
#9486=SURFACE_STYLE_FILL_AREA(#9492);
#9487=SURFACE_STYLE_FILL_AREA(#9493);
#9488=SURFACE_STYLE_FILL_AREA(#9494);
#9489=SURFACE_STYLE_FILL_AREA(#9495);
#9490=FILL_AREA_STYLE('Acier - Satin\X\E9',(#9496));
#9491=FILL_AREA_STYLE(
'PA 12 - Nylon - PA 603-CF (avec imprimantes 3D EOS P)',(#9497));
#9492=FILL_AREA_STYLE('EPX 82 (avec imprimantes 3D Carbon L1 M2 M3)',(#9498));
#9493=FILL_AREA_STYLE('Miroir',(#9499));
#9494=FILL_AREA_STYLE('Nylon 6-6 (blanc)',(#9500));
#9495=FILL_AREA_STYLE('EPX 86FR (avec imprimantes 3D Carbon L1 M2 M3)',
(#9501));
#9496=FILL_AREA_STYLE_COLOUR('Acier - Satin\X\E9',#9502);
#9497=FILL_AREA_STYLE_COLOUR(
'PA 12 - Nylon - PA 603-CF (avec imprimantes 3D EOS P)',#9503);
#9498=FILL_AREA_STYLE_COLOUR(
'EPX 82 (avec imprimantes 3D Carbon L1 M2 M3)',#9504);
#9499=FILL_AREA_STYLE_COLOUR('Miroir',#9505);
#9500=FILL_AREA_STYLE_COLOUR('Nylon 6-6 (blanc)',#9506);
#9501=FILL_AREA_STYLE_COLOUR(
'EPX 86FR (avec imprimantes 3D Carbon L1 M2 M3)',#9507);
#9502=COLOUR_RGB('Acier - Satin\X\E9',0.627450980392157,0.627450980392157,
0.627450980392157);
#9503=COLOUR_RGB(
'PA 12 - Nylon - PA 603-CF (avec imprimantes 3D EOS P)',0.247058823529412,
0.247058823529412,0.247058823529412);
#9504=COLOUR_RGB('EPX 82 (avec imprimantes 3D Carbon L1 M2 M3)',0.247058823529412,
0.247058823529412,0.247058823529412);
#9505=COLOUR_RGB('Miroir',0.96078431372549,0.96078431372549,0.964705882352941);
#9506=COLOUR_RGB('Nylon 6-6 (blanc)',0.972549019607843,0.968627450980392,
0.929411764705882);
#9507=COLOUR_RGB('EPX 86FR (avec imprimantes 3D Carbon L1 M2 M3)',0.247058823529412,
0.247058823529412,0.247058823529412);
ENDSEC;
END-ISO-10303-21;
